id;data_inversa;dia_semana;horario;uf;br;km;municipio;causa_acidente;tipo_acidente;classificacao_acidente;fase_dia
1229121;2013-01-01;Terca;16:30:00;RJ;101;307.0;SAO GONCALO;Outras;Colisao traseira;Sem Vitimas;Pleno dia
1229325;2013-01-02;Quarta;01:20:00;RJ;101;330.0;RIO DE JANEIRO;Defeito mecanico em veiculo;Colisao traseira;Sem Vitimas;Plena noite
1229378;2013-01-02;Quarta;07:00:00;RJ;101;317.0;SAO GONCALO;Outras;Colisao traseira;Sem Vitimas;Pleno dia
1229454;2013-01-02;Quarta;08:00:00;RJ;101;313.0;SAO GONCALO;Outras;Colisao traseira;Sem Vitimas;Pleno dia
1229621;2013-01-02;Quarta;08:38:00;RJ;101;316.0;SAO GONCALO;Outras;Colisao traseira;Sem Vitimas;Pleno dia
1229630;2013-01-02;Quarta;07:18:00;RJ;101;319.0;SAO GONCALO;Falta de atencao;Colisao lateral;Sem Vitimas;Pleno dia
1229675;2013-01-02;Quarta;12:20:00;RJ;101;310.0;SAO GONCALO;Falta de atencao;Colisao traseira;Sem Vitimas;Pleno dia
1229701;2013-01-02;Quarta;10:50:00;RJ;101;316.0;SAO GONCALO;Outras;Colisao traseira;Sem Vitimas;Pleno dia
1229744;2013-01-02;Quarta;16:10:00;RJ;101;304.0;SAO GONCALO;Outras;Colisao lateral;Sem Vitimas;Pleno dia
1229760;2013-01-02;Quarta;18:00:00;RJ;101;315.0;SAO GONCALO;Outras;Colisao traseira;Sem Vitimas;Pleno dia
1229822;2013-01-02;Quarta;19:15:00;RJ;101;320.0;NITEROI;Outras;Colisao traseira;Sem Vitimas;Anoitecer
1229961;2013-01-03;Quinta;04:00:00;RJ;101;315.0;SAO GONCALO;Dormindo;Saida de Pista;Sem Vitimas;Plena noite
1230000;2013-01-03;Quinta;07:13:00;RJ;101;324.0;NITEROI;Outras;Colisao traseira;Sem Vitimas;Pleno dia
1230043;2013-01-03;Quinta;08:50:00;RJ;101;334.0;RIO DE JANEIRO;Outras;Colisao traseira;Sem Vitimas;Pleno dia
1230062;2013-01-03;Quinta;08:30:00;RJ;101;314.0;SAO GONCALO;Outras;Colisao lateral;Sem Vitimas;Pleno dia
1230133;2013-01-03;Quinta;11:00:00;RJ;101;317.0;SAO GONCALO;Outras;Colisao traseira;Sem Vitimas;Pleno dia
1230146;2013-01-03;Quinta;12:51:00;RJ;101;334.0;RIO DE JANEIRO;Outras;Colisao traseira;Sem Vitimas;Pleno dia
1230157;2013-01-03;Quinta;13:10:00;RJ;101;333.0;RIO DE JANEIRO;Outras;Colisao traseira;Sem Vitimas;Pleno dia
1230183;2013-01-03;Quinta;14:28:00;RJ;101;322.0;NITEROI;Outras;Colisao lateral;Sem Vitimas;Pleno dia
1230229;2013-01-03;Quinta;15:45:00;RJ;101;333.0;RIO DE JANEIRO;Outras;Colisao traseira;Sem Vitimas;Pleno dia
1230386;2013-01-03;Quinta;20:25:00;RJ;101;324.0;NITEROI;Outras;Colisao traseira;Sem Vitimas;Plena noite
1230420;2013-01-03;Quinta;22:17:00;RJ;101;334.0;RIO DE JANEIRO;Outras;Colisao com objeto fixo;Sem Vitimas;Plena noite
1230453;2013-01-03;Quinta;23:40:00;RJ;101;334.0;RIO DE JANEIRO;Falta de atencao;Colisao traseira;Sem Vitimas;Plena noite
1230748;2013-01-04;Sexta;14:45:00;RJ;101;320.0;NITEROI;Outras;Colisao traseira;Sem Vitimas;Pleno dia
1230765;2013-01-04;Sexta;16:00:00;RJ;101;313.0;SAO GONCALO;Outras;Colisao traseira;Sem Vitimas;Pleno dia
1230812;2013-01-04;Sexta;10:30:00;RJ;101;319.0;SAO GONCALO;Outras;Saida de Pista;Com Vitimas Feridas;Pleno dia
1230830;2013-01-04;Sexta;18:55:00;RJ;101;322.0;NITEROI;Outras;Colisao lateral;Sem Vitimas;Pleno dia
1230831;2013-01-04;Sexta;14:25:00;RJ;101;310.0;SAO GONCALO;Outras;Colisao traseira;Sem Vitimas;Pleno dia
1230913;2013-01-04;Sexta;20:50:00;RJ;101;327.0;RIO DE JANEIRO;Outras;Colisao traseira;Sem Vitimas;Plena noite
1231150;2013-01-05;Sabado;10:40:00;RJ;101;322.0;NITEROI;Falta de atencao;Colisao traseira;Sem Vitimas;Pleno dia
1231297;2013-01-05;Sabado;17:00:00;RJ;101;320.0;NITEROI;Outras;Colisao traseira;Sem Vitimas;Pleno dia
1231338;2013-01-05;Sabado;18:12:00;RJ;101;322.2;NITEROI;Falta de atencao;Colisao traseira;Sem Vitimas;Pleno dia
1231347;2013-01-05;Sabado;16:50:00;RJ;101;320.0;NITEROI;Falta de atencao;Colisao traseira;Sem Vitimas;Pleno dia
1231512;2013-01-02;Quarta;17:20:00;RJ;101;322.0;NITEROI;Nao guardar distancia de seguranca;Colisao traseira;Sem Vitimas;Pleno dia
1231522;2013-01-02;Quarta;20:00:00;RJ;101;322.0;NITEROI;Outras;Colisao traseira;Sem Vitimas;Plena noite
1231661;2013-01-06;Domingo;20:40:00;RJ;101;312.0;SAO GONCALO;Falta de atencao;Capotamento;Com Vitimas Feridas;Plena noite
1231797;2013-01-07;Segunda;06:22:00;RJ;101;334.0;RIO DE JANEIRO;Outras;Colisao lateral;Sem Vitimas;Pleno dia
1231801;2013-01-03;Quinta;23:00:00;RJ;101;324.0;NITEROI;Outras;Colisao traseira;Sem Vitimas;Plena noite
1231863;2013-01-07;Segunda;08:50:00;RJ;101;319.0;NITEROI;Outras;Colisao lateral;Sem Vitimas;Pleno dia
1231969;2013-01-03;Quinta;08:40:00;RJ;101;314.0;SAO GONCALO;Falta de atencao;Colisao lateral;Sem Vitimas;Pleno dia
1231988;2013-01-07;Segunda;12:20:00;RJ;101;303.0;SAO GONCALO;Outras;Tombamento;Sem Vitimas;Pleno dia
1232020;2013-01-07;Segunda;14:30:00;RJ;101;302.0;SAO GONCALO;Outras;Colisao traseira;Sem Vitimas;Pleno dia
1232192;2013-01-07;Segunda;15:45:00;RJ;101;314.0;SAO GONCALO;Outras;Atropelamento de pessoa;Com Vitimas Fatais;Pleno dia
1232193;2013-01-07;Segunda;20:40:00;RJ;101;322.0;NITEROI;Outras;Colisao traseira;Sem Vitimas;Plena noite
1232353;2013-01-08;Terca;07:10:00;RJ;101;320.0;NITEROI;Outras;Colisao lateral;Sem Vitimas;Pleno dia
1232382;2013-01-08;Terca;07:40:00;RJ;101;316.0;SAO GONCALO;Outras;Colisao lateral;Sem Vitimas;Pleno dia
1232438;2013-01-08;Terca;10:00:00;RJ;101;307.0;SAO GONCALO;Outras;Colisao traseira;Sem Vitimas;Pleno dia
1232440;2013-01-08;Terca;10:30:00;RJ;101;309.0;SAO GONCALO;Outras;Colisao lateral;Sem Vitimas;Pleno dia
1232896;2013-01-09;Quarta;16:35:00;RJ;101;329.0;RIO DE JANEIRO;Falta de atencao;Colisao traseira;Com Vitimas Feridas;Pleno dia
1232960;2013-01-09;Quarta;17:30:00;RJ;101;322.0;NITEROI;Nao guardar distancia de seguranca;Colisao traseira;Sem Vitimas;Pleno dia
1233080;2013-01-09;Quarta;22:00:00;RJ;101;308.0;SAO GONCALO;Outras;Colisao traseira;Sem Vitimas;Plena noite
1233180;2013-01-06;Domingo;14:00:00;RJ;101;310.0;SAO GONCALO;Falta de atencao;Colisao traseira;Sem Vitimas;Pleno dia
1233369;2013-01-10;Quinta;11:30:00;RJ;101;312.0;SAO GONCALO;Outras;Colisao traseira;Sem Vitimas;Pleno dia
1233478;2013-01-10;Quinta;15:00:00;RJ;101;302.0;SAO GONCALO;Outras;Colisao lateral;Sem Vitimas;Pleno dia
1233538;2013-01-10;Quinta;17:35:00;RJ;101;321.0;NITEROI;Falta de atencao;Colisao traseira;Sem Vitimas;Anoitecer
1233663;2013-01-10;Quinta;18:30:00;RJ;101;322.0;NITEROI;Outras;Colisao com objeto fixo;Sem Vitimas;Plena noite
1233935;2013-01-11;Sexta;09:40:00;RJ;101;322.0;NITEROI;Outras;Colisao com objeto fixo;Sem Vitimas;Pleno dia
1234468;2013-01-08;Terca;16:30:00;RJ;101;321.0;NITEROI;Falta de atencao;Colisao lateral;Sem Vitimas;Pleno dia
1234470;2013-01-08;Terca;18:55:00;RJ;101;322.0;NITEROI;Nao guardar distancia de seguranca;Colisao traseira;Sem Vitimas;Pleno dia
1234472;2013-01-08;Terca;19:30:00;RJ;101;319.0;NITEROI;Outras;Colisao traseira;Sem Vitimas;Anoitecer
1234588;2013-01-12;Sabado;07:35:00;RJ;101;310.0;SAO GONCALO;Ingestao de alcool;Saida de Pista;Sem Vitimas;Pleno dia
1234607;2013-01-08;Terca;18:00:00;RJ;101;314.0;SAO GONCALO;Outras;Colisao lateral;Sem Vitimas;Pleno dia
1234779;2013-01-08;Terca;06:10:00;RJ;101;332.0;RIO DE JANEIRO;Outras;Colisao traseira;Com Vitimas Feridas;Pleno dia
1234820;2013-01-08;Terca;17:30:00;RJ;101;330.0;RIO DE JANEIRO;Outras;Colisao com objeto fixo;Sem Vitimas;Pleno dia
1234835;2013-01-08;Terca;17:00:00;RJ;101;330.0;RIO DE JANEIRO;Outras;Colisao traseira;Sem Vitimas;Pleno dia
1234861;2013-01-08;Terca;18:55:00;RJ;101;322.0;NITEROI;Outras;Colisao lateral;Sem Vitimas;Pleno dia
1234971;2013-01-08;Terca;18:00:00;RJ;101;314.0;SAO GONCALO;Falta de atencao;Colisao traseira;Sem Vitimas;Pleno dia
1235069;2013-01-09;Quarta;17:50:00;RJ;101;322.0;NITEROI;Falta de atencao;Colisao com objeto movel;Sem Vitimas;Pleno dia
1235073;2013-01-13;Domingo;06:45:00;RJ;101;329.0;RIO DE JANEIRO;Dormindo;Capotamento;Com Vitimas Feridas;Amanhecer
1235153;2013-01-13;Domingo;10:20:00;RJ;101;320.0;NITEROI;Outras;Saida de Pista;Sem Vitimas;Pleno dia
1235190;2013-01-13;Domingo;10:00:00;RJ;101;306.0;SAO GONCALO;Defeito mecanico em veiculo;Colisao traseira;Com Vitimas Feridas;Pleno dia
1235286;2013-01-13;Domingo;16:10:00;RJ;101;330.0;NITEROI;Falta de atencao;Colisao traseira;Sem Vitimas;Pleno dia
1235474;2013-01-13;Domingo;15:30:00;RJ;101;330.0;RIO DE JANEIRO;Falta de atencao;Colisao traseira;Com Vitimas Feridas;Pleno dia
1235601;2013-01-11;Sexta;04:00:00;RJ;101;321.0;NITEROI;Outras;Saida de Pista;Com Vitimas Feridas;Plena noite
1235646;2013-01-14;Segunda;05:50:00;RJ;101;321.0;NITEROI;Falta de atencao;Colisao traseira;Sem Vitimas;Amanhecer
1235749;2013-01-10;Quinta;22:50:00;RJ;101;320.0;RIO DE JANEIRO;Outras;Colisao Transversal;Sem Vitimas;Plena noite
1236241;2013-01-15;Terca;06:00:00;RJ;101;320.0;NITEROI;Outras;Colisao lateral;Com Vitimas Feridas;Amanhecer
1236332;2013-01-15;Terca;12:26:00;RJ;101;333.0;RIO DE JANEIRO;Outras;Colisao com objeto fixo;Com Vitimas Feridas;Pleno dia
1236404;2013-01-15;Terca;09:30:00;RJ;101;309.0;SAO GONCALO;Falta de atencao;Colisao traseira;Com Vitimas Feridas;Pleno dia
1236579;2013-01-15;Terca;20:30:00;RJ;101;319.0;SAO GONCALO;Outras;Colisao traseira;Sem Vitimas;Plena noite
1236711;2013-01-16;Quarta;06:00:00;RJ;101;311.0;SAO GONCALO;Outras;Colisao traseira;Sem Vitimas;Pleno dia
1236862;2013-01-14;Segunda;16:00:00;RJ;101;322.0;NITEROI;Falta de atencao;Colisao lateral;Sem Vitimas;Pleno dia
1236872;2013-01-10;Quinta;05:30:00;RJ;101;324.4;NITEROI;Falta de atencao;Colisao traseira;Sem Vitimas;Amanhecer
1236905;2013-01-16;Quarta;15:07:00;RJ;101;330.0;RIO DE JANEIRO;Nao guardar distancia de seguranca;Colisao lateral;Sem Vitimas;Pleno dia
1237099;2013-01-16;Quarta;20:30:00;RJ;101;322.0;NITEROI;Outras;Colisao traseira;Sem Vitimas;Plena noite
1237201;2013-01-16;Quarta;23:00:00;RJ;101;329.0;RIO DE JANEIRO;Defeito mecanico em veiculo;Colisao traseira;Com Vitimas Feridas;Plena noite
1237509;2013-01-17;Quinta;15:00:00;RJ;101;318.0;SAO GONCALO;Outras;Queda de motocicleta / bicicleta / veiculo;Com Vitimas Feridas;Pleno dia
1237589;2013-01-17;Quinta;17:40:00;RJ;101;322.0;NITEROI;Nao guardar distancia de seguranca;Colisao lateral;Sem Vitimas;Anoitecer
1237623;2013-01-17;Quinta;17:25:00;RJ;101;330.0;RIO DE JANEIRO;Outras;Colisao traseira;Sem Vitimas;Pleno dia
1237681;2013-01-17;Quinta;18:20:00;RJ;101;319.0;SAO GONCALO;Nao guardar distancia de seguranca;Colisao traseira;Sem Vitimas;Pleno dia
1237827;2013-01-18;Sexta;01:00:00;RJ;101;313.0;SAO GONCALO;Outras;Saida de Pista;Sem Vitimas;Plena noite
1237851;2013-01-18;Sexta;04:40:00;RJ;101;307.0;SAO GONCALO;Outras;Colisao traseira;Sem Vitimas;Plena noite
1237942;2013-01-14;Segunda;20:00:00;RJ;101;322.0;NITEROI;Falta de atencao;Colisao lateral;Sem Vitimas;Plena noite
1238041;2013-01-18;Sexta;10:45:00;RJ;101;300.0;SAO GONCALO;Falta de atencao;Atropelamento de pessoa;Com Vitimas Feridas;Pleno dia
1238104;2013-01-18;Sexta;14:50:00;RJ;101;305.0;SAO GONCALO;Falta de atencao;Colisao traseira;Sem Vitimas;Pleno dia
1238318;2013-01-18;Sexta;17:00:00;RJ;101;330.0;RIO DE JANEIRO;Falta de atencao;Colisao traseira;Sem Vitimas;Pleno dia
1238339;2013-01-18;Sexta;20:30:00;RJ;101;322.0;NITEROI;Outras;Colisao lateral;Sem Vitimas;Plena noite
1238593;2013-01-15;Terca;23:32:00;RJ;101;308.0;SAO GONCALO;Outras;Saida de Pista;Sem Vitimas;Plena noite
1238610;2013-01-19;Sabado;11:00:00;RJ;101;320.0;SAO GONCALO;Outras;Colisao lateral;Sem Vitimas;Pleno dia
1238665;2013-01-19;Sabado;12:12:00;RJ;101;305.0;SAO GONCALO;Falta de atencao;Atropelamento de pessoa;Com Vitimas Feridas;Pleno dia
1238771;2013-01-19;Sabado;16:30:00;RJ;101;302.0;SAO GONCALO;Outras;Colisao traseira;Sem Vitimas;Pleno dia
1238849;2013-01-13;Domingo;14:20:00;RJ;101;330.0;RIO DE JANEIRO;Falta de atencao;Capotamento;Com Vitimas Feridas;Pleno dia
1239039;2013-01-20;Domingo;09:00:00;RJ;101;309.0;SAO GONCALO;Outras;Colisao traseira;Sem Vitimas;Pleno dia
1239333;2013-01-20;Domingo;16:30:00;RJ;101;313.0;SAO GONCALO;Falta de atencao;Colisao traseira;Sem Vitimas;Pleno dia
1239395;2013-01-21;Segunda;00:25:00;RJ;101;308.0;SAO GONCALO;Outras;Colisao com bicicleta;Com Vitimas Feridas;Plena noite
1239456;2013-01-18;Sexta;04:30:00;RJ;101;307.0;SAO GONCALO;Dormindo;Colisao traseira;Com Vitimas Feridas;Plena noite
1239477;2013-01-14;Segunda;11:20:00;RJ;101;322.0;NITEROI;Nao guardar distancia de seguranca;Colisao traseira;Sem Vitimas;Pleno dia
1239848;2013-01-21;Segunda;18:52:00;RJ;101;333.0;RIO DE JANEIRO;Falta de atencao;Colisao lateral;Sem Vitimas;Anoitecer
1239866;2013-01-21;Segunda;19:30:00;RJ;101;322.0;NITEROI;Falta de atencao;Colisao com objeto fixo;Sem Vitimas;Plena noite
1240095;2013-01-18;Sexta;14:00:00;RJ;101;323.0;NITEROI;Outras;Colisao traseira;Sem Vitimas;Pleno dia
1240289;2013-01-14;Segunda;02:10:00;RJ;101;311.0;SAO GONCALO;Ingestao de alcool;Atropelamento de pessoa;Com Vitimas Fatais;Plena noite
1240513;2013-01-19;Sabado;10:10:00;RJ;101;332.0;RIO DE JANEIRO;Outras;Queda de motocicleta / bicicleta / veiculo;Com Vitimas Feridas;Pleno dia
1240604;2013-01-23;Quarta;06:50:00;RJ;101;322.0;NITEROI;Outras;Colisao lateral;Sem Vitimas;Pleno dia
1240617;2013-01-23;Quarta;06:55:00;RJ;101;323.0;NITEROI;Outras;Colisao traseira;Sem Vitimas;Pleno dia
1240634;2013-01-23;Quarta;07:50:00;RJ;101;328.0;RIO DE JANEIRO;Outras;Colisao lateral;Sem Vitimas;Pleno dia
1240649;2013-01-23;Quarta;08:46:00;RJ;101;330.0;RIO DE JANEIRO;Nao guardar distancia de seguranca;Colisao traseira;Sem Vitimas;Pleno dia
1240689;2013-01-23;Quarta;10:40:00;RJ;101;320.0;NITEROI;Outras;Colisao traseira;Sem Vitimas;Pleno dia
1240867;2013-01-23;Quarta;17:40:00;RJ;101;317.0;SAO GONCALO;Outras;Colisao traseira;Sem Vitimas;Pleno dia
1240944;2013-01-23;Quarta;19:30:00;RJ;101;326.0;NITEROI;Nao guardar distancia de seguranca;Colisao lateral;Sem Vitimas;Anoitecer
1241144;2013-01-24;Quinta;10:00:00;RJ;101;319.0;NITEROI;Outras;Colisao traseira;Sem Vitimas;Pleno dia
1241333;2013-01-24;Quinta;17:50:00;RJ;101;312.0;SAO GONCALO;Outras;Colisao traseira;Sem Vitimas;Pleno dia
1241399;2013-01-24;Quinta;19:15:00;RJ;101;319.0;SAO GONCALO;Falta de atencao;Colisao lateral;Sem Vitimas;Anoitecer
1241475;2013-01-08;Terca;10:30:00;RJ;101;324.0;NITEROI;Falta de atencao;Queda de motocicleta / bicicleta / veiculo;Sem Vitimas;Pleno dia
1241799;2013-01-25;Sexta;15:15:00;RJ;101;316.0;SAO GONCALO;Outras;Colisao lateral;Sem Vitimas;Pleno dia
1241883;2013-01-25;Sexta;17:45:00;RJ;101;308.0;SAO GONCALO;Nao guardar distancia de seguranca;Colisao traseira;Sem Vitimas;Pleno dia
1241919;2013-01-23;Quarta;11:20:00;RJ;101;322.0;NITEROI;Falta de atencao;Colisao lateral;Sem Vitimas;Pleno dia
1242008;2013-01-25;Sexta;20:30:00;RJ;101;334.0;RIO DE JANEIRO;Falta de atencao;Colisao lateral;Sem Vitimas;Plena noite
1242021;2013-01-23;Quarta;18:20:00;RJ;101;321.0;NITEROI;Falta de atencao;Colisao traseira;Sem Vitimas;Pleno dia
1242084;2013-01-26;Sabado;01:00:00;RJ;101;307.0;SAO GONCALO;Outras;Colisao com bicicleta;Com Vitimas Feridas;Plena noite
1242171;2013-01-22;Terca;20:00:00;RJ;101;330.0;RIO DE JANEIRO;Outras;Colisao com objeto movel;Sem Vitimas;Plena noite
1242319;2013-01-26;Sabado;08:00:00;RJ;101;326.0;NITEROI;Falta de atencao;Colisao lateral;Sem Vitimas;Pleno dia
1242437;2013-01-26;Sabado;14:50:00;RJ;101;322.0;NITEROI;Falta de atencao;Colisao traseira;Sem Vitimas;Pleno dia
1242527;2013-01-26;Sabado;20:00:00;RJ;101;323.0;NITEROI;Nao guardar distancia de seguranca;Colisao traseira;Sem Vitimas;Plena noite
1242563;2013-01-26;Sabado;13:00:00;RJ;101;304.0;SAO GONCALO;Ingestao de alcool;Colisao traseira;Sem Vitimas;Pleno dia
1242620;2013-01-27;Domingo;01:00:00;RJ;101;330.0;RIO DE JANEIRO;Outras;Colisao com objeto fixo;Sem Vitimas;Plena noite
1242734;2013-01-24;Quinta;00:30:00;RJ;101;306.0;SAO GONCALO;Outras;Queda de motocicleta / bicicleta / veiculo;Com Vitimas Feridas;Plena noite
1242844;2013-01-25;Sexta;23:00:00;RJ;101;301.0;SAO GONCALO;Animais na Pista;Atropelamento de animal;Com Vitimas Feridas;Plena noite
1243040;2013-01-27;Domingo;21:40:00;RJ;101;318.0;SAO GONCALO;Outras;Colisao frontal;Sem Vitimas;Plena noite
1243763;2013-01-29;Terca;08:55:00;RJ;101;331.0;RIO DE JANEIRO;Nao guardar distancia de seguranca;Colisao lateral;Sem Vitimas;Pleno dia
1243782;2013-01-26;Sabado;11:30:00;RJ;101;334.0;RIO DE JANEIRO;Dormindo;Colisao lateral;Sem Vitimas;Pleno dia
1244004;2013-01-29;Terca;17:52:00;RJ;101;321.0;NITEROI;Outras;Colisao traseira;Sem Vitimas;Pleno dia
1244053;2013-01-29;Terca;19:00:00;RJ;101;318.0;SAO GONCALO;Nao guardar distancia de seguranca;Colisao traseira;Sem Vitimas;Anoitecer
1244126;2013-01-29;Terca;21:00:00;RJ;101;319.0;SAO GONCALO;Outras;Colisao traseira;Sem Vitimas;Plena noite
1244147;2013-01-29;Terca;22:00:00;RJ;101;317.0;SAO GONCALO;Nao guardar distancia de seguranca;Colisao traseira;Sem Vitimas;Plena noite
1244431;2013-01-30;Quarta;12:55:00;RJ;101;301.0;SAO GONCALO;Outras;Colisao traseira;Sem Vitimas;Pleno dia
1244512;2013-01-30;Quarta;15:15:00;RJ;101;334.0;RIO DE JANEIRO;Outras;Colisao frontal;Sem Vitimas;Pleno dia
1244659;2013-01-30;Quarta;08:10:00;RJ;101;320.0;NITEROI;Falta de atencao;Colisao traseira;Sem Vitimas;Pleno dia
1244738;2013-01-25;Sexta;08:00:00;RJ;101;303.0;SAO GONCALO;Nao guardar distancia de seguranca;Colisao traseira;Sem Vitimas;Pleno dia
1244745;2013-01-25;Sexta;11:00:00;RJ;101;301.0;SAO GONCALO;Outras;Colisao traseira;Sem Vitimas;Pleno dia
1244766;2013-01-27;Domingo;21:30:00;RJ;101;316.0;SAO GONCALO;Outras;Capotamento;Sem Vitimas;Plena noite
1244893;2013-01-31;Quinta;12:15:00;RJ;101;320.0;NITEROI;Outras;Colisao traseira;Sem Vitimas;Pleno dia
1245130;2013-01-31;Quinta;21:30:00;RJ;101;334.0;RIO DE JANEIRO;Outras;Colisao traseira;Sem Vitimas;Plena noite
1245454;2013-02-01;Sexta;12:25:00;RJ;101;303.0;SAO GONCALO;Outras;Colisao lateral;Com Vitimas Feridas;Pleno dia
1245460;2013-02-01;Sexta;15:00:00;RJ;101;333.0;RIO DE JANEIRO;Outras;Colisao traseira;Sem Vitimas;Pleno dia
1245584;2013-02-01;Sexta;20:30:00;RJ;101;324.0;NITEROI;Outras;Colisao traseira;Sem Vitimas;Plena noite
1245595;2013-02-01;Sexta;16:05:00;RJ;101;322.0;NITEROI;Outras;Colisao traseira;Sem Vitimas;Pleno dia
1245650;2013-02-01;Sexta;22:30:00;RJ;101;334.0;RIO DE JANEIRO;Outras;Colisao traseira;Sem Vitimas;Plena noite
1245913;2013-02-02;Sabado;15:25:00;RJ;101;321.0;NITEROI;Nao guardar distancia de seguranca;Colisao traseira;Sem Vitimas;Pleno dia
1245947;2013-02-02;Sabado;16:30:00;RJ;101;321.0;NITEROI;Outras;Colisao traseira;Sem Vitimas;Pleno dia
1245957;2013-02-02;Sabado;13:05:00;RJ;101;334.0;RIO DE JANEIRO;Outras;Queda de motocicleta / bicicleta / veiculo;Com Vitimas Feridas;Pleno dia
1246002;2013-02-02;Sabado;15:40:00;RJ;101;327.0;NITEROI;Nao guardar distancia de seguranca;Colisao traseira;Com Vitimas Feridas;Pleno dia
1246009;2013-02-02;Sabado;18:10:00;RJ;101;333.0;RIO DE JANEIRO;Falta de atencao;Colisao traseira;Sem Vitimas;Pleno dia
1246025;2013-02-02;Sabado;19:50:00;RJ;101;313.0;SAO GONCALO;Ingestao de alcool;Colisao traseira;Sem Vitimas;Plena noite
1246153;2013-01-30;Quarta;07:20:00;RJ;101;329.0;NITEROI;Falta de atencao;Colisao traseira;Sem Vitimas;Pleno dia
1246173;2013-01-30;Quarta;10:15:00;RJ;101;322.0;NITEROI;Outras;Queda de motocicleta / bicicleta / veiculo;Com Vitimas Feridas;Pleno dia
1246230;2013-02-04;Segunda;06:00:00;RJ;101;317.0;SAO GONCALO;Outras;Colisao traseira;Sem Vitimas;Amanhecer
1246356;2013-02-04;Segunda;10:55:00;RJ;101;312.0;SAO GONCALO;Outras;Colisao traseira;Sem Vitimas;Pleno dia
1246399;2013-01-30;Quarta;12:50:00;RJ;101;300.0;SAO GONCALO;Outras;Colisao traseira;Sem Vitimas;Pleno dia
1246626;2013-02-04;Segunda;17:30:00;RJ;101;319.0;SAO GONCALO;Outras;Colisao traseira;Sem Vitimas;Pleno dia
1246669;2013-02-04;Segunda;19:20:00;RJ;101;322.0;NITEROI;Outras;Colisao lateral;Sem Vitimas;Anoitecer
1246795;2013-02-04;Segunda;21:40:00;RJ;101;322.0;NITEROI;Falta de atencao;Colisao lateral;Sem Vitimas;Plena noite
1246935;2013-02-05;Terca;07:50:00;RJ;101;318.0;SAO GONCALO;Outras;Colisao traseira;Sem Vitimas;Pleno dia
1247009;2013-02-05;Terca;07:40:00;RJ;101;319.9;SAO GONCALO;Dormindo;Capotamento;Com Vitimas Feridas;Pleno dia
1247354;2013-02-05;Terca;18:10:00;RJ;101;313.0;SAO GONCALO;Outras;Colisao lateral;Sem Vitimas;Pleno dia
1247671;2013-02-06;Quarta;10:30:00;RJ;101;319.0;SAO GONCALO;Outras;Colisao traseira;Sem Vitimas;Pleno dia
1247676;2013-02-06;Quarta;10:55:00;RJ;101;312.0;SAO GONCALO;Outras;Colisao com objeto fixo;Com Vitimas Feridas;Pleno dia
1247762;2013-02-06;Quarta;14:00:00;RJ;101;321.0;NITEROI;Nao guardar distancia de seguranca;Colisao lateral;Sem Vitimas;Pleno dia
1247823;2013-02-06;Quarta;14:55:00;RJ;101;321.0;NITEROI;Falta de atencao;Colisao traseira;Sem Vitimas;Pleno dia
1247857;2013-02-06;Quarta;15:00:00;RJ;101;332.0;NITEROI;Falta de atencao;Colisao lateral;Sem Vitimas;Pleno dia
1247864;2013-02-06;Quarta;16:10:00;RJ;101;334.0;RIO DE JANEIRO;Falta de atencao;Colisao lateral;Sem Vitimas;Pleno dia
1247907;2013-02-06;Quarta;17:30:00;RJ;101;322.0;NITEROI;Falta de atencao;Colisao traseira;Sem Vitimas;Pleno dia
1248108;2013-02-07;Quinta;02:38:00;RJ;101;322.0;RIO DE JANEIRO;Outras;Colisao lateral;Sem Vitimas;Plena noite
1248160;2013-02-03;Domingo;16:00:00;RJ;101;303.0;SAO GONCALO;Nao guardar distancia de seguranca;Colisao traseira;Sem Vitimas;Pleno dia
1248172;2013-02-03;Domingo;21:15:00;RJ;101;320.0;NITEROI;Falta de atencao;Colisao traseira;Sem Vitimas;Plena noite
1248184;2013-02-03;Domingo;13:50:00;RJ;101;321.0;NITEROI;Outras;Colisao lateral;Sem Vitimas;Pleno dia
1248213;2013-02-03;Domingo;18:30:00;RJ;101;334.0;RIO DE JANEIRO;Falta de atencao;Colisao traseira;Sem Vitimas;Pleno dia
1248244;2013-02-07;Quinta;08:00:00;RJ;101;320.0;NITEROI;Outras;Colisao com objeto fixo;Sem Vitimas;Pleno dia
1248295;2013-01-30;Quarta;10:00:00;RJ;101;318.0;SAO GONCALO;Falta de atencao;Saida de Pista;Sem Vitimas;Pleno dia
1248520;2013-02-06;Quarta;16:40:00;RJ;101;332.0;RIO DE JANEIRO;Falta de atencao;Colisao traseira;Com Vitimas Feridas;Pleno dia
1248591;2013-02-03;Domingo;17:30:00;RJ;101;304.0;SAO GONCALO;Falta de atencao;Colisao traseira;Sem Vitimas;Pleno dia
1248660;2013-02-07;Quinta;19:30:00;RJ;101;314.0;SAO GONCALO;Nao guardar distancia de seguranca;Colisao traseira;Sem Vitimas;Plena noite
1248807;2013-02-08;Sexta;06:00:00;RJ;101;323.0;NITEROI;Outras;Colisao traseira;Sem Vitimas;Pleno dia
1249026;2013-02-08;Sexta;15:30:00;RJ;101;324.0;NITEROI;Nao guardar distancia de seguranca;Colisao traseira;Sem Vitimas;Pleno dia
1249066;2013-02-08;Sexta;17:00:00;RJ;101;328.0;NITEROI;Outras;Colisao traseira;Com Vitimas Feridas;Pleno dia
1249263;2013-02-08;Sexta;19:50:00;RJ;101;300.0;SAO GONCALO;Outras;Colisao traseira;Sem Vitimas;Plena noite
1249284;2013-02-08;Sexta;23:10:00;RJ;101;322.0;NITEROI;Nao guardar distancia de seguranca;Colisao traseira;Sem Vitimas;Plena noite
1249310;2013-02-08;Sexta;23:57:00;RJ;101;310.0;SAO GONCALO;Outras;Colisao lateral;Sem Vitimas;Plena noite
1249373;2013-02-09;Sabado;04:00:00;RJ;101;322.0;NITEROI;Outras;Colisao traseira;Sem Vitimas;Plena noite
1249396;2013-02-09;Sabado;06:00:00;RJ;101;312.0;SAO GONCALO;Outras;Colisao traseira;Sem Vitimas;Amanhecer
1249451;2013-02-05;Terca;22:40:00;RJ;101;320.0;NITEROI;Outras;Colisao lateral;Sem Vitimas;Plena noite
1249468;2013-02-05;Terca;06:00:00;RJ;101;324.0;RIO DE JANEIRO;Nao guardar distancia de seguranca;Colisao traseira;Sem Vitimas;Amanhecer
1249474;2013-02-09;Sabado;08:00:00;RJ;101;330.0;RIO DE JANEIRO;Outras;Colisao traseira;Com Vitimas Feridas;Pleno dia
1249493;2013-02-09;Sabado;11:20:00;RJ;101;309.0;SAO GONCALO;Outras;Colisao traseira;Sem Vitimas;Pleno dia
1249501;2013-02-09;Sabado;11:30:00;RJ;101;304.0;SAO GONCALO;Outras;Atropelamento de pessoa;Com Vitimas Feridas;Pleno dia
1249555;2013-02-09;Sabado;09:10:00;RJ;101;332.0;NITEROI;Outras;Colisao traseira;Sem Vitimas;Pleno dia
1249587;2013-02-09;Sabado;11:15:00;RJ;101;305.0;SAO GONCALO;Falta de atencao;Colisao traseira;Sem Vitimas;Pleno dia
1249740;2013-02-09;Sabado;17:40:00;RJ;101;329.0;RIO DE JANEIRO;Outras;Colisao traseira;Sem Vitimas;Pleno dia
1249756;2013-02-09;Sabado;19:00:00;RJ;101;324.0;NITEROI;Outras;Colisao traseira;Sem Vitimas;Anoitecer
1249822;2013-02-05;Terca;17:40:00;RJ;101;322.0;NITEROI;Falta de atencao;Colisao lateral;Sem Vitimas;Pleno dia
1249872;2013-02-09;Sabado;21:10:00;RJ;101;316.0;SAO GONCALO;Outras;Colisao traseira;Sem Vitimas;Plena noite
1250028;2013-02-10;Domingo;06:30:00;RJ;101;322.5;NITEROI;Falta de atencao;Colisao traseira;Com Vitimas Feridas;Amanhecer
1250040;2013-02-10;Domingo;07:00:00;RJ;101;322.0;NITEROI;Falta de atencao;Colisao traseira;Sem Vitimas;Amanhecer
1250151;2013-02-10;Domingo;10:00:00;RJ;101;325.0;NITEROI;Falta de atencao;Colisao lateral;Sem Vitimas;Pleno dia
1250198;2013-02-10;Domingo;11:30:00;RJ;101;304.0;SAO GONCALO;Outras;Colisao traseira;Com Vitimas Feridas;Pleno dia
1250201;2013-02-10;Domingo;08:30:00;RJ;101;315.0;SAO GONCALO;Outras;Colisao Transversal;Com Vitimas Fatais;Pleno dia
1250215;2013-02-10;Domingo;12:50:00;RJ;101;323.0;NITEROI;Falta de atencao;Colisao traseira;Sem Vitimas;Pleno dia
1250244;2013-02-10;Domingo;13:00:00;RJ;101;330.0;RIO DE JANEIRO;Nao guardar distancia de seguranca;Colisao traseira;Sem Vitimas;Pleno dia
1250395;2013-02-10;Domingo;20:20:00;RJ;101;324.0;NITEROI;Outras;Queda de motocicleta / bicicleta / veiculo;Com Vitimas Feridas;Plena noite
1250436;2013-02-10;Domingo;19:15:00;RJ;101;305.0;SAO GONCALO;Outras;Saida de Pista;Com Vitimas Feridas;Plena noite
1250593;2013-02-11;Segunda;08:21:00;RJ;101;322.0;NITEROI;Falta de atencao;Colisao traseira;Sem Vitimas;Pleno dia
1250644;2013-02-07;Quinta;14:00:00;RJ;101;304.0;SAO GONCALO;Falta de atencao;Colisao lateral;Com Vitimas Feridas;Pleno dia
1250684;2013-02-03;Domingo;12:40:00;RJ;101;320.0;NITEROI;Defeito mecanico em veiculo;Colisao com objeto fixo;Sem Vitimas;Pleno dia
1251036;2013-02-12;Terca;01:38:00;RJ;101;332.0;RIO DE JANEIRO;Outras;Colisao com objeto movel;Sem Vitimas;Plena noite
1251309;2013-02-12;Terca;16:30:00;RJ;101;321.0;NITEROI;Outras;Colisao lateral;Sem Vitimas;Pleno dia
1251591;2013-02-05;Terca;20:00:00;RJ;101;322.0;NITEROI;Falta de atencao;Colisao lateral;Sem Vitimas;Plena noite
1251602;2013-02-09;Sabado;21:00:00;RJ;101;313.0;SAO GONCALO;Outras;Colisao traseira;Sem Vitimas;Plena noite
1251765;2013-02-05;Terca;21:00:00;RJ;101;333.0;RIO DE JANEIRO;Outras;Colisao traseira;Com Vitimas Feridas;Plena noite
1251875;2013-02-13;Quarta;16:30:00;RJ;101;308.0;SAO GONCALO;Falta de atencao;Colisao lateral;Com Vitimas Feridas;Pleno dia
1252228;2013-01-26;Sabado;09:40:00;RJ;101;323.0;NITEROI;Nao guardar distancia de seguranca;Colisao traseira;Sem Vitimas;Pleno dia
1252326;2013-02-14;Quinta;07:07:00;RJ;101;322.0;NITEROI;Outras;Queda de motocicleta / bicicleta / veiculo;Com Vitimas Feridas;Pleno dia
1252479;2013-02-14;Quinta;14:30:00;RJ;101;311.0;SAO GONCALO;Nao guardar distancia de seguranca;Colisao traseira;Com Vitimas Feridas;Pleno dia
1252529;2013-02-14;Quinta;18:10:00;RJ;101;322.0;NITEROI;Falta de atencao;Colisao lateral;Sem Vitimas;Pleno dia
1252551;2013-02-14;Quinta;14:15:00;RJ;101;322.0;NITEROI;Falta de atencao;Colisao lateral;Sem Vitimas;Pleno dia
1252560;2013-02-14;Quinta;19:00:00;RJ;101;322.0;NITEROI;Outras;Queda de motocicleta / bicicleta / veiculo;Com Vitimas Feridas;Anoitecer
1252775;2013-02-07;Quinta;20:00:00;RJ;101;334.0;RIO DE JANEIRO;Outras;Atropelamento de pessoa;Com Vitimas Feridas;Plena noite
1253039;2013-02-07;Quinta;17:40:00;RJ;101;304.0;SAO GONCALO;Nao guardar distancia de seguranca;Colisao lateral;Sem Vitimas;Pleno dia
1253118;2013-02-15;Sexta;18:30:00;RJ;101;323.0;NITEROI;Nao guardar distancia de seguranca;Colisao traseira;Sem Vitimas;Anoitecer
1253304;2013-02-16;Sabado;07:50:00;RJ;101;305.0;SAO GONCALO;Outras;Colisao traseira;Sem Vitimas;Pleno dia
1253450;2013-02-16;Sabado;13:33:00;RJ;101;304.0;SAO GONCALO;Outras;Colisao traseira;Sem Vitimas;Pleno dia
1253490;2013-02-16;Sabado;16:45:00;RJ;101;322.0;NITEROI;Falta de atencao;Colisao traseira;Sem Vitimas;Pleno dia
1253538;2013-02-16;Sabado;17:40:00;RJ;101;334.0;RIO DE JANEIRO;Falta de atencao;Colisao traseira;Com Vitimas Feridas;Pleno dia
1253591;2013-02-16;Sabado;10:50:00;RJ;101;330.0;RIO DE JANEIRO;Falta de atencao;Colisao traseira;Sem Vitimas;Pleno dia
1253611;2013-02-16;Sabado;20:30:00;RJ;101;311.0;SAO GONCALO;Falta de atencao;Colisao traseira;Sem Vitimas;Plena noite
1253870;2013-02-17;Domingo;11:30:00;RJ;101;304.0;SAO GONCALO;Outras;Colisao Transversal;Com Vitimas Feridas;Pleno dia
1254042;2013-02-13;Quarta;14:30:00;RJ;101;333.0;RIO DE JANEIRO;Outras;Colisao traseira;Sem Vitimas;Pleno dia
1254184;2013-02-14;Quinta;22:40:00;RJ;101;304.0;SAO GONCALO;Outras;Colisao traseira;Com Vitimas Feridas;Plena noite
1254377;2013-02-10;Domingo;14:00:00;RJ;101;322.0;NITEROI;Outras;Colisao com objeto movel;Com Vitimas Feridas;Pleno dia
1254446;2013-02-18;Segunda;07:45:00;RJ;101;321.1;NITEROI;Falta de atencao;Colisao traseira;Sem Vitimas;Pleno dia
1254795;2013-02-19;Terca;08:30:00;RJ;101;334.0;RIO DE JANEIRO;Outras;Colisao traseira;Sem Vitimas;Pleno dia
1254829;2013-02-11;Segunda;10:00:00;RJ;101;320.0;NITEROI;Falta de atencao;Colisao traseira;Sem Vitimas;Pleno dia
1255233;2013-02-20;Quarta;08:00:00;RJ;101;322.0;NITEROI;Outras;Colisao traseira;Sem Vitimas;Pleno dia
1255250;2013-02-20;Quarta;08:30:00;RJ;101;322.0;NITEROI;Outras;Colisao traseira;Sem Vitimas;Pleno dia
1255443;2013-02-20;Quarta;19:07:00;RJ;101;322.0;NITEROI;Outras;Colisao lateral;Sem Vitimas;Plena noite
1255445;2013-02-20;Quarta;17:05:00;RJ;101;321.0;NITEROI;Falta de atencao;Atropelamento de pessoa;Com Vitimas Feridas;Pleno dia
1255773;2013-02-21;Quinta;11:25:00;RJ;101;308.0;SAO GONCALO;Outras;Colisao traseira;Sem Vitimas;Pleno dia
1255959;2013-02-21;Quinta;19:20:00;RJ;101;329.0;NITEROI;Outras;Colisao lateral;Sem Vitimas;Plena noite
1256062;2013-02-21;Quinta;12:50:00;RJ;101;330.0;RIO DE JANEIRO;Outras;Colisao lateral;Com Vitimas Feridas;Pleno dia
1256123;2013-02-19;Terca;04:10:00;RJ;101;329.0;RIO DE JANEIRO;Defeito mecanico em veiculo;Colisao com objeto fixo;Sem Vitimas;Plena noite
1256164;2013-02-22;Sexta;07:30:00;RJ;101;316.0;SAO GONCALO;Falta de atencao;Colisao traseira;Com Vitimas Feridas;Pleno dia
1256216;2013-02-22;Sexta;09:10:00;RJ;101;319.0;SAO GONCALO;Outras;Colisao traseira;Sem Vitimas;Pleno dia
1256242;2013-02-22;Sexta;07:30:00;RJ;101;331.0;RIO DE JANEIRO;Falta de atencao;Colisao traseira;Com Vitimas Feridas;Pleno dia
1256243;2013-02-22;Sexta;11:30:00;RJ;101;325.0;NITEROI;Falta de atencao;Colisao traseira;Sem Vitimas;Pleno dia
1256280;2013-02-22;Sexta;13:20:00;RJ;101;332.0;RIO DE JANEIRO;Falta de atencao;Colisao lateral;Sem Vitimas;Pleno dia
1256358;2013-02-22;Sexta;16:30:00;RJ;101;330.0;RIO DE JANEIRO;Nao guardar distancia de seguranca;Colisao traseira;Com Vitimas Feridas;Pleno dia
1256536;2013-02-22;Sexta;23:10:00;RJ;101;322.0;NITEROI;Falta de atencao;Colisao lateral;Sem Vitimas;Plena noite
1256662;2013-02-23;Sabado;06:46:00;RJ;101;322.0;NITEROI;Ingestao de alcool;Colisao traseira;Com Vitimas Feridas;Pleno dia
1256674;2013-02-19;Terca;17:20:00;RJ;101;322.0;NITEROI;Falta de atencao;Colisao traseira;Sem Vitimas;Pleno dia
1256834;2013-02-23;Sabado;14:30:00;RJ;101;312.0;SAO GONCALO;Nao guardar distancia de seguranca;Colisao traseira;Sem Vitimas;Pleno dia
1256879;2013-02-23;Sabado;18:00:00;RJ;101;312.0;SAO GONCALO;Outras;Saida de Pista;Sem Vitimas;Anoitecer
1256999;2013-02-24;Domingo;00:10:00;RJ;101;315.0;SAO GONCALO;Nao guardar distancia de seguranca;Colisao traseira;Sem Vitimas;Plena noite
1257378;2013-02-24;Domingo;23:40:00;RJ;101;320.0;NITEROI;Outras;Colisao com objeto fixo;Com Vitimas Feridas;Plena noite
1257411;2013-02-25;Segunda;03:35:00;RJ;101;322.0;NITEROI;Outras;Colisao traseira;Sem Vitimas;Plena noite
1257663;2013-02-25;Segunda;11:08:00;RJ;101;331.0;RIO DE JANEIRO;Falta de atencao;Colisao lateral;Com Vitimas Feridas;Pleno dia
1257693;2013-02-25;Segunda;07:50:00;RJ;101;316.0;SAO GONCALO;Outras;Queda de motocicleta / bicicleta / veiculo;Com Vitimas Feridas;Pleno dia
1257733;2013-02-18;Segunda;18:50:00;RJ;101;320.0;SAO GONCALO;Desobediencia a sinalizacao;Colisao lateral;Sem Vitimas;Plena noite
1257763;2013-02-22;Sexta;08:40:00;RJ;101;303.0;SAO GONCALO;Defeito mecanico em veiculo;Tombamento;Sem Vitimas;Pleno dia
1257777;2013-02-25;Segunda;18:45:00;RJ;101;304.0;SAO GONCALO;Outras;Queda de motocicleta / bicicleta / veiculo;Com Vitimas Feridas;Plena noite
1257865;2013-02-25;Segunda;11:45:00;RJ;101;322.0;NITEROI;Outras;Colisao com objeto fixo;Sem Vitimas;Pleno dia
1257905;2013-02-25;Segunda;18:40:00;RJ;101;330.0;RIO DE JANEIRO;Outras;Colisao traseira;Sem Vitimas;Anoitecer
1257982;2013-02-26;Terca;06:50:00;RJ;101;318.0;SAO GONCALO;Falta de atencao;Colisao traseira;Sem Vitimas;Pleno dia
1258016;2013-02-26;Terca;07:20:00;RJ;101;316.0;SAO GONCALO;Outras;Capotamento;Com Vitimas Feridas;Pleno dia
1258061;2013-02-22;Sexta;15:50:00;RJ;101;331.0;RIO DE JANEIRO;Falta de atencao;Colisao traseira;Sem Vitimas;Pleno dia
1258116;2013-02-26;Terca;12:10:00;RJ;101;322.0;NITEROI;Falta de atencao;Colisao traseira;Sem Vitimas;Pleno dia
1258154;2013-02-22;Sexta;19:50:00;RJ;101;326.0;NITEROI;Falta de atencao;Colisao traseira;Sem Vitimas;Plena noite
1258207;2013-02-26;Terca;12:20:00;RJ;101;332.0;RIO DE JANEIRO;Outras;Queda de motocicleta / bicicleta / veiculo;Com Vitimas Feridas;Pleno dia
1258218;2013-02-22;Sexta;21:35:00;RJ;101;334.0;NITEROI;Falta de atencao;Colisao traseira;Sem Vitimas;Plena noite
1258348;2013-02-26;Terca;19:00:00;RJ;101;322.0;NITEROI;Falta de atencao;Colisao lateral;Sem Vitimas;Plena noite
1258431;2013-02-26;Terca;20:50:00;RJ;101;318.0;SAO GONCALO;Falta de atencao;Colisao lateral;Sem Vitimas;Plena noite
1258840;2013-02-27;Quarta;17:40:00;RJ;101;307.0;SAO GONCALO;Outras;Atropelamento de pessoa;Com Vitimas Feridas;Pleno dia
1258863;2013-02-27;Quarta;13:00:00;RJ;101;319.0;SAO GONCALO;Falta de atencao;Colisao traseira;Sem Vitimas;Pleno dia
1258921;2013-02-27;Quarta;22:30:00;RJ;101;322.0;NITEROI;Nao guardar distancia de seguranca;Colisao lateral;Sem Vitimas;Plena noite
1259009;2013-02-23;Sabado;17:00:00;RJ;101;322.0;NITEROI;Falta de atencao;Colisao traseira;Sem Vitimas;Pleno dia
1259042;2013-02-25;Segunda;00:10:00;RJ;101;320.0;NITEROI;Outras;Atropelamento de animal;Com Vitimas Feridas;Plena noite
1259072;2013-02-28;Quinta;07:00:00;RJ;101;333.0;RIO DE JANEIRO;Outras;Colisao lateral;Sem Vitimas;Pleno dia
1259141;2013-02-28;Quinta;09:15:00;RJ;101;332.0;RIO DE JANEIRO;Outras;Colisao traseira;Sem Vitimas;Pleno dia
1259160;2013-02-28;Quinta;09:43:00;RJ;101;330.0;RIO DE JANEIRO;Nao guardar distancia de seguranca;Colisao traseira;Sem Vitimas;Pleno dia
1259305;2013-02-28;Quinta;21:00:00;RJ;101;299.0;SAO GONCALO;Outras;Colisao traseira;Sem Vitimas;Plena noite
1259378;2013-02-28;Quinta;22:10:00;RJ;101;328.0;NITEROI;Outras;Colisao com objeto movel;Sem Vitimas;Plena noite
1259388;2013-02-28;Quinta;19:50:00;RJ;101;322.0;NITEROI;Outras;Colisao lateral;Sem Vitimas;Plena noite
1259393;2013-02-28;Quinta;22:47:00;RJ;101;308.0;SAO GONCALO;Ingestao de alcool;Atropelamento de pessoa;Com Vitimas Feridas;Plena noite
1259561;2013-02-21;Quinta;10:40:00;RJ;101;330.0;RIO DE JANEIRO;Nao guardar distancia de seguranca;Colisao lateral;Sem Vitimas;Pleno dia
1259755;2013-03-01;Sexta;15:30:00;RJ;101;321.0;SAO GONCALO;Outras;Colisao lateral;Sem Vitimas;Pleno dia
1259850;2013-03-01;Sexta;18:10:00;RJ;101;308.0;SAO GONCALO;Outras;Colisao traseira;Sem Vitimas;Anoitecer
1259861;2013-02-28;Quinta;02:00:00;RJ;101;324.0;NITEROI;Outras;Queda de motocicleta / bicicleta / veiculo;Com Vitimas Feridas;Plena noite
1260120;2013-03-02;Sabado;07:00:00;RJ;101;320.0;NITEROI;Outras;Colisao traseira;Sem Vitimas;Pleno dia
1260123;2013-02-02;Sabado;12:10:00;RJ;101;306.0;SAO GONCALO;Outras;Colisao traseira;Sem Vitimas;Pleno dia
1260200;2013-03-02;Sabado;10:10:00;RJ;101;313.0;SAO GONCALO;Outras;Colisao traseira;Sem Vitimas;Pleno dia
1260244;2013-03-02;Sabado;12:45:00;RJ;101;311.0;SAO GONCALO;Outras;Colisao traseira;Sem Vitimas;Pleno dia
1260518;2013-03-03;Domingo;01:00:00;RJ;101;322.0;NITEROI;Outras;Colisao com objeto fixo;Com Vitimas Feridas;Plena noite
1260816;2013-02-27;Quarta;12:25:00;RJ;101;302.0;SAO GONCALO;Nao guardar distancia de seguranca;Colisao traseira;Sem Vitimas;Pleno dia
1260875;2013-03-03;Domingo;20:00:00;RJ;101;310.0;SAO GONCALO;Nao guardar distancia de seguranca;Colisao traseira;Sem Vitimas;Plena noite
1260888;2013-03-03;Domingo;21:30:00;RJ;101;323.0;NITEROI;Outras;Colisao traseira;Sem Vitimas;Plena noite
1261036;2013-03-04;Segunda;07:00:00;RJ;101;313.0;SAO GONCALO;Outras;Colisao traseira;Com Vitimas Feridas;Pleno dia
1261067;2013-03-04;Segunda;07:30:00;RJ;101;317.0;SAO GONCALO;Outras;Colisao traseira;Sem Vitimas;Pleno dia
1261311;2013-03-04;Segunda;16:00:00;RJ;101;303.0;SAO GONCALO;Outras;Colisao traseira;Sem Vitimas;Pleno dia
1261413;2013-03-04;Segunda;20:00:00;RJ;101;323.0;NITEROI;Outras;Colisao com objeto fixo;Com Vitimas Feridas;Plena noite
1261577;2013-03-01;Sexta;16:40:00;RJ;101;322.0;NITEROI;Velocidade incompativel;Colisao com objeto fixo;Sem Vitimas;Pleno dia
1261600;2013-03-01;Sexta;20:45:00;RJ;101;320.0;NITEROI;Nao guardar distancia de seguranca;Colisao traseira;Sem Vitimas;Plena noite
1261623;2013-03-01;Sexta;17:30:00;RJ;101;322.0;NITEROI;Outras;Danos Eventuais;Sem Vitimas;Plena noite
1261804;2013-03-01;Sexta;23:25:00;RJ;101;334.0;RIO DE JANEIRO;Nao guardar distancia de seguranca;Colisao lateral;Sem Vitimas;Plena noite
1261883;2013-03-05;Terca;18:10:00;RJ;101;316.0;SAO GONCALO;Outras;Colisao traseira;Sem Vitimas;Plena noite
1261912;2013-03-01;Sexta;21:55:00;RJ;101;333.0;RIO DE JANEIRO;Outras;Colisao traseira;Com Vitimas Feridas;Pleno dia
1262103;2013-02-26;Terca;19:51:00;RJ;101;321.0;NITEROI;Falta de atencao;Colisao lateral;Sem Vitimas;Anoitecer
1262614;2013-03-01;Sexta;20:00:00;RJ;101;322.0;NITEROI;Outras;Colisao traseira;Sem Vitimas;Plena noite
1262632;2013-02-03;Domingo;14:15:00;RJ;101;322.0;NITEROI;Outras;Colisao com objeto fixo;Sem Vitimas;Pleno dia
1262637;2013-02-27;Quarta;22:50:00;RJ;101;322.0;NITEROI;Falta de atencao;Colisao lateral;Sem Vitimas;Plena noite
1262673;2013-03-01;Sexta;18:00:00;RJ;101;322.0;NITEROI;Outras;Colisao traseira;Sem Vitimas;Plena noite
1262727;2013-03-07;Quinta;10:10:00;RJ;101;331.0;RIO DE JANEIRO;Falta de atencao;Colisao lateral;Sem Vitimas;Pleno dia
1262739;2013-03-07;Quinta;11:00:00;RJ;101;329.0;NITEROI;Outras;Colisao traseira;Sem Vitimas;Pleno dia
1262893;2013-03-07;Quinta;19:00:00;RJ;101;322.0;NITEROI;Outras;Colisao lateral;Sem Vitimas;Plena noite
1262905;2013-03-03;Domingo;23:30:00;RJ;101;305.0;SAO GONCALO;Falta de atencao;Colisao com bicicleta;Com Vitimas Fatais;Plena noite
1263177;2013-03-08;Sexta;09:30:00;RJ;101;318.0;SAO GONCALO;Outras;Colisao lateral;Com Vitimas Feridas;Pleno dia
1263416;2013-03-08;Sexta;20:00:00;RJ;101;328.0;NITEROI;Outras;Colisao traseira;Sem Vitimas;Plena noite
1263526;2013-03-08;Sexta;23:03:00;RJ;101;322.0;NITEROI;Outras;Colisao lateral;Sem Vitimas;Plena noite
1263608;2013-03-06;Quarta;02:10:00;RJ;101;306.0;SAO GONCALO;Outras;Tombamento;Sem Vitimas;Plena noite
1263729;2013-03-09;Sabado;11:40:00;RJ;101;325.0;RIO DE JANEIRO;Nao guardar distancia de seguranca;Colisao lateral;Sem Vitimas;Pleno dia
1263779;2013-03-09;Sabado;14:00:00;RJ;101;322.0;NITEROI;Outras;Colisao lateral;Sem Vitimas;Pleno dia
1263816;2013-03-05;Terca;09:45:00;RJ;101;333.0;RIO DE JANEIRO;Nao guardar distancia de seguranca;Colisao traseira;Com Vitimas Feridas;Pleno dia
1263818;2013-03-09;Sabado;11:00:00;RJ;101;310.0;SAO GONCALO;Outras;Colisao lateral;Sem Vitimas;Pleno dia
1263828;2013-03-05;Terca;18:15:00;RJ;101;321.0;NITEROI;Nao guardar distancia de seguranca;Colisao traseira;Sem Vitimas;Anoitecer
1263863;2013-03-09;Sabado;16:15:00;RJ;101;330.0;RIO DE JANEIRO;Outras;Colisao lateral;Sem Vitimas;Pleno dia
1263866;2013-03-09;Sabado;10:00:00;RJ;101;299.0;SAO GONCALO;Outras;Colisao traseira;Sem Vitimas;Pleno dia
1263868;2013-03-06;Quarta;01:40:00;RJ;101;322.0;NITEROI;Falta de atencao;Colisao lateral;Sem Vitimas;Plena noite
1263933;2013-03-09;Sabado;18:55:00;RJ;101;311.0;SAO GONCALO;Outras;Atropelamento de pessoa;Com Vitimas Feridas;Plena noite
1264039;2013-03-10;Domingo;02:30:00;RJ;101;318.0;SAO GONCALO;Outras;Saida de Pista;Sem Vitimas;Plena noite
1264992;2013-03-10;Domingo;22:30:00;RJ;101;321.0;NITEROI;Falta de atencao;Colisao lateral;Sem Vitimas;Plena noite
1265019;2013-03-07;Quinta;19:43:00;RJ;101;311.0;SAO GONCALO;Nao guardar distancia de seguranca;Colisao traseira;Sem Vitimas;Plena noite
1265062;2013-03-11;Segunda;22:40:00;RJ;101;319.0;NITEROI;Outras;Colisao lateral;Sem Vitimas;Plena noite
1265141;2013-03-12;Terca;06:20:00;RJ;101;322.0;NITEROI;Nao guardar distancia de seguranca;Colisao lateral;Sem Vitimas;Amanhecer
1265149;2013-03-12;Terca;06:30:00;RJ;101;322.0;NITEROI;Outras;Colisao com objeto fixo;Sem Vitimas;Pleno dia
1265432;2013-03-12;Terca;19:20:00;RJ;101;322.0;NITEROI;Falta de atencao;Colisao lateral;Sem Vitimas;Plena noite
1265449;2013-03-06;Quarta;00:44:00;RJ;101;333.0;RIO DE JANEIRO;Outras;Colisao lateral;Sem Vitimas;Plena noite
1265507;2013-03-13;Quarta;09:21:00;RJ;101;320.0;NITEROI;Outras;Colisao lateral;Sem Vitimas;Pleno dia
1265704;2013-03-13;Quarta;15:20:00;RJ;101;324.0;NITEROI;Outras;Colisao traseira;Sem Vitimas;Pleno dia
1265745;2013-03-13;Quarta;17:00:00;RJ;101;315.0;SAO GONCALO;Outras;Saida de Pista;Sem Vitimas;Pleno dia
1265767;2013-03-13;Quarta;16:05:00;RJ;101;325.0;NITEROI;Outras;Colisao traseira;Sem Vitimas;Pleno dia
1265768;2013-03-13;Quarta;07:00:00;RJ;101;316.0;SAO GONCALO;Outras;Colisao lateral;Com Vitimas Feridas;Pleno dia
1265770;2013-03-13;Quarta;07:50:00;RJ;101;316.0;SAO GONCALO;Outras;Colisao traseira;Sem Vitimas;Pleno dia
1265794;2013-03-13;Quarta;14:30:00;RJ;101;319.0;SAO GONCALO;Outras;Colisao lateral;Sem Vitimas;Pleno dia
1265827;2013-03-13;Quarta;17:00:00;RJ;101;322.0;NITEROI;Outras;Colisao com objeto fixo;Com Vitimas Feridas;Pleno dia
1265841;2013-03-13;Quarta;20:05:00;RJ;101;326.0;NITEROI;Outras;Colisao traseira;Sem Vitimas;Plena noite
1265857;2013-03-13;Quarta;17:50:00;RJ;101;306.0;SAO GONCALO;Falta de atencao;Colisao lateral;Sem Vitimas;Anoitecer
1266026;2013-03-14;Quinta;07:30:00;RJ;101;314.0;SAO GONCALO;Outras;Atropelamento de pessoa;Com Vitimas Feridas;Pleno dia
1266141;2013-03-14;Quinta;08:00:00;RJ;101;334.0;RIO DE JANEIRO;Outras;Colisao traseira;Com Vitimas Feridas;Pleno dia
1266147;2013-03-14;Quinta;07:30:00;RJ;101;316.0;SAO GONCALO;Falta de atencao;Colisao traseira;Sem Vitimas;Pleno dia
1266335;2013-03-14;Quinta;19:00:00;RJ;101;314.0;SAO GONCALO;Falta de atencao;Colisao frontal;Com Vitimas Feridas;Plena noite
1266451;2013-03-14;Quinta;18:00:00;RJ;101;327.0;RIO DE JANEIRO;Nao guardar distancia de seguranca;Colisao traseira;Com Vitimas Feridas;Anoitecer
1266529;2013-03-15;Sexta;03:15:00;RJ;101;321.5;NITEROI;Outras;Colisao com objeto fixo;Com Vitimas Fatais;Plena noite
1266639;2013-03-15;Sexta;08:40:00;RJ;101;313.0;SAO GONCALO;Defeito mecanico em veiculo;Saida de Pista;Sem Vitimas;Pleno dia
1267132;2013-03-12;Terca;17:29:00;RJ;101;323.0;NITEROI;Falta de atencao;Colisao traseira;Sem Vitimas;Anoitecer
1267250;2013-03-16;Sabado;09:00:00;RJ;101;304.0;SAO GONCALO;Falta de atencao;Colisao traseira;Sem Vitimas;Pleno dia
1267346;2013-03-16;Sabado;12:35:00;RJ;101;326.0;NITEROI;Outras;Colisao lateral;Sem Vitimas;Pleno dia
1267365;2013-03-16;Sabado;13:50:00;RJ;101;322.0;NITEROI;Falta de atencao;Colisao traseira;Sem Vitimas;Pleno dia
1267438;2013-03-16;Sabado;15:55:00;RJ;101;322.0;NITEROI;Outras;Colisao lateral;Com Vitimas Feridas;Pleno dia
1267468;2013-03-16;Sabado;17:00:00;RJ;101;323.0;NITEROI;Nao guardar distancia de seguranca;Colisao traseira;Sem Vitimas;Pleno dia
1267492;2013-03-16;Sabado;17:17:00;RJ;101;323.0;NITEROI;Outras;Colisao lateral;Sem Vitimas;Anoitecer
1267528;2013-03-08;Sexta;08:55:00;RJ;101;319.0;SAO GONCALO;Outras;Colisao lateral;Sem Vitimas;Pleno dia
1267637;2013-03-16;Sabado;23:30:00;RJ;101;319.0;SAO GONCALO;Outras;Colisao lateral;Sem Vitimas;Plena noite
1267703;2013-03-17;Domingo;06:50:00;RJ;101;332.0;RIO DE JANEIRO;Outras;Colisao traseira;Sem Vitimas;Pleno dia
1267720;2013-03-13;Quarta;13:30:00;RJ;101;319.0;SAO GONCALO;Outras;Colisao traseira;Sem Vitimas;Pleno dia
1267739;2013-02-27;Quarta;16:15:00;RJ;101;315.0;RIO DE JANEIRO;Outras;Colisao lateral;Sem Vitimas;Pleno dia
1267800;2013-03-15;Sexta;17:20:00;RJ;101;311.0;SAO GONCALO;Nao guardar distancia de seguranca;Colisao traseira;Sem Vitimas;Pleno dia
1267813;2013-03-17;Domingo;08:00:00;RJ;101;322.0;NITEROI;Falta de atencao;Colisao com objeto fixo;Sem Vitimas;Pleno dia
1267833;2013-03-17;Domingo;11:20:00;RJ;101;306.0;SAO GONCALO;Outras;Colisao traseira;Sem Vitimas;Pleno dia
1267886;2013-03-11;Segunda;16:50:00;RJ;101;327.0;NITEROI;Falta de atencao;Colisao traseira;Com Vitimas Feridas;Pleno dia
1268091;2013-03-18;Segunda;03:00:00;RJ;101;303.0;SAO GONCALO;Outras;Colisao lateral;Sem Vitimas;Plena noite
1268144;2013-03-18;Segunda;06:50:00;RJ;101;308.0;SAO GONCALO;Falta de atencao;Colisao traseira;Sem Vitimas;Pleno dia
1268146;2013-03-14;Quinta;18:00:00;RJ;101;326.0;NITEROI;Falta de atencao;Colisao traseira;Sem Vitimas;Anoitecer
1268227;2013-03-18;Segunda;09:30:00;RJ;101;316.0;SAO GONCALO;Nao guardar distancia de seguranca;Colisao traseira;Sem Vitimas;Pleno dia
1268561;2013-03-18;Segunda;20:00:00;RJ;101;306.0;SAO GONCALO;Falta de atencao;Colisao traseira;Sem Vitimas;Plena noite
1268607;2013-03-18;Segunda;21:00:00;RJ;101;318.0;SAO GONCALO;Outras;Colisao traseira;Sem Vitimas;Plena noite
1268642;2013-03-18;Segunda;22:20:00;RJ;101;330.0;RIO DE JANEIRO;Outras;Colisao traseira;Sem Vitimas;Plena noite
1268697;2013-03-16;Sabado;01:10:00;RJ;101;326.0;NITEROI;Ingestao de alcool;Colisao traseira;Sem Vitimas;Plena noite
1268703;2013-03-15;Sexta;19:20:00;RJ;101;322.0;NITEROI;Falta de atencao;Colisao lateral;Sem Vitimas;Plena noite
1268988;2013-03-19;Terca;16:30:00;RJ;101;333.0;RIO DE JANEIRO;Outras;Colisao traseira;Sem Vitimas;Pleno dia
1269178;2013-03-20;Quarta;01:32:00;RJ;101;309.0;SAO GONCALO;Outras;Colisao com objeto fixo;Ignorado;Plena noite
1269244;2013-03-20;Quarta;07:11:00;RJ;101;316.0;SAO GONCALO;Outras;Colisao traseira;Sem Vitimas;Pleno dia
1269346;2013-03-20;Quarta;10:00:00;RJ;101;334.0;RIO DE JANEIRO;Outras;Colisao lateral;Sem Vitimas;Pleno dia
1269499;2013-03-20;Quarta;17:30:00;RJ;101;322.0;NITEROI;Outras;Colisao traseira;Sem Vitimas;Pleno dia
1269536;2013-03-20;Quarta;18:30:00;RJ;101;328.0;RIO DE JANEIRO;Outras;Colisao traseira;Sem Vitimas;Plena noite
1269737;2013-02-27;Quarta;17:15:00;RJ;101;319.0;SAO GONCALO;Dormindo;Capotamento;Com Vitimas Feridas;Pleno dia
1269981;2013-03-21;Quinta;14:52:00;RJ;101;324.0;NITEROI;Falta de atencao;Colisao traseira;Sem Vitimas;Pleno dia
1270105;2013-03-21;Quinta;18:05:00;RJ;101;316.0;SAO GONCALO;Outras;Colisao traseira;Sem Vitimas;Anoitecer
1270121;2013-03-21;Quinta;15:20:00;RJ;101;309.0;SAO GONCALO;Falta de atencao;Tombamento;Sem Vitimas;Pleno dia
1270228;2013-03-21;Quinta;14:00:00;RJ;101;322.0;NITEROI;Outras;Colisao com objeto fixo;Sem Vitimas;Pleno dia
1270474;2013-03-22;Sexta;20:40:00;RJ;101;322.0;NITEROI;Falta de atencao;Colisao traseira;Sem Vitimas;Plena noite
1270726;2013-03-23;Sabado;07:30:00;RJ;101;326.0;NITEROI;Nao guardar distancia de seguranca;Colisao traseira;Com Vitimas Feridas;Pleno dia
1271535;2013-03-24;Domingo;23:20:00;RJ;101;322.0;NITEROI;Outras;Colisao lateral;Sem Vitimas;Plena noite
1271630;2013-03-25;Segunda;06:10:00;RJ;101;300.0;SAO GONCALO;Outras;Colisao traseira;Sem Vitimas;Amanhecer
1271636;2013-03-21;Quinta;09:40:00;RJ;101;322.0;NITEROI;Nao guardar distancia de seguranca;Colisao traseira;Com Vitimas Feridas;Pleno dia
1271642;2013-03-22;Sexta;14:58:00;RJ;101;325.0;NITEROI;Nao guardar distancia de seguranca;Colisao traseira;Sem Vitimas;Pleno dia
1271664;2013-03-21;Quinta;14:45:00;RJ;101;322.0;NITEROI;Nao guardar distancia de seguranca;Colisao traseira;Sem Vitimas;Pleno dia
1271849;2013-02-13;Quarta;11:10:00;RJ;101;319.8;SAO GONCALO;Outras;Colisao traseira;Sem Vitimas;Pleno dia
1272030;2013-03-25;Segunda;18:00:00;RJ;101;304.0;SAO GONCALO;Outras;Colisao traseira;Sem Vitimas;Pleno dia
1272114;2013-03-25;Segunda;19:10:00;RJ;101;334.0;RIO DE JANEIRO;Outras;Colisao com objeto fixo;Com Vitimas Feridas;Plena noite
1272125;2013-03-25;Segunda;07:25:00;RJ;101;316.0;SAO GONCALO;Outras;Colisao lateral;Sem Vitimas;Pleno dia
1272191;2013-03-25;Segunda;10:10:00;RJ;101;328.0;RIO DE JANEIRO;Outras;Colisao traseira;Com Vitimas Feridas;Pleno dia
1272290;2013-03-26;Terca;07:30:00;RJ;101;321.0;NITEROI;Outras;Colisao lateral;Sem Vitimas;Pleno dia
1272343;2013-03-22;Sexta;23:30:00;RJ;101;321.0;NITEROI;Falta de atencao;Colisao lateral;Sem Vitimas;Plena noite
1272377;2013-03-23;Sabado;04:25:00;RJ;101;326.0;NITEROI;Outras;Incendio;Sem Vitimas;Plena noite
1272391;2013-03-22;Sexta;16:53:00;RJ;101;323.0;NITEROI;Nao guardar distancia de seguranca;Colisao lateral;Sem Vitimas;Pleno dia
1272605;2013-03-22;Sexta;18:00:00;RJ;101;330.0;RIO DE JANEIRO;Nao guardar distancia de seguranca;Colisao traseira;Sem Vitimas;Plena noite
1272608;2013-03-26;Terca;19:00:00;RJ;101;326.0;NITEROI;Outras;Colisao traseira;Sem Vitimas;Plena noite
1272815;2013-03-27;Quarta;02:10:00;RJ;101;334.0;RIO DE JANEIRO;Outras;Colisao traseira;Sem Vitimas;Plena noite
1273174;2013-03-27;Quarta;18:00:00;RJ;101;322.0;NITEROI;Falta de atencao;Colisao lateral;Sem Vitimas;Anoitecer
1273206;2013-03-27;Quarta;18:00:00;RJ;101;320.0;NITEROI;Nao guardar distancia de seguranca;Colisao traseira;Sem Vitimas;Plena noite
1273302;2013-03-27;Quarta;20:45:00;RJ;101;322.0;NITEROI;Outras;Colisao lateral;Sem Vitimas;Plena noite
1273410;2013-03-28;Quinta;00:35:00;RJ;101;311.0;SAO GONCALO;Dormindo;Colisao com objeto fixo;Com Vitimas Feridas;Plena noite
1273453;2013-03-28;Quinta;05:40:00;RJ;101;334.0;RIO DE JANEIRO;Outras;Colisao lateral;Com Vitimas Feridas;Amanhecer
1273609;2013-03-28;Quinta;12:06:00;RJ;101;324.0;NITEROI;Outras;Colisao traseira;Sem Vitimas;Pleno dia
1273643;2013-03-28;Quinta;14:00:00;RJ;101;318.0;SAO GONCALO;Outras;Colisao traseira;Com Vitimas Feridas;Pleno dia
1273732;2013-03-28;Quinta;14:57:00;RJ;101;330.0;RIO DE JANEIRO;Falta de atencao;Colisao traseira;Com Vitimas Feridas;Pleno dia
1273756;2013-03-28;Quinta;17:00:00;RJ;101;321.0;NITEROI;Outras;Colisao traseira;Sem Vitimas;Anoitecer
1273880;2013-03-28;Quinta;21:30:00;RJ;101;322.0;NITEROI;Outras;Colisao lateral;Sem Vitimas;Plena noite
1273966;2013-03-28;Quinta;23:00:00;RJ;101;311.0;SAO GONCALO;Outras;Colisao traseira;Sem Vitimas;Plena noite
1274354;2013-03-29;Sexta;09:30:00;RJ;101;318.0;SAO GONCALO;Outras;Queda de motocicleta / bicicleta / veiculo;Com Vitimas Feridas;Pleno dia
1274361;2013-03-29;Sexta;10:00:00;RJ;101;312.0;SAO GONCALO;Outras;Saida de Pista;Sem Vitimas;Pleno dia
1274388;2013-03-26;Terca;03:00:00;RJ;101;322.0;NITEROI;Velocidade incompativel;Colisao lateral;Sem Vitimas;Plena noite
1274415;2013-03-29;Sexta;16:15:00;RJ;101;321.0;NITEROI;Falta de atencao;Atropelamento de pessoa;Com Vitimas Feridas;Pleno dia
1274466;2013-03-29;Sexta;15:00:00;RJ;101;332.0;RIO DE JANEIRO;Outras;Colisao traseira;Sem Vitimas;Pleno dia
1274525;2013-03-29;Sexta;17:00:00;RJ;101;312.0;SAO GONCALO;Velocidade incompativel;Capotamento;Com Vitimas Feridas;Pleno dia
1274530;2013-03-29;Sexta;15:30:00;RJ;101;328.0;RIO DE JANEIRO;Outras;Colisao traseira;Sem Vitimas;Pleno dia
1274590;2013-03-29;Sexta;05:21:00;RJ;101;334.0;RIO DE JANEIRO;Outras;Colisao traseira;Com Vitimas Feridas;Amanhecer
1274647;2013-03-29;Sexta;17:50:00;RJ;101;312.0;SAO GONCALO;Nao guardar distancia de seguranca;Colisao traseira;Sem Vitimas;Pleno dia
1274858;2013-03-30;Sabado;12:00:00;RJ;101;332.0;RIO DE JANEIRO;Outras;Colisao traseira;Sem Vitimas;Pleno dia
1274880;2013-03-30;Sabado;11:10:00;RJ;101;331.0;RIO DE JANEIRO;Outras;Colisao lateral;Com Vitimas Feridas;Pleno dia
1275103;2013-03-31;Domingo;03:22:00;RJ;101;327.0;RIO DE JANEIRO;Dormindo;Queda de motocicleta / bicicleta / veiculo;Com Vitimas Feridas;Plena noite
1275215;2013-03-31;Domingo;09:00:00;RJ;101;313.0;SAO GONCALO;Animais na Pista;Queda de motocicleta / bicicleta / veiculo;Com Vitimas Feridas;Pleno dia
1275591;2013-03-29;Sexta;22:45:00;RJ;101;305.0;SAO GONCALO;Outras;Colisao lateral;Sem Vitimas;Plena noite
1276297;2013-04-01;Segunda;20:00:00;RJ;101;313.0;NITEROI;Outras;Colisao lateral;Sem Vitimas;Plena noite
1276445;2013-03-29;Sexta;05:20:00;RJ;101;322.0;NITEROI;Ingestao de alcool;Colisao traseira;Com Vitimas Feridas;Amanhecer
1276599;2013-03-29;Sexta;22:40:00;RJ;101;304.0;SAO GONCALO;Outras;Atropelamento de pessoa;Com Vitimas Fatais;Plena noite
1276616;2013-04-02;Terca;11:45:00;RJ;101;310.0;SAO GONCALO;Falta de atencao;Colisao lateral;Com Vitimas Feridas;Pleno dia
1276691;2013-04-02;Terca;14:30:00;RJ;101;323.0;NITEROI;Outras;Colisao traseira;Sem Vitimas;Pleno dia
1276877;2013-04-02;Terca;21:15:00;RJ;101;321.0;NITEROI;Outras;Colisao com objeto fixo;Com Vitimas Feridas;Plena noite
1277228;2013-04-03;Quarta;15:00:00;RJ;101;321.0;NITEROI;Nao guardar distancia de seguranca;Colisao traseira;Sem Vitimas;Pleno dia
1277381;2013-03-23;Sabado;12:30:00;RJ;101;323.0;NITEROI;Outras;Colisao traseira;Sem Vitimas;Pleno dia
1277516;2013-04-04;Quinta;09:15:00;RJ;101;317.0;SAO GONCALO;Outras;Colisao lateral;Sem Vitimas;Pleno dia
1277560;2013-04-04;Quinta;11:30:00;RJ;101;323.0;NITEROI;Outras;Colisao traseira;Sem Vitimas;Pleno dia
1277658;2013-04-04;Quinta;17:03:00;RJ;101;320.0;NITEROI;Outras;Colisao traseira;Sem Vitimas;Pleno dia
1277687;2013-04-04;Quinta;18:00:00;RJ;101;322.0;RIO DE JANEIRO;Outras;Colisao lateral;Sem Vitimas;Plena noite
1277748;2013-04-04;Quinta;19:30:00;RJ;101;321.0;NITEROI;Outras;Colisao lateral;Sem Vitimas;Plena noite
1277986;2013-04-05;Sexta;07:45:00;RJ;101;325.0;NITEROI;Falta de atencao;Colisao lateral;Sem Vitimas;Pleno dia
1278212;2013-04-05;Sexta;13:00:00;RJ;101;309.0;SAO GONCALO;Falta de atencao;Colisao traseira;Sem Vitimas;Pleno dia
1278250;2013-04-05;Sexta;14:40:00;RJ;101;299.0;SAO GONCALO;Outras;Colisao traseira;Sem Vitimas;Pleno dia
1278277;2013-04-05;Sexta;17:40:00;RJ;101;320.0;NITEROI;Outras;Colisao lateral;Sem Vitimas;Anoitecer
1278625;2013-04-02;Terca;15:30:00;RJ;101;323.0;NITEROI;Falta de atencao;Colisao traseira;Com Vitimas Feridas;Pleno dia
1278639;2013-04-02;Terca;23:30:00;RJ;101;322.0;NITEROI;Outras;Colisao com objeto fixo;Com Vitimas Feridas;Plena noite
1278678;2013-04-06;Sabado;11:15:00;RJ;101;320.0;NITEROI;Dormindo;Colisao traseira;Sem Vitimas;Pleno dia
1278835;2013-04-02;Terca;18:50:00;RJ;101;322.0;NITEROI;Outras;Colisao Transversal;Sem Vitimas;Plena noite
1278947;2013-04-03;Quarta;23:25:00;RJ;101;322.0;NITEROI;Falta de atencao;Colisao lateral;Sem Vitimas;Plena noite
1279049;2013-04-07;Domingo;10:30:00;RJ;101;306.0;SAO GONCALO;Falta de atencao;Colisao traseira;Sem Vitimas;Pleno dia
1279110;2013-04-07;Domingo;14:50:00;RJ;101;332.0;RIO DE JANEIRO;Outras;Colisao com objeto fixo;Sem Vitimas;Pleno dia
1279127;2013-04-03;Quarta;18:15:00;RJ;101;322.0;NITEROI;Outras;Atropelamento de pessoa;Com Vitimas Feridas;Anoitecer
1279133;2013-04-07;Domingo;15:30:00;RJ;101;300.0;SAO GONCALO;Falta de atencao;Colisao lateral;Sem Vitimas;Pleno dia
1279142;2013-04-07;Domingo;13:50:00;RJ;101;322.0;NITEROI;Falta de atencao;Colisao com objeto fixo;Sem Vitimas;Pleno dia
1279357;2013-04-08;Segunda;05:30:00;RJ;101;321.0;NITEROI;Nao guardar distancia de seguranca;Colisao lateral;Sem Vitimas;Amanhecer
1279387;2013-04-08;Segunda;06:45:00;RJ;101;317.0;SAO GONCALO;Ultrapassagem indevida;Colisao com objeto fixo;Com Vitimas Feridas;Amanhecer
1279399;2013-04-08;Segunda;07:30:00;RJ;101;330.0;RIO DE JANEIRO;Outras;Colisao traseira;Com Vitimas Feridas;Pleno dia
1279655;2013-04-08;Segunda;15:48:00;RJ;101;330.0;RIO DE JANEIRO;Outras;Colisao com objeto fixo;Sem Vitimas;Pleno dia
1279691;2013-04-08;Segunda;17:15:00;RJ;101;327.0;NITEROI;Outras;Tombamento;Sem Vitimas;Pleno dia
1279706;2013-04-08;Segunda;17:50:00;RJ;101;321.0;NITEROI;Outras;Colisao traseira;Sem Vitimas;Anoitecer
1279911;2013-04-08;Segunda;20:15:00;RJ;101;310.0;SAO GONCALO;Ingestao de alcool;Colisao com bicicleta;Com Vitimas Feridas;Plena noite
1279964;2013-04-09;Terca;06:19:00;RJ;101;334.0;RIO DE JANEIRO;Dormindo;Colisao com objeto fixo;Sem Vitimas;Amanhecer
1279975;2013-04-06;Sabado;00:40:00;RJ;101;304.0;SAO GONCALO;Outras;Saida de Pista;Sem Vitimas;Plena noite
1279996;2013-04-09;Terca;08:00:00;RJ;101;321.0;NITEROI;Outras;Queda de motocicleta / bicicleta / veiculo;Com Vitimas Feridas;Pleno dia
1280017;2013-04-09;Terca;07:50:00;RJ;101;326.0;NITEROI;Outras;Colisao traseira;Com Vitimas Feridas;Pleno dia
1280140;2013-04-09;Terca;12:00:00;RJ;101;320.0;NITEROI;Nao guardar distancia de seguranca;Colisao traseira;Sem Vitimas;Pleno dia
1280504;2013-04-10;Quarta;00:10:00;RJ;101;314.0;SAO GONCALO;Outras;Colisao com objeto fixo;Sem Vitimas;Plena noite
1280796;2013-03-25;Segunda;17:00:00;RJ;101;322.0;NITEROI;Falta de atencao;Colisao lateral;Sem Vitimas;Pleno dia
1280921;2013-04-10;Quarta;20:40:00;RJ;101;318.0;SAO GONCALO;Outras;Colisao traseira;Sem Vitimas;Plena noite
1281021;2013-04-10;Quarta;23:50:00;RJ;101;312.0;SAO GONCALO;Falta de atencao;Colisao lateral;Com Vitimas Feridas;Plena noite
1281359;2013-04-11;Quinta;16:00:00;RJ;101;313.0;SAO GONCALO;Outras;Atropelamento de animal;Com Vitimas Feridas;Pleno dia
1281373;2013-04-11;Quinta;18:05:00;RJ;101;321.0;NITEROI;Falta de atencao;Colisao lateral;Sem Vitimas;Plena noite
1281452;2013-04-11;Quinta;19:45:00;RJ;101;319.0;SAO GONCALO;Outras;Colisao traseira;Sem Vitimas;Plena noite
1281484;2013-04-11;Quinta;21:30:00;RJ;101;313.0;SAO GONCALO;Outras;Atropelamento de pessoa;Com Vitimas Feridas;Plena noite
1281833;2013-04-12;Sexta;15:50:00;RJ;101;328.0;NITEROI;Outras;Colisao lateral;Sem Vitimas;Pleno dia
1281851;2013-04-12;Sexta;15:30:00;RJ;101;321.0;NITEROI;Outras;Colisao traseira;Sem Vitimas;Pleno dia
1281870;2013-04-08;Segunda;09:40:00;RJ;101;323.0;NITEROI;Falta de atencao;Colisao traseira;Sem Vitimas;Pleno dia
1281871;2013-04-11;Quinta;19:10:00;RJ;101;322.0;NITEROI;Outras;Colisao lateral;Sem Vitimas;Anoitecer
1281882;2013-04-08;Segunda;12:00:00;RJ;101;330.0;NITEROI;Falta de atencao;Colisao traseira;Sem Vitimas;Pleno dia
1282030;2013-04-12;Sexta;21:00:00;RJ;101;321.0;NITEROI;Outras;Colisao lateral;Sem Vitimas;Plena noite
1282057;2013-04-12;Sexta;18:30:00;RJ;101;318.0;SAO GONCALO;Nao guardar distancia de seguranca;Colisao lateral;Com Vitimas Feridas;Plena noite
1282073;2013-04-12;Sexta;22:20:00;RJ;101;323.0;NITEROI;Outras;Colisao traseira;Sem Vitimas;Plena noite
1282102;2013-04-12;Sexta;23:00:00;RJ;101;322.0;NITEROI;Nao guardar distancia de seguranca;Colisao lateral;Sem Vitimas;Plena noite
1282180;2013-04-12;Sexta;23:40:00;RJ;101;310.0;SAO GONCALO;Velocidade incompativel;Colisao traseira;Sem Vitimas;Plena noite
1282280;2013-04-13;Sabado;18:18:00;RJ;101;323.0;NITEROI;Nao guardar distancia de seguranca;Colisao traseira;Sem Vitimas;Plena noite
1282581;2013-04-14;Domingo;06:30:00;RJ;101;313.0;SAO GONCALO;Outras;Saida de Pista;Sem Vitimas;Amanhecer
1282735;2013-04-10;Quarta;06:40:00;RJ;101;323.0;NITEROI;Outras;Colisao traseira;Sem Vitimas;Pleno dia
1282759;2013-04-14;Domingo;21:00:00;RJ;101;322.0;NITEROI;Falta de atencao;Atropelamento de pessoa;Com Vitimas Feridas;Plena noite
1282764;2013-04-10;Quarta;07:00:00;RJ;101;325.0;NITEROI;Outras;Colisao lateral;Sem Vitimas;Pleno dia
1282804;2013-04-14;Domingo;20:30:00;RJ;101;317.0;SAO GONCALO;Outras;Colisao traseira;Com Vitimas Feridas;Plena noite
1282827;2013-04-14;Domingo;21:30:00;RJ;101;311.0;SAO GONCALO;Outras;Colisao traseira;Com Vitimas Feridas;Plena noite
1282839;2013-04-15;Segunda;01:50:00;RJ;101;307.5;SAO GONCALO;Animais na Pista;Atropelamento de animal;Com Vitimas Feridas;Plena noite
1282850;2013-04-15;Segunda;01:50:00;RJ;101;307.5;SAO GONCALO;Animais na Pista;Atropelamento de animal;Com Vitimas Feridas;Plena noite
1283503;2013-04-15;Segunda;01:50:00;RJ;101;307.5;SAO GONCALO;Animais na Pista;Atropelamento de animal;Com Vitimas Feridas;Plena noite
1283507;2013-04-13;Sabado;04:40:00;RJ;101;306.9;SAO GONCALO;Nao guardar distancia de seguranca;Colisao traseira;Com Vitimas Fatais;Plena noite
1283650;2013-04-16;Terca;09:00:00;RJ;101;331.0;RIO DE JANEIRO;Outras;Queda de motocicleta / bicicleta / veiculo;Com Vitimas Feridas;Pleno dia
1283667;2013-04-16;Terca;06:30:00;RJ;101;319.0;SAO GONCALO;Nao guardar distancia de seguranca;Colisao lateral;Com Vitimas Feridas;Pleno dia
1283804;2013-04-08;Segunda;11:30:00;RJ;101;326.0;NITEROI;Falta de atencao;Colisao traseira;Sem Vitimas;Pleno dia
1283839;2013-04-16;Terca;13:50:00;RJ;101;319.0;SAO GONCALO;Outras;Colisao traseira;Sem Vitimas;Pleno dia
1283988;2013-04-13;Sabado;15:40:00;RJ;101;307.0;SAO GONCALO;Outras;Colisao traseira;Sem Vitimas;Pleno dia
1283996;2013-04-09;Terca;22:40:00;RJ;101;306.0;SAO GONCALO;Outras;Colisao frontal;Com Vitimas Feridas;Plena noite
1284031;2013-04-13;Sabado;07:50:00;RJ;101;307.0;SAO GONCALO;Outras;Colisao traseira;Sem Vitimas;Pleno dia
1284118;2013-04-17;Quarta;15:00:00;RJ;101;323.0;NITEROI;Falta de atencao;Colisao traseira;Com Vitimas Feridas;Pleno dia
1284259;2013-04-13;Sabado;06:40:00;RJ;101;333.0;RIO DE JANEIRO;Outras;Colisao traseira;Com Vitimas Feridas;Pleno dia
1284269;2013-04-13;Sabado;07:50:00;RJ;101;303.0;SAO GONCALO;Outras;Colisao lateral;Sem Vitimas;Amanhecer
1284325;2013-04-11;Quinta;10:15:00;RJ;101;327.0;RIO DE JANEIRO;Falta de atencao;Colisao traseira;Sem Vitimas;Pleno dia
1284706;2013-04-18;Quinta;07:20:00;RJ;101;325.0;NITEROI;Falta de atencao;Colisao lateral;Sem Vitimas;Pleno dia
1284726;2013-04-16;Terca;16:20:00;RJ;101;331.0;RIO DE JANEIRO;Outras;Colisao traseira;Com Vitimas Feridas;Pleno dia
1284936;2013-04-18;Quinta;19:00:00;RJ;101;324.0;NITEROI;Falta de atencao;Colisao traseira;Sem Vitimas;Plena noite
1285053;2013-04-18;Quinta;23:00:00;RJ;101;307.0;SAO GONCALO;Outras;Colisao com bicicleta;Com Vitimas Feridas;Plena noite
1285214;2013-04-19;Sexta;10:00:00;RJ;101;316.0;SAO GONCALO;Outras;Colisao com objeto fixo;Sem Vitimas;Pleno dia
1285229;2013-04-19;Sexta;09:25:00;RJ;101;321.0;NITEROI;Nao guardar distancia de seguranca;Colisao lateral;Sem Vitimas;Pleno dia
1285480;2013-04-19;Sexta;18:30:00;RJ;101;316.0;SAO GONCALO;Falta de atencao;Colisao traseira;Sem Vitimas;Plena noite
1285534;2013-04-19;Sexta;16:51:00;RJ;101;333.0;NITEROI;Nao guardar distancia de seguranca;Colisao lateral;Sem Vitimas;Pleno dia
1285558;2013-04-19;Sexta;20:30:00;RJ;101;307.0;SAO GONCALO;Outras;Atropelamento de pessoa;Com Vitimas Feridas;Plena noite
1285571;2013-04-19;Sexta;19:10:00;RJ;101;329.0;RIO DE JANEIRO;Outras;Colisao lateral;Com Vitimas Feridas;Plena noite
1285576;2013-04-19;Sexta;21:00:00;RJ;101;320.0;NITEROI;Falta de atencao;Colisao lateral;Sem Vitimas;Plena noite
1285767;2013-04-20;Sabado;06:45:00;RJ;101;333.0;RIO DE JANEIRO;Desobediencia a sinalizacao;Colisao traseira;Com Vitimas Feridas;Pleno dia
1285797;2013-04-20;Sabado;07:00:00;RJ;101;306.5;SAO GONCALO;Outras;Colisao lateral;Sem Vitimas;Pleno dia
1285820;2013-04-13;Sabado;08:30:00;RJ;101;334.0;RIO DE JANEIRO;Outras;Colisao traseira;Sem Vitimas;Amanhecer
1285879;2013-04-20;Sabado;07:00:00;RJ;101;331.0;RIO DE JANEIRO;Outras;Colisao com objeto fixo;Sem Vitimas;Pleno dia
1285890;2013-04-20;Sabado;06:30:00;RJ;101;331.0;RIO DE JANEIRO;Outras;Colisao traseira;Sem Vitimas;Pleno dia
1285912;2013-04-20;Sabado;11:30:00;RJ;101;321.0;NITEROI;Falta de atencao;Danos Eventuais;Sem Vitimas;Pleno dia
1285998;2013-04-20;Sabado;15:10:00;RJ;101;310.0;SAO GONCALO;Outras;Colisao traseira;Sem Vitimas;Pleno dia
1286028;2013-04-20;Sabado;16:10:00;RJ;101;324.0;NITEROI;Nao guardar distancia de seguranca;Colisao traseira;Sem Vitimas;Pleno dia
1286035;2013-04-20;Sabado;15:30:00;RJ;101;320.0;SAO GONCALO;Falta de atencao;Colisao lateral;Sem Vitimas;Pleno dia
1286154;2013-04-20;Sabado;20:40:00;RJ;101;314.0;SAO GONCALO;Outras;Queda de motocicleta / bicicleta / veiculo;Com Vitimas Feridas;Plena noite
1286216;2013-04-20;Sabado;23:15:00;RJ;101;322.0;NITEROI;Nao guardar distancia de seguranca;Colisao lateral;Sem Vitimas;Plena noite
1286434;2013-04-13;Sabado;22:40:00;RJ;101;305.0;SAO GONCALO;Outras;Saida de Pista;Sem Vitimas;Plena noite
1286836;2013-04-18;Quinta;20:50:00;RJ;101;331.0;RIO DE JANEIRO;Outras;Colisao traseira;Com Vitimas Feridas;Plena noite
1286997;2013-04-22;Segunda;10:15:00;RJ;101;322.0;NITEROI;Outras;Colisao traseira;Sem Vitimas;Pleno dia
1287028;2013-04-22;Segunda;08:00:00;RJ;101;317.0;SAO GONCALO;Outras;Colisao lateral;Com Vitimas Feridas;Pleno dia
1287141;2013-04-22;Segunda;19:00:00;RJ;101;306.0;SAO GONCALO;Outras;Colisao com objeto fixo;Sem Vitimas;Plena noite
1287286;2013-04-19;Sexta;21:35:00;RJ;101;334.0;RIO DE JANEIRO;Falta de atencao;Queda de motocicleta / bicicleta / veiculo;Com Vitimas Feridas;Plena noite
1287688;2013-04-23;Terca;23:30:00;RJ;101;313.0;SAO GONCALO;Outras;Saida de Pista;Com Vitimas Feridas;Plena noite
1287711;2013-04-24;Quarta;02:30:00;RJ;101;301.0;SAO GONCALO;Falta de atencao;Colisao traseira;Com Vitimas Feridas;Plena noite
1287745;2013-04-20;Sabado;13:00:00;RJ;101;321.0;NITEROI;Outras;Colisao traseira;Sem Vitimas;Amanhecer
1287757;2013-04-21;Domingo;04:30:00;RJ;101;332.0;RIO DE JANEIRO;Outras;Colisao traseira;Sem Vitimas;Plena noite
1287787;2013-04-24;Quarta;06:15:00;RJ;101;309.0;SAO GONCALO;Outras;Colisao traseira;Sem Vitimas;Pleno dia
1287818;2013-04-24;Quarta;08:00:00;RJ;101;322.0;NITEROI;Outras;Colisao lateral;Sem Vitimas;Pleno dia
1288106;2013-04-24;Quarta;16:45:00;RJ;101;306.0;SAO GONCALO;Nao guardar distancia de seguranca;Colisao traseira;Sem Vitimas;Pleno dia
1288155;2013-04-24;Quarta;19:30:00;RJ;101;325.0;NITEROI;Velocidade incompativel;Colisao traseira;Sem Vitimas;Plena noite
1288163;2013-04-16;Terca;21:00:00;RJ;101;321.0;NITEROI;Outras;Colisao lateral;Sem Vitimas;Plena noite
1288327;2013-04-25;Quinta;06:50:00;RJ;101;325.0;NITEROI;Outras;Colisao traseira;Sem Vitimas;Pleno dia
1288375;2013-04-25;Quinta;07:40:00;RJ;101;316.0;SAO GONCALO;Falta de atencao;Colisao traseira;Sem Vitimas;Pleno dia
1288401;2013-04-25;Quinta;09:13:00;RJ;101;334.0;RIO DE JANEIRO;Outras;Colisao traseira;Sem Vitimas;Pleno dia
1288589;2013-04-21;Domingo;12:00:00;RJ;101;316.0;SAO GONCALO;Outras;Saida de Pista;Sem Vitimas;Pleno dia
1288881;2013-04-26;Sexta;09:30:00;RJ;101;322.0;NITEROI;Desobediencia a sinalizacao;Colisao traseira;Com Vitimas Feridas;Pleno dia
1288917;2013-04-26;Sexta;08:00:00;RJ;101;321.0;NITEROI;Desobediencia a sinalizacao;Colisao traseira;Sem Vitimas;Pleno dia
1288924;2013-04-26;Sexta;06:00:00;RJ;101;327.0;NITEROI;Outras;Colisao lateral;Sem Vitimas;Pleno dia
1288988;2013-01-22;Terca;09:00:00;RJ;101;331.0;RIO DE JANEIRO;Nao guardar distancia de seguranca;Colisao traseira;Sem Vitimas;Pleno dia
1289085;2013-04-26;Sexta;17:45:00;RJ;101;313.0;SAO GONCALO;Outras;Colisao traseira;Sem Vitimas;Plena noite
1289089;2013-04-26;Sexta;15:00:00;RJ;101;323.0;NITEROI;Outras;Colisao lateral;Com Vitimas Feridas;Pleno dia
1289200;2013-04-26;Sexta;21:25:00;RJ;101;332.0;NITEROI;Outras;Colisao lateral;Sem Vitimas;Plena noite
1289265;2013-04-27;Sabado;12:45:00;RJ;101;304.0;SAO GONCALO;Falta de atencao;Colisao traseira;Sem Vitimas;Pleno dia
1289438;2013-04-27;Sabado;20:56:00;RJ;101;328.0;RIO DE JANEIRO;Velocidade incompativel;Colisao com objeto fixo;Com Vitimas Feridas;Plena noite
1289441;2013-04-24;Quarta;00:40:00;RJ;101;333.0;RIO DE JANEIRO;Defeito mecanico em veiculo;Colisao traseira;Sem Vitimas;Plena noite
1289517;2013-04-28;Domingo;02:11:00;RJ;101;315.0;SAO GONCALO;Outras;Saida de Pista;Sem Vitimas;Plena noite
1289604;2013-04-28;Domingo;06:15:00;RJ;101;312.0;SAO GONCALO;Outras;Colisao com objeto fixo;Sem Vitimas;Pleno dia
1289655;2013-04-24;Quarta;08:15:00;RJ;101;322.0;NITEROI;Outras;Colisao lateral;Com Vitimas Feridas;Pleno dia
1289761;2013-04-28;Domingo;14:00:00;RJ;101;320.0;NITEROI;Outras;Colisao traseira;Sem Vitimas;Pleno dia
1290037;2013-04-28;Domingo;18:20:00;RJ;101;318.0;SAO GONCALO;Falta de atencao;Colisao traseira;Sem Vitimas;Plena noite
1290101;2013-04-29;Segunda;07:29:00;RJ;101;322.0;RIO DE JANEIRO;Nao guardar distancia de seguranca;Colisao traseira;Sem Vitimas;Amanhecer
1290214;2013-04-29;Segunda;10:20:00;RJ;101;333.0;RIO DE JANEIRO;Outras;Colisao traseira;Sem Vitimas;Pleno dia
1290252;2013-04-29;Segunda;09:20:00;RJ;101;319.0;SAO GONCALO;Outras;Colisao traseira;Com Vitimas Feridas;Pleno dia
1290360;2013-04-29;Segunda;14:30:00;RJ;101;333.0;NITEROI;Outras;Colisao lateral;Sem Vitimas;Pleno dia
1290397;2013-04-29;Segunda;14:19:00;RJ;101;333.0;RIO DE JANEIRO;Outras;Colisao traseira;Sem Vitimas;Pleno dia
1290730;2013-04-27;Sabado;04:30:00;RJ;101;307.5;SAO GONCALO;Outras;Colisao com objeto fixo;Sem Vitimas;Plena noite
1290736;2013-04-27;Sabado;05:00:00;RJ;101;319.0;SAO GONCALO;Ingestao de alcool;Colisao com objeto fixo;Sem Vitimas;Plena noite
1290794;2013-02-09;Sabado;09:09:00;RJ;101;323.0;NITEROI;Desobediencia a sinalizacao;Colisao lateral;Sem Vitimas;Pleno dia
1290925;2013-04-30;Terca;12:00:00;RJ;101;320.5;NITEROI;Outras;Colisao traseira;Sem Vitimas;Pleno dia
1291005;2013-04-30;Terca;15:35:00;RJ;101;308.0;SAO GONCALO;Outras;Colisao lateral;Sem Vitimas;Pleno dia
1291092;2013-04-30;Terca;18:30:00;RJ;101;314.0;SAO GONCALO;Outras;Tombamento;Sem Vitimas;Plena noite
1291114;2013-04-26;Sexta;14:10:00;RJ;101;332.0;RIO DE JANEIRO;Outras;Colisao com objeto movel;Sem Vitimas;Pleno dia
1291176;2013-04-29;Segunda;18:05:00;RJ;101;317.0;SAO GONCALO;Outras;Colisao traseira;Sem Vitimas;Plena noite
1291355;2013-04-30;Terca;07:45:00;RJ;101;333.0;RIO DE JANEIRO;Outras;Colisao lateral;Sem Vitimas;Amanhecer
1291413;2013-05-01;Quarta;09:30:00;RJ;101;310.0;SAO GONCALO;Outras;Atropelamento de pessoa;Com Vitimas Feridas;Pleno dia
1291423;2013-05-01;Quarta;10:30:00;RJ;101;318.0;SAO GONCALO;Falta de atencao;Colisao com objeto fixo;Sem Vitimas;Pleno dia
1291682;2013-05-01;Quarta;19:25:00;RJ;101;328.0;NITEROI;Falta de atencao;Colisao lateral;Sem Vitimas;Plena noite
1291823;2013-05-02;Quinta;08:30:00;RJ;101;322.0;NITEROI;Outras;Colisao lateral;Sem Vitimas;Pleno dia
1291840;2013-03-30;Sabado;17:20:00;RJ;101;319.0;SAO GONCALO;Outras;Colisao traseira;Sem Vitimas;Anoitecer
1291842;2013-05-02;Quinta;08:00:00;RJ;101;322.0;NITEROI;Outras;Colisao lateral;Sem Vitimas;Pleno dia
1291844;2013-04-28;Domingo;15:40:00;RJ;101;334.0;RIO DE JANEIRO;Outras;Colisao traseira;Sem Vitimas;Pleno dia
1291856;2013-05-02;Quinta;08:45:00;RJ;101;323.0;NITEROI;Outras;Colisao traseira;Sem Vitimas;Pleno dia
1292130;2013-04-28;Domingo;08:35:00;RJ;101;323.0;NITEROI;Falta de atencao;Colisao traseira;Sem Vitimas;Pleno dia
1292179;2013-05-02;Quinta;20:00:00;RJ;101;320.0;NITEROI;Outras;Colisao traseira;Sem Vitimas;Plena noite
1292218;2013-05-02;Quinta;21:20:00;RJ;101;305.0;SAO GONCALO;Outras;Colisao com objeto movel;Sem Vitimas;Plena noite
1292243;2013-05-02;Quinta;22:40:00;RJ;101;304.0;SAO GONCALO;Outras;Colisao com objeto movel;Sem Vitimas;Plena noite
1292378;2013-05-03;Sexta;09:30:00;RJ;101;334.0;RIO DE JANEIRO;Outras;Colisao lateral;Sem Vitimas;Pleno dia
1292398;2013-05-03;Sexta;08:25:00;RJ;101;319.0;SAO GONCALO;Outras;Colisao lateral;Com Vitimas Feridas;Pleno dia
1292574;2013-05-03;Sexta;16:00:00;RJ;101;328.0;RIO DE JANEIRO;Outras;Colisao traseira;Sem Vitimas;Anoitecer
1292862;2013-04-30;Terca;20:30:00;RJ;101;333.0;RIO DE JANEIRO;Outras;Colisao lateral;Sem Vitimas;Plena noite
1293248;2013-05-05;Domingo;00:30:00;RJ;101;321.0;NITEROI;Outras;Atropelamento de pessoa;Com Vitimas Feridas;Plena noite
1293526;2013-05-05;Domingo;16:30:00;RJ;101;313.0;SAO GONCALO;Outras;Saida de Pista;Com Vitimas Feridas;Pleno dia
1293556;2013-05-05;Domingo;19:00:00;RJ;101;318.0;SAO GONCALO;Outras;Colisao traseira;Sem Vitimas;Plena noite
1293693;2013-05-06;Segunda;02:20:00;RJ;101;318.5;SAO GONCALO;Defeito mecanico em veiculo;Colisao com objeto fixo;Sem Vitimas;Plena noite
1293764;2013-05-02;Quinta;20:10:00;RJ;101;322.0;NITEROI;Outras;Colisao traseira;Sem Vitimas;Plena noite
1293834;2013-05-06;Segunda;08:40:00;RJ;101;327.0;RIO DE JANEIRO;Outras;Colisao traseira;Sem Vitimas;Pleno dia
1293946;2013-05-02;Quinta;18:36:00;RJ;101;319.0;SAO GONCALO;Outras;Colisao traseira;Sem Vitimas;Plena noite
1293972;2013-05-02;Quinta;18:30:00;RJ;101;320.0;SAO GONCALO;Outras;Colisao traseira;Sem Vitimas;Plena noite
1294071;2013-05-06;Segunda;22:10:00;RJ;101;332.0;RIO DE JANEIRO;Nao guardar distancia de seguranca;Colisao traseira;Com Vitimas Feridas;Plena noite
1294214;2013-05-07;Terca;11:30:00;RJ;101;319.0;SAO GONCALO;Outras;Colisao traseira;Sem Vitimas;Pleno dia
1294366;2013-05-04;Sabado;00:30:00;RJ;101;316.0;SAO GONCALO;Outras;Saida de Pista;Sem Vitimas;Plena noite
1294397;2013-05-07;Terca;19:00:00;RJ;101;322.0;NITEROI;Outras;Colisao lateral;Sem Vitimas;Plena noite
1294682;2013-05-05;Domingo;02:20:00;RJ;101;321.0;NITEROI;Ingestao de alcool;Colisao lateral;Sem Vitimas;Plena noite
1295104;2013-05-08;Quarta;17:30:00;RJ;101;326.0;NITEROI;Falta de atencao;Colisao traseira;Com Vitimas Feridas;Anoitecer
1295185;2013-05-08;Quarta;06:50:00;RJ;101;318.0;SAO GONCALO;Outras;Colisao traseira;Sem Vitimas;Amanhecer
1295379;2013-01-25;Sexta;23:00:00;RJ;101;322.0;NITEROI;Falta de atencao;Colisao lateral;Sem Vitimas;Plena noite
1295562;2013-05-09;Quinta;17:50:00;RJ;101;308.0;SAO GONCALO;Falta de atencao;Colisao lateral;Sem Vitimas;Anoitecer
1295706;2013-05-09;Quinta;19:15:00;RJ;101;327.0;RIO DE JANEIRO;Falta de atencao;Colisao traseira;Com Vitimas Feridas;Plena noite
1295729;2013-05-09;Quinta;23:54:00;RJ;101;334.0;RIO DE JANEIRO;Falta de atencao;Colisao traseira;Sem Vitimas;Plena noite
1295778;2013-05-10;Sexta;04:11:00;RJ;101;333.0;RIO DE JANEIRO;Defeito mecanico em veiculo;Colisao com objeto movel;Sem Vitimas;Plena noite
1295803;2013-05-02;Quinta;11:20:00;RJ;101;320.0;NITEROI;Falta de atencao;Colisao lateral;Sem Vitimas;Pleno dia
1295811;2013-05-06;Segunda;11:50:00;RJ;101;320.0;NITEROI;Outras;Colisao lateral;Sem Vitimas;Pleno dia
1296207;2013-05-10;Sexta;18:00:00;RJ;101;320.0;NITEROI;Nao guardar distancia de seguranca;Colisao traseira;Sem Vitimas;Plena noite
1296265;2013-05-10;Sexta;20:20:00;RJ;101;328.0;RIO DE JANEIRO;Nao guardar distancia de seguranca;Colisao lateral;Sem Vitimas;Plena noite
1296595;2013-05-11;Sabado;10:50:00;RJ;101;321.0;NITEROI;Falta de atencao;Colisao lateral;Sem Vitimas;Pleno dia
1296604;2013-05-11;Sabado;11:30:00;RJ;101;308.0;SAO GONCALO;Outras;Colisao traseira;Sem Vitimas;Pleno dia
1296627;2013-05-11;Sabado;10:30:00;RJ;101;322.0;NITEROI;Outras;Queda de motocicleta / bicicleta / veiculo;Com Vitimas Feridas;Pleno dia
1296651;2013-05-11;Sabado;13:30:00;RJ;101;334.0;RIO DE JANEIRO;Falta de atencao;Colisao traseira;Sem Vitimas;Pleno dia
1296678;2013-05-11;Sabado;14:30:00;RJ;101;330.0;RIO DE JANEIRO;Falta de atencao;Colisao traseira;Sem Vitimas;Pleno dia
1296707;2013-05-11;Sabado;16:00:00;RJ;101;322.0;NITEROI;Outras;Colisao traseira;Sem Vitimas;Pleno dia
1296750;2013-05-11;Sabado;18:15:00;RJ;101;326.0;NITEROI;Outras;Colisao traseira;Sem Vitimas;Plena noite
1296763;2013-05-11;Sabado;18:30:00;RJ;101;315.0;SAO GONCALO;Outras;Colisao traseira;Sem Vitimas;Plena noite
1296780;2013-05-11;Sabado;18:20:00;RJ;101;316.0;SAO GONCALO;Outras;Capotamento;Com Vitimas Feridas;Plena noite
1297313;2013-05-12;Domingo;18:10:00;RJ;101;312.0;SAO GONCALO;Outras;Colisao lateral;Com Vitimas Feridas;Anoitecer
1297461;2013-05-13;Segunda;07:00:00;RJ;101;313.0;SAO GONCALO;Falta de atencao;Colisao traseira;Sem Vitimas;Pleno dia
1297500;2013-05-13;Segunda;08:00:00;RJ;101;316.0;SAO GONCALO;Falta de atencao;Colisao traseira;Sem Vitimas;Pleno dia
1297611;2013-05-13;Segunda;11:30:00;RJ;101;318.0;SAO GONCALO;Falta de atencao;Colisao traseira;Sem Vitimas;Pleno dia
1297658;2013-05-13;Segunda;12:40:00;RJ;101;322.0;NITEROI;Falta de atencao;Colisao lateral;Sem Vitimas;Pleno dia
1297855;2013-05-13;Segunda;18:00:00;RJ;101;311.0;SAO GONCALO;Nao guardar distancia de seguranca;Colisao traseira;Sem Vitimas;Plena noite
1297997;2013-05-13;Segunda;17:30:00;RJ;101;321.0;NITEROI;Falta de atencao;Colisao traseira;Com Vitimas Feridas;Anoitecer
1298102;2013-05-10;Sexta;20:50:00;RJ;101;328.0;NITEROI;Outras;Colisao traseira;Sem Vitimas;Pleno dia
1298383;2013-05-10;Sexta;22:10:00;RJ;101;322.0;NITEROI;Outras;Colisao lateral;Sem Vitimas;Plena noite
1298567;2013-05-07;Terca;09:45:00;RJ;101;319.0;SAO GONCALO;Falta de atencao;Colisao traseira;Sem Vitimas;Pleno dia
1298609;2013-05-14;Terca;20:15:00;RJ;101;314.0;SAO GONCALO;Outras;Colisao traseira;Sem Vitimas;Plena noite
1298769;2013-05-15;Quarta;08:35:00;RJ;101;310.0;SAO GONCALO;Outras;Colisao lateral;Sem Vitimas;Pleno dia
1298837;2013-05-15;Quarta;11:00:00;RJ;101;334.0;RIO DE JANEIRO;Outras;Colisao lateral;Sem Vitimas;Pleno dia
1298845;2013-05-15;Quarta;08:00:00;RJ;101;319.0;SAO GONCALO;Outras;Colisao lateral;Com Vitimas Feridas;Pleno dia
1299084;2013-05-15;Quarta;19:20:00;RJ;101;322.0;NITEROI;Nao guardar distancia de seguranca;Colisao com objeto movel;Sem Vitimas;Plena noite
1299148;2013-05-15;Quarta;19:15:00;RJ;101;307.0;SAO GONCALO;Outras;Colisao com bicicleta;Com Vitimas Feridas;Plena noite
1299185;2013-05-06;Segunda;16:40:00;RJ;101;307.0;SAO GONCALO;Outras;Colisao lateral;Sem Vitimas;Pleno dia
1299317;2013-05-16;Quinta;07:10:00;RJ;101;322.0;NITEROI;Outras;Colisao traseira;Sem Vitimas;Pleno dia
1299405;2013-05-11;Sabado;04:19:00;RJ;101;303.0;SAO GONCALO;Outras;Colisao Transversal;Sem Vitimas;Plena noite
1299408;2013-05-16;Quinta;11:15:00;RJ;101;305.0;SAO GONCALO;Nao guardar distancia de seguranca;Colisao traseira;Sem Vitimas;Pleno dia
1299544;2013-05-10;Sexta;23:00:00;RJ;101;321.0;NITEROI;Falta de atencao;Colisao lateral;Sem Vitimas;Plena noite
1299579;2013-05-16;Quinta;17:00:00;RJ;101;322.0;NITEROI;Outras;Colisao traseira;Sem Vitimas;Anoitecer
1299618;2013-05-16;Quinta;15:38:00;RJ;101;322.0;NITEROI;Outras;Colisao traseira;Sem Vitimas;Pleno dia
1299718;2013-05-16;Quinta;15:00:00;RJ;101;324.0;NITEROI;Outras;Colisao traseira;Com Vitimas Fatais;Pleno dia
1299747;2013-05-16;Quinta;20:20:00;RJ;101;322.0;NITEROI;Outras;Colisao lateral;Sem Vitimas;Plena noite
1299792;2013-05-16;Quinta;18:30:00;RJ;101;322.0;NITEROI;Outras;Colisao lateral;Sem Vitimas;Anoitecer
1299832;2013-05-16;Quinta;22:40:00;RJ;101;306.0;SAO GONCALO;Falta de atencao;Atropelamento de pessoa;Com Vitimas Feridas;Plena noite
1300023;2013-05-17;Sexta;11:40:00;RJ;101;319.0;SAO GONCALO;Falta de atencao;Colisao traseira;Sem Vitimas;Pleno dia
1300137;2013-05-17;Sexta;16:00:00;RJ;101;316.0;SAO GONCALO;Outras;Colisao traseira;Sem Vitimas;Pleno dia
1300139;2013-05-17;Sexta;15:00:00;RJ;101;301.0;SAO GONCALO;Nao guardar distancia de seguranca;Colisao lateral;Sem Vitimas;Pleno dia
1300164;2013-05-17;Sexta;03:20:00;RJ;101;317.0;SAO GONCALO;Outras;Saida de Pista;Sem Vitimas;Plena noite
1300174;2013-05-17;Sexta;17:50:00;RJ;101;334.0;RIO DE JANEIRO;Falta de atencao;Colisao lateral;Sem Vitimas;Anoitecer
1300290;2013-05-17;Sexta;20:10:00;RJ;101;319.0;SAO GONCALO;Falta de atencao;Colisao traseira;Sem Vitimas;Plena noite
1300302;2013-05-17;Sexta;20:37:00;RJ;101;321.0;NITEROI;Nao guardar distancia de seguranca;Colisao lateral;Sem Vitimas;Plena noite
1300312;2013-05-17;Sexta;20:30:00;RJ;101;317.0;SAO GONCALO;Falta de atencao;Saida de Pista;Sem Vitimas;Pleno dia
1300332;2013-05-17;Sexta;20:00:00;RJ;101;325.0;NITEROI;Nao guardar distancia de seguranca;Colisao traseira;Sem Vitimas;Plena noite
1300564;2013-05-18;Sabado;11:40:00;RJ;101;320.0;NITEROI;Outras;Colisao com objeto movel;Sem Vitimas;Pleno dia
1300613;2013-05-18;Sabado;12:30:00;RJ;101;332.0;RIO DE JANEIRO;Nao guardar distancia de seguranca;Colisao traseira;Sem Vitimas;Pleno dia
1300981;2013-05-19;Domingo;09:00:00;RJ;101;325.0;NITEROI;Outras;Colisao traseira;Com Vitimas Feridas;Pleno dia
1301056;2013-05-19;Domingo;11:00:00;RJ;101;321.0;NITEROI;Outras;Colisao lateral;Sem Vitimas;Pleno dia
1301146;2013-05-19;Domingo;16:00:00;RJ;101;316.0;SAO GONCALO;Outras;Saida de Pista;Sem Vitimas;Pleno dia
1301150;2013-05-19;Domingo;16:36:00;RJ;101;332.0;RIO DE JANEIRO;Falta de atencao;Colisao traseira;Sem Vitimas;Pleno dia
1301181;2013-05-19;Domingo;17:30:00;RJ;101;299.0;SAO GONCALO;Outras;Colisao traseira;Sem Vitimas;Anoitecer
1301244;2013-05-19;Domingo;19:15:00;RJ;101;333.0;NITEROI;Outras;Queda de motocicleta / bicicleta / veiculo;Sem Vitimas;Anoitecer
1301645;2013-05-20;Segunda;10:20:00;RJ;101;304.0;SAO GONCALO;Outras;Colisao traseira;Sem Vitimas;Pleno dia
1301647;2013-05-16;Quinta;07:30:00;RJ;101;322.0;NITEROI;Outras;Danos Eventuais;Sem Vitimas;Pleno dia
1301670;2013-05-20;Segunda;15:00:00;RJ;101;308.0;SAO GONCALO;Outras;Colisao traseira;Sem Vitimas;Pleno dia
1301832;2013-05-16;Quinta;20:10:00;RJ;101;322.0;NITEROI;Outras;Colisao lateral;Sem Vitimas;Plena noite
1301916;2013-05-21;Terca;03:00:00;RJ;101;321.5;NITEROI;Falta de atencao;Colisao traseira;Sem Vitimas;Plena noite
1301996;2013-05-21;Terca;08:40:00;RJ;101;314.0;SAO GONCALO;Nao guardar distancia de seguranca;Colisao lateral;Com Vitimas Feridas;Pleno dia
1302193;2013-05-21;Terca;17:00:00;RJ;101;303.0;SAO GONCALO;Outras;Tombamento;Sem Vitimas;Pleno dia
1302237;2013-05-21;Terca;19:00:00;RJ;101;318.0;SAO GONCALO;Nao guardar distancia de seguranca;Colisao traseira;Sem Vitimas;Plena noite
1302280;2013-05-13;Segunda;09:15:00;RJ;101;325.0;NITEROI;Falta de atencao;Colisao traseira;Com Vitimas Feridas;Pleno dia
1302369;2013-05-22;Quarta;01:11:00;RJ;101;315.0;SAO GONCALO;Outras;Saida de Pista;Com Vitimas Feridas;Plena noite
1302459;2013-05-22;Quarta;07:10:00;RJ;101;334.0;RIO DE JANEIRO;Outras;Colisao traseira;Sem Vitimas;Pleno dia
1302609;2013-05-22;Quarta;10:00:00;RJ;101;330.0;RIO DE JANEIRO;Animais na Pista;Colisao traseira;Sem Vitimas;Pleno dia
1302681;2013-05-22;Quarta;16:30:00;RJ;101;330.0;RIO DE JANEIRO;Outras;Colisao lateral;Sem Vitimas;Pleno dia
1302796;2013-05-22;Quarta;20:30:00;RJ;101;322.0;NITEROI;Outras;Colisao lateral;Sem Vitimas;Plena noite
1303028;2013-05-23;Quinta;07:00:00;RJ;101;330.0;RIO DE JANEIRO;Falta de atencao;Colisao com objeto fixo;Com Vitimas Feridas;Pleno dia
1303268;2013-05-23;Quinta;18:00:00;RJ;101;322.0;NITEROI;Outras;Colisao lateral;Sem Vitimas;Plena noite
1303295;2013-05-23;Quinta;19:30:00;RJ;101;328.0;NITEROI;Nao guardar distancia de seguranca;Colisao lateral;Sem Vitimas;Anoitecer
1303393;2013-05-23;Quinta;21:00:00;RJ;101;319.0;SAO GONCALO;Outras;Colisao traseira;Sem Vitimas;Plena noite
1303501;2013-05-24;Sexta;07:30:00;RJ;101;312.0;SAO GONCALO;Outras;Saida de Pista;Sem Vitimas;Amanhecer
1303505;2013-05-24;Sexta;05:50:00;RJ;101;326.0;RIO DE JANEIRO;Outras;Colisao traseira;Sem Vitimas;Amanhecer
1303580;2013-05-24;Sexta;11:00:00;RJ;101;325.0;NITEROI;Outras;Colisao lateral;Sem Vitimas;Pleno dia
1303642;2013-05-24;Sexta;06:10:00;RJ;101;316.0;SAO GONCALO;Outras;Colisao lateral;Sem Vitimas;Pleno dia
1303657;2013-05-24;Sexta;14:30:00;RJ;101;333.0;RIO DE JANEIRO;Outras;Colisao traseira;Sem Vitimas;Pleno dia
1303679;2013-05-24;Sexta;14:53:00;RJ;101;321.0;NITEROI;Outras;Colisao traseira;Sem Vitimas;Pleno dia
1303693;2013-05-24;Sexta;16:00:00;RJ;101;317.0;SAO GONCALO;Outras;Colisao traseira;Sem Vitimas;Pleno dia
1303719;2013-05-24;Sexta;07:00:00;RJ;101;315.0;SAO GONCALO;Outras;Queda de motocicleta / bicicleta / veiculo;Sem Vitimas;Pleno dia
1303743;2013-05-20;Segunda;07:50:00;RJ;101;322.0;NITEROI;Falta de atencao;Colisao traseira;Sem Vitimas;Pleno dia
1303818;2013-05-24;Sexta;18:15:00;RJ;101;323.0;NITEROI;Falta de atencao;Colisao traseira;Sem Vitimas;Plena noite
1303827;2013-05-20;Segunda;13:00:00;RJ;101;321.0;NITEROI;Outras;Colisao traseira;Sem Vitimas;Pleno dia
1303833;2013-03-29;Sexta;13:25:00;RJ;101;326.0;NITEROI;Outras;Colisao traseira;Com Vitimas Feridas;Pleno dia
1303900;2013-05-24;Sexta;16:00:00;RJ;101;318.0;SAO GONCALO;Outras;Colisao traseira;Sem Vitimas;Pleno dia
1303929;2013-05-24;Sexta;22:20:00;RJ;101;323.0;NITEROI;Outras;Colisao traseira;Sem Vitimas;Plena noite
1304104;2013-05-25;Sabado;05:10:00;RJ;101;321.8;NITEROI;Velocidade incompativel;Colisao com objeto fixo;Sem Vitimas;Plena noite
1304272;2013-05-25;Sabado;18:00:00;RJ;101;319.0;SAO GONCALO;Nao guardar distancia de seguranca;Colisao traseira;Sem Vitimas;Plena noite
1304341;2013-05-25;Sabado;18:30:00;RJ;101;323.0;NITEROI;Falta de atencao;Colisao traseira;Com Vitimas Feridas;Plena noite
1304466;2013-05-22;Quarta;20:20:00;RJ;101;322.0;NITEROI;Outras;Colisao lateral;Sem Vitimas;Plena noite
1304576;2013-05-26;Domingo;06:30:00;RJ;101;313.0;SAO GONCALO;Outras;Capotamento;Com Vitimas Feridas;Pleno dia
1304731;2013-05-14;Terca;19:30:00;RJ;101;311.0;SAO GONCALO;Outras;Colisao com objeto fixo;Com Vitimas Feridas;Plena noite
1304760;2013-05-15;Quarta;01:15:00;RJ;101;304.0;SAO GONCALO;Dormindo;Colisao com objeto fixo;Sem Vitimas;Plena noite
1304791;2013-05-26;Domingo;21:00:00;RJ;101;326.0;NITEROI;Outras;Colisao traseira;Com Vitimas Feridas;Plena noite
1304799;2013-05-22;Quarta;07:30:00;RJ;101;316.0;SAO GONCALO;Outras;Colisao lateral;Sem Vitimas;Pleno dia
1304908;2013-05-27;Segunda;06:30:00;RJ;101;334.0;RIO DE JANEIRO;Outras;Colisao lateral;Sem Vitimas;Pleno dia
1305206;2013-05-27;Segunda;16:20:00;RJ;101;325.0;NITEROI;Outras;Colisao lateral;Sem Vitimas;Pleno dia
1305309;2013-05-27;Segunda;19:50:00;RJ;101;321.0;NITEROI;Outras;Colisao lateral;Sem Vitimas;Plena noite
1305405;2013-05-27;Segunda;22:30:00;RJ;101;320.0;NITEROI;Outras;Tombamento;Sem Vitimas;Plena noite
1305491;2013-05-28;Terca;07:30:00;RJ;101;320.0;NITEROI;Outras;Colisao lateral;Sem Vitimas;Pleno dia
1305549;2013-05-24;Sexta;11:00:00;RJ;101;321.0;NITEROI;Outras;Colisao lateral;Sem Vitimas;Pleno dia
1305629;2013-05-28;Terca;09:23:00;RJ;101;314.0;SAO GONCALO;Outras;Colisao lateral;Sem Vitimas;Pleno dia
1305631;2013-05-28;Terca;09:50:00;RJ;101;333.0;RIO DE JANEIRO;Outras;Colisao traseira;Sem Vitimas;Pleno dia
1305647;2013-05-28;Terca;12:05:00;RJ;101;319.0;SAO GONCALO;Outras;Colisao traseira;Sem Vitimas;Pleno dia
1305713;2013-05-28;Terca;14:20:00;RJ;101;308.0;SAO GONCALO;Nao guardar distancia de seguranca;Colisao lateral;Sem Vitimas;Pleno dia
1305731;2013-05-28;Terca;08:20:00;RJ;101;333.0;RIO DE JANEIRO;Outras;Colisao traseira;Sem Vitimas;Pleno dia
1305762;2013-05-28;Terca;15:30:00;RJ;101;306.0;SAO GONCALO;Outras;Colisao traseira;Sem Vitimas;Pleno dia
1305769;2013-05-28;Terca;13:50:00;RJ;101;330.0;RIO DE JANEIRO;Outras;Colisao lateral;Sem Vitimas;Pleno dia
1305953;2013-05-24;Sexta;19:30:00;RJ;101;321.5;NITEROI;Outras;Colisao traseira;Com Vitimas Feridas;Plena noite
1305965;2013-05-28;Terca;05:30:00;RJ;101;332.0;RIO DE JANEIRO;Outras;Colisao traseira;Sem Vitimas;Amanhecer
1306002;2013-05-28;Terca;21:00:00;RJ;101;322.0;NITEROI;Desobediencia a sinalizacao;Colisao traseira;Sem Vitimas;Plena noite
1306004;2013-05-28;Terca;18:39:00;RJ;101;323.0;NITEROI;Outras;Colisao traseira;Com Vitimas Feridas;Plena noite
1306099;2013-05-29;Quarta;08:30:00;RJ;101;319.0;SAO GONCALO;Outras;Colisao lateral;Com Vitimas Feridas;Pleno dia
1306187;2013-05-29;Quarta;09:30:00;RJ;101;321.0;NITEROI;Nao guardar distancia de seguranca;Colisao traseira;Sem Vitimas;Pleno dia
1306277;2013-05-29;Quarta;12:00:00;RJ;101;318.0;SAO GONCALO;Outras;Colisao traseira;Sem Vitimas;Pleno dia
1306337;2013-05-29;Quarta;19:00:00;RJ;101;322.0;NITEROI;Nao guardar distancia de seguranca;Colisao traseira;Sem Vitimas;Plena noite
1306351;2013-05-29;Quarta;19:20:00;RJ;101;322.0;NITEROI;Falta de atencao;Colisao lateral;Sem Vitimas;Plena noite
1306372;2013-05-29;Quarta;16:00:00;RJ;101;323.0;NITEROI;Falta de atencao;Colisao traseira;Sem Vitimas;Pleno dia
1306420;2013-05-25;Sabado;12:38:00;RJ;101;333.0;RIO DE JANEIRO;Nao guardar distancia de seguranca;Colisao traseira;Com Vitimas Feridas;Pleno dia
1306672;2013-05-30;Quinta;08:36:00;RJ;101;320.0;NITEROI;Outras;Colisao lateral;Com Vitimas Feridas;Pleno dia
1306786;2013-05-30;Quinta;06:30:00;RJ;101;322.0;NITEROI;Outras;Colisao traseira;Sem Vitimas;Amanhecer
1306907;2013-05-22;Quarta;18:20:00;RJ;101;317.0;SAO GONCALO;Outras;Colisao traseira;Com Vitimas Feridas;Plena noite
1307111;2013-05-31;Sexta;00:30:00;RJ;101;327.0;RIO DE JANEIRO;Outras;Colisao traseira;Sem Vitimas;Plena noite
1307140;2013-05-31;Sexta;03:00:00;RJ;101;320.0;NITEROI;Velocidade incompativel;Saida de Pista;Sem Vitimas;Plena noite
1307322;2013-05-31;Sexta;12:38:00;RJ;101;331.0;RIO DE JANEIRO;Nao guardar distancia de seguranca;Colisao traseira;Sem Vitimas;Pleno dia
1307519;2013-05-31;Sexta;18:03:00;RJ;101;334.0;RIO DE JANEIRO;Falta de atencao;Colisao traseira;Sem Vitimas;Anoitecer
1307749;2013-06-01;Sabado;04:30:00;RJ;101;319.0;SAO GONCALO;Outras;Saida de Pista;Sem Vitimas;Amanhecer
1307906;2013-06-01;Sabado;14:10:00;RJ;101;323.0;NITEROI;Falta de atencao;Colisao traseira;Sem Vitimas;Pleno dia
1307922;2013-06-01;Sabado;08:45:00;RJ;101;321.0;NITEROI;Outras;Colisao traseira;Sem Vitimas;Pleno dia
1307966;2013-06-01;Sabado;16:25:00;RJ;101;307.0;SAO GONCALO;Velocidade incompativel;Colisao traseira;Sem Vitimas;Pleno dia
1308019;2013-06-01;Sabado;16:00:00;RJ;101;311.0;SAO GONCALO;Animais na Pista;Atropelamento de animal;Sem Vitimas;Pleno dia
1308517;2013-06-02;Domingo;18:15:00;RJ;101;301.0;SAO GONCALO;Nao guardar distancia de seguranca;Colisao traseira;Sem Vitimas;Plena noite
1308530;2013-06-02;Domingo;17:49:00;RJ;101;313.0;SAO GONCALO;Outras;Colisao lateral;Com Vitimas Feridas;Plena noite
1308704;2013-06-02;Domingo;23:20:00;RJ;101;307.0;SAO GONCALO;Outras;Atropelamento de pessoa;Com Vitimas Feridas;Plena noite
1308797;2013-05-30;Quinta;07:30:00;RJ;101;320.0;NITEROI;Outras;Colisao traseira;Sem Vitimas;Pleno dia
1308811;2013-05-22;Quarta;08:30:00;RJ;101;317.0;SAO GONCALO;Outras;Colisao lateral;Sem Vitimas;Pleno dia
1308888;2013-06-03;Segunda;09:30:00;RJ;101;327.0;RIO DE JANEIRO;Nao guardar distancia de seguranca;Colisao traseira;Sem Vitimas;Pleno dia
1308913;2013-06-03;Segunda;09:20:00;RJ;101;312.0;SAO GONCALO;Outras;Colisao traseira;Sem Vitimas;Pleno dia
1309018;2013-06-03;Segunda;09:30:00;RJ;101;316.0;SAO GONCALO;Falta de atencao;Colisao traseira;Com Vitimas Feridas;Pleno dia
1309201;2013-06-03;Segunda;20:10:00;RJ;101;326.0;NITEROI;Outras;Colisao traseira;Com Vitimas Feridas;Plena noite
1309382;2013-06-04;Terca;08:40:00;RJ;101;322.0;NITEROI;Outras;Queda de motocicleta / bicicleta / veiculo;Sem Vitimas;Pleno dia
1309385;2013-06-04;Terca;08:09:00;RJ;101;322.0;NITEROI;Outras;Colisao com objeto fixo;Sem Vitimas;Pleno dia
1309390;2013-06-04;Terca;07:45:00;RJ;101;309.0;SAO GONCALO;Animais na Pista;Colisao traseira;Sem Vitimas;Pleno dia
1309452;2013-06-04;Terca;10:56:00;RJ;101;333.0;RIO DE JANEIRO;Outras;Colisao com objeto movel;Sem Vitimas;Pleno dia
1309618;2013-06-04;Terca;17:40:00;RJ;101;324.0;NITEROI;Nao guardar distancia de seguranca;Colisao traseira;Sem Vitimas;Anoitecer
1309669;2013-06-04;Terca;18:30:00;RJ;101;320.0;NITEROI;Outras;Colisao lateral;Sem Vitimas;Anoitecer
1310020;2013-06-05;Quarta;11:30:00;RJ;101;330.0;RIO DE JANEIRO;Falta de atencao;Colisao traseira;Com Vitimas Fatais;Pleno dia
1310184;2013-06-05;Quarta;18:20:00;RJ;101;305.0;SAO GONCALO;Outras;Colisao com bicicleta;Com Vitimas Feridas;Plena noite
1310207;2013-06-05;Quarta;20:20:00;RJ;101;321.0;NITEROI;Outras;Colisao lateral;Sem Vitimas;Plena noite
1310254;2013-06-05;Quarta;11:00:00;RJ;101;319.0;SAO GONCALO;Outras;Colisao com objeto fixo;Sem Vitimas;Pleno dia
1310399;2013-06-06;Quinta;06:20:00;RJ;101;313.0;SAO GONCALO;Outras;Colisao traseira;Sem Vitimas;Pleno dia
1310400;2013-06-06;Quinta;07:30:00;RJ;101;316.0;SAO GONCALO;Desobediencia a sinalizacao;Colisao lateral;Sem Vitimas;Pleno dia
1310604;2013-06-06;Quinta;10:00:00;RJ;101;325.0;NITEROI;Nao guardar distancia de seguranca;Colisao traseira;Com Vitimas Feridas;Pleno dia
1310782;2013-06-06;Quinta;19:00:00;RJ;101;323.0;NITEROI;Defeito mecanico em veiculo;Colisao com objeto movel;Sem Vitimas;Plena noite
1310852;2013-06-06;Quinta;22:12:00;RJ;101;308.0;SAO GONCALO;Outras;Colisao traseira;Sem Vitimas;Plena noite
1310934;2013-06-07;Sexta;01:40:00;RJ;101;332.0;RIO DE JANEIRO;Velocidade incompativel;Colisao com objeto fixo;Sem Vitimas;Plena noite
1310968;2013-06-07;Sexta;06:00:00;RJ;101;315.0;SAO GONCALO;Outras;Colisao traseira;Sem Vitimas;Pleno dia
1311078;2013-06-07;Sexta;10:45:00;RJ;101;320.0;NITEROI;Outras;Colisao traseira;Sem Vitimas;Pleno dia
1311115;2013-06-04;Terca;17:40:00;RJ;101;318.0;SAO GONCALO;Outras;Colisao traseira;Sem Vitimas;Plena noite
1311206;2013-06-07;Sexta;16:10:00;RJ;101;326.0;NITEROI;Nao guardar distancia de seguranca;Colisao traseira;Sem Vitimas;Pleno dia
1311381;2013-06-07;Sexta;21:00:00;RJ;101;325.0;NITEROI;Outras;Colisao lateral;Sem Vitimas;Plena noite
1311652;2013-06-08;Sabado;11:00:00;RJ;101;318.0;SAO GONCALO;Outras;Colisao traseira;Sem Vitimas;Pleno dia
1311687;2013-06-08;Sabado;08:00:00;RJ;101;304.0;SAO GONCALO;Outras;Colisao traseira;Sem Vitimas;Pleno dia
1311742;2013-06-08;Sabado;15:00:00;RJ;101;321.0;NITEROI;Outras;Incendio;Sem Vitimas;Pleno dia
1312115;2013-06-09;Domingo;05:50:00;RJ;101;302.0;SAO GONCALO;Desobediencia a sinalizacao;Colisao com objeto fixo;Com Vitimas Feridas;Amanhecer
1312118;2013-06-05;Quarta;14:30:00;RJ;101;334.0;RIO DE JANEIRO;Outras;Colisao lateral;Sem Vitimas;Pleno dia
1312140;2013-06-05;Quarta;14:00:00;RJ;101;330.0;RIO DE JANEIRO;Outras;Colisao traseira;Sem Vitimas;Pleno dia
1312263;2013-06-09;Domingo;17:30:00;RJ;101;306.0;SAO GONCALO;Nao guardar distancia de seguranca;Colisao traseira;Sem Vitimas;Plena noite
1312295;2013-06-09;Domingo;18:40:00;RJ;101;326.0;NITEROI;Outras;Danos Eventuais;Sem Vitimas;Plena noite
1312332;2013-06-09;Domingo;19:10:00;RJ;101;317.0;SAO GONCALO;Nao guardar distancia de seguranca;Colisao traseira;Sem Vitimas;Plena noite
1312631;2013-06-10;Segunda;11:00:00;RJ;101;321.5;NITEROI;Falta de atencao;Colisao lateral;Sem Vitimas;Pleno dia
1312677;2013-06-10;Segunda;06:49:00;RJ;101;329.0;RIO DE JANEIRO;Falta de atencao;Colisao com objeto fixo;Com Vitimas Feridas;Pleno dia
1312758;2013-06-10;Segunda;13:30:00;RJ;101;320.0;NITEROI;Nao guardar distancia de seguranca;Colisao traseira;Sem Vitimas;Pleno dia
1312868;2013-06-10;Segunda;17:40:00;RJ;101;327.0;NITEROI;Falta de atencao;Colisao lateral;Sem Vitimas;Anoitecer
1312906;2013-06-10;Segunda;17:50:00;RJ;101;313.0;SAO GONCALO;Outras;Colisao lateral;Com Vitimas Feridas;Plena noite
1313082;2013-06-11;Terca;06:00:00;RJ;101;318.0;SAO GONCALO;Outras;Colisao traseira;Sem Vitimas;Pleno dia
1313091;2013-06-08;Sabado;01:50:00;RJ;101;320.0;NITEROI;Falta de atencao;Colisao lateral;Sem Vitimas;Plena noite
1313099;2013-06-08;Sabado;00:10:00;RJ;101;312.0;SAO GONCALO;Outras;Colisao traseira;Com Vitimas Feridas;Plena noite
1313135;2013-06-07;Sexta;19:35:00;RJ;101;305.0;SAO GONCALO;Outras;Colisao com objeto fixo;Sem Vitimas;Plena noite
1313145;2013-06-07;Sexta;19:52:00;RJ;101;303.0;SAO GONCALO;Outras;Colisao traseira;Sem Vitimas;Plena noite
1313306;2013-06-11;Terca;14:00:00;RJ;101;334.0;NITEROI;Outras;Colisao traseira;Sem Vitimas;Pleno dia
1313376;2013-06-08;Sabado;01:45:00;RJ;101;300.0;SAO GONCALO;Outras;Colisao com objeto fixo;Sem Vitimas;Plena noite
1313447;2013-06-11;Terca;17:50:00;RJ;101;321.0;NITEROI;Falta de atencao;Colisao traseira;Sem Vitimas;Anoitecer
1313514;2013-06-07;Sexta;20:00:00;RJ;101;304.0;SAO GONCALO;Desobediencia a sinalizacao;Colisao com bicicleta;Com Vitimas Feridas;Plena noite
1313660;2013-06-12;Quarta;06:40:00;RJ;101;327.0;NITEROI;Falta de atencao;Colisao traseira;Sem Vitimas;Pleno dia
1313668;2013-06-12;Quarta;08:00:00;RJ;101;319.0;SAO GONCALO;Outras;Colisao traseira;Sem Vitimas;Pleno dia
1313748;2013-06-08;Sabado;02:25:00;RJ;101;307.0;SAO GONCALO;Outras;Colisao com bicicleta;Com Vitimas Fatais;Plena noite
1313901;2013-06-12;Quarta;17:20:00;RJ;101;323.0;NITEROI;Nao guardar distancia de seguranca;Colisao traseira;Sem Vitimas;Anoitecer
1313948;2013-06-12;Quarta;18:38:00;RJ;101;325.0;NITEROI;Falta de atencao;Colisao traseira;Sem Vitimas;Plena noite
1313966;2013-06-12;Quarta;19:20:00;RJ;101;315.0;SAO GONCALO;Outras;Colisao traseira;Sem Vitimas;Plena noite
1314220;2013-06-13;Quinta;07:40:00;RJ;101;327.0;RIO DE JANEIRO;Outras;Colisao traseira;Sem Vitimas;Pleno dia
1314242;2013-06-13;Quinta;08:00:00;RJ;101;318.0;SAO GONCALO;Outras;Colisao lateral;Com Vitimas Feridas;Pleno dia
1314289;2013-06-13;Quinta;08:00:00;RJ;101;331.0;RIO DE JANEIRO;Outras;Colisao traseira;Sem Vitimas;Pleno dia
1314301;2013-06-11;Terca;18:30:00;RJ;101;300.0;SAO GONCALO;Outras;Colisao lateral;Sem Vitimas;Anoitecer
1314371;2013-06-13;Quinta;16:15:00;RJ;101;326.0;NITEROI;Outras;Queda de motocicleta / bicicleta / veiculo;Com Vitimas Feridas;Pleno dia
1314747;2013-06-06;Quinta;18:15:00;RJ;101;322.0;NITEROI;Falta de atencao;Colisao lateral;Sem Vitimas;Anoitecer
1314751;2013-06-11;Terca;11:50:00;RJ;101;322.0;NITEROI;Outras;Colisao Transversal;Com Vitimas Feridas;Pleno dia
1314772;2013-06-14;Sexta;06:30:00;RJ;101;334.0;RIO DE JANEIRO;Falta de atencao;Colisao traseira;Com Vitimas Feridas;Amanhecer
1314786;2013-06-14;Sexta;05:50:00;RJ;101;320.0;NITEROI;Outras;Queda de motocicleta / bicicleta / veiculo;Com Vitimas Feridas;Amanhecer
1314880;2013-06-14;Sexta;14:30:00;RJ;101;316.0;SAO GONCALO;Falta de atencao;Colisao lateral;Com Vitimas Feridas;Pleno dia
1314919;2013-06-14;Sexta;15:45:00;RJ;101;318.0;SAO GONCALO;Outras;Saida de Pista;Sem Vitimas;Pleno dia
1314951;2013-06-10;Segunda;12:08:00;RJ;101;334.0;RIO DE JANEIRO;Falta de atencao;Colisao lateral;Sem Vitimas;Pleno dia
1314977;2013-06-14;Sexta;16:00:00;RJ;101;323.0;NITEROI;Defeito mecanico em veiculo;Incendio;Sem Vitimas;Pleno dia
1315107;2013-06-10;Segunda;11:15:00;RJ;101;322.2;NITEROI;Falta de atencao;Colisao lateral;Sem Vitimas;Pleno dia
1315138;2013-06-14;Sexta;19:42:00;RJ;101;324.0;NITEROI;Falta de atencao;Colisao traseira;Sem Vitimas;Plena noite
1315160;2013-06-14;Sexta;23:30:00;RJ;101;304.0;SAO GONCALO;Outras;Colisao com objeto fixo;Sem Vitimas;Plena noite
1315169;2013-06-15;Sabado;00:30:00;RJ;101;316.0;SAO GONCALO;Outras;Capotamento;Sem Vitimas;Plena noite
1315305;2013-06-11;Terca;07:30:00;RJ;101;320.0;NITEROI;Outras;Colisao traseira;Com Vitimas Feridas;Pleno dia
1315306;2013-06-11;Terca;20:55:00;RJ;101;305.0;SAO GONCALO;Outras;Atropelamento de pessoa;Com Vitimas Fatais;Plena noite
1315319;2013-06-15;Sabado;07:53:00;RJ;101;321.0;NITEROI;Falta de atencao;Colisao com objeto fixo;Sem Vitimas;Pleno dia
1315508;2013-06-15;Sabado;10:30:00;RJ;101;318.0;SAO GONCALO;Outras;Colisao traseira;Sem Vitimas;Pleno dia
1315807;2013-06-16;Domingo;06:25:00;RJ;101;326.0;NITEROI;Outras;Colisao traseira;Com Vitimas Feridas;Amanhecer
1315940;2013-06-16;Domingo;14:50:00;RJ;101;333.0;RIO DE JANEIRO;Outras;Colisao traseira;Com Vitimas Feridas;Pleno dia
1315962;2013-06-16;Domingo;16:30:00;RJ;101;322.0;NITEROI;Falta de atencao;Colisao lateral;Sem Vitimas;Pleno dia
1315994;2013-06-16;Domingo;17:50:00;RJ;101;323.0;NITEROI;Nao guardar distancia de seguranca;Colisao traseira;Sem Vitimas;Anoitecer
1316239;2013-06-09;Domingo;23:15:00;RJ;101;322.0;NITEROI;Nao guardar distancia de seguranca;Colisao lateral;Sem Vitimas;Plena noite
1316259;2013-06-17;Segunda;05:50:00;RJ;101;311.0;SAO GONCALO;Falta de atencao;Colisao lateral;Com Vitimas Feridas;Amanhecer
1316260;2013-06-17;Segunda;05:50:00;RJ;101;309.0;SAO GONCALO;Falta de atencao;Colisao traseira;Sem Vitimas;Amanhecer
1316297;2013-06-17;Segunda;07:20:00;RJ;101;320.0;NITEROI;Falta de atencao;Colisao traseira;Sem Vitimas;Pleno dia
1316301;2013-06-17;Segunda;09:00:00;RJ;101;308.0;SAO GONCALO;Velocidade incompativel;Capotamento;Sem Vitimas;Pleno dia
1316318;2013-06-17;Segunda;07:30:00;RJ;101;319.8;NITEROI;Outras;Colisao lateral;Sem Vitimas;Pleno dia
1316321;2013-06-13;Quinta;22:20:00;RJ;101;323.0;NITEROI;Outras;Danos Eventuais;Sem Vitimas;Plena noite
1316351;2013-06-17;Segunda;06:10:00;RJ;101;322.0;NITEROI;Outras;Colisao traseira;Sem Vitimas;Amanhecer
1316353;2013-06-17;Segunda;07:59:00;RJ;101;316.0;SAO GONCALO;Outras;Colisao traseira;Com Vitimas Feridas;Pleno dia
1316523;2013-06-17;Segunda;16:30:00;RJ;101;315.0;SAO GONCALO;Falta de atencao;Colisao lateral;Sem Vitimas;Pleno dia
1316588;2013-06-17;Segunda;18:40:00;RJ;101;317.0;SAO GONCALO;Outras;Colisao lateral;Com Vitimas Feridas;Plena noite
1316637;2013-06-17;Segunda;20:15:00;RJ;101;321.0;NITEROI;Outras;Colisao lateral;Sem Vitimas;Plena noite
1316749;2013-06-15;Sabado;05:00:00;RJ;101;320.0;NITEROI;Outras;Saida de Pista;Sem Vitimas;Plena noite
1316787;2013-06-14;Sexta;07:31:00;RJ;101;331.0;RIO DE JANEIRO;Falta de atencao;Colisao traseira;Com Vitimas Feridas;Pleno dia
1316814;2013-06-14;Sexta;17:30:00;RJ;101;332.0;RIO DE JANEIRO;Nao guardar distancia de seguranca;Colisao traseira;Com Vitimas Feridas;Anoitecer
1317354;2013-06-16;Domingo;00:30:00;RJ;101;330.0;RIO DE JANEIRO;Nao guardar distancia de seguranca;Colisao traseira;Com Vitimas Feridas;Plena noite
1317467;2013-06-11;Terca;23:00:00;RJ;101;321.0;NITEROI;Nao guardar distancia de seguranca;Colisao lateral;Sem Vitimas;Plena noite
1317468;2013-06-19;Quarta;07:00:00;RJ;101;322.0;NITEROI;Outras;Colisao traseira;Com Vitimas Feridas;Pleno dia
1317576;2013-06-19;Quarta;14:27:00;RJ;101;334.0;RIO DE JANEIRO;Falta de atencao;Colisao traseira;Sem Vitimas;Pleno dia
1317777;2013-06-11;Terca;19:00:00;RJ;101;300.0;SAO GONCALO;Outras;Colisao lateral;Sem Vitimas;Plena noite
1317841;2013-06-20;Quinta;05:50:00;RJ;101;322.0;NITEROI;Outras;Colisao lateral;Sem Vitimas;Amanhecer
1317859;2013-06-17;Segunda;20:30:00;RJ;101;321.0;NITEROI;Nao guardar distancia de seguranca;Colisao traseira;Sem Vitimas;Plena noite
1318163;2013-06-16;Domingo;13:48:00;RJ;101;333.0;RIO DE JANEIRO;Outras;Colisao traseira;Com Vitimas Feridas;Pleno dia
1318265;2013-06-20;Quinta;21:00:00;RJ;101;314.0;SAO GONCALO;Outras;Queda de motocicleta / bicicleta / veiculo;Com Vitimas Feridas;Plena noite
1318338;2013-06-19;Quarta;09:10:00;RJ;101;331.0;RIO DE JANEIRO;Nao guardar distancia de seguranca;Colisao traseira;Sem Vitimas;Pleno dia
1318342;2013-06-17;Segunda;02:00:00;RJ;101;320.0;NITEROI;Outras;Colisao com objeto fixo;Sem Vitimas;Plena noite
1318542;2013-06-21;Sexta;17:30:00;RJ;101;312.0;SAO GONCALO;Nao guardar distancia de seguranca;Colisao traseira;Sem Vitimas;Anoitecer
1318719;2013-06-22;Sabado;05:50:00;RJ;101;332.0;RIO DE JANEIRO;Falta de atencao;Colisao traseira;Sem Vitimas;Amanhecer
1318737;2013-06-22;Sabado;08:00:00;RJ;101;300.0;SAO GONCALO;Falta de atencao;Colisao lateral;Sem Vitimas;Pleno dia
1318786;2013-06-22;Sabado;10:30:00;RJ;101;322.0;NITEROI;Falta de atencao;Colisao traseira;Sem Vitimas;Pleno dia
1318860;2013-06-22;Sabado;10:44:00;RJ;101;334.0;RIO DE JANEIRO;Outras;Colisao lateral;Com Vitimas Feridas;Pleno dia
1318885;2013-06-14;Sexta;21:20:00;RJ;101;322.0;NITEROI;Outras;Colisao traseira;Sem Vitimas;Plena noite
1318905;2013-06-18;Terca;21:56:00;RJ;101;331.0;RIO DE JANEIRO;Outras;Colisao com objeto fixo;Com Vitimas Feridas;Plena noite
1318918;2013-06-18;Terca;14:00:00;RJ;101;328.0;RIO DE JANEIRO;Outras;Colisao lateral;Com Vitimas Feridas;Pleno dia
1319046;2013-06-23;Domingo;01:15:00;RJ;101;321.0;NITEROI;Outras;Colisao com objeto fixo;Sem Vitimas;Plena noite
1319100;2013-06-23;Domingo;03:00:00;RJ;101;309.0;SAO GONCALO;Outras;Saida de Pista;Ignorado;Plena noite
1319349;2013-06-23;Domingo;13:30:00;RJ;101;315.0;SAO GONCALO;Outras;Saida de Pista;Sem Vitimas;Pleno dia
1319499;2013-06-19;Quarta;17:50:00;RJ;101;305.0;SAO GONCALO;Outras;Colisao com bicicleta;Com Vitimas Feridas;Anoitecer
1319662;2013-06-21;Sexta;20:30:00;RJ;101;317.0;SAO GONCALO;Outras;Colisao traseira;Sem Vitimas;Plena noite
1319930;2013-06-24;Segunda;14:50:00;RJ;101;310.0;SAO GONCALO;Falta de atencao;Colisao traseira;Sem Vitimas;Pleno dia
1320232;2013-06-24;Segunda;23:27:00;RJ;101;322.0;NITEROI;Outras;Colisao com objeto fixo;Sem Vitimas;Plena noite
1320244;2013-06-25;Terca;00:15:00;RJ;101;326.0;NITEROI;Falta de atencao;Colisao lateral;Sem Vitimas;Plena noite
1320324;2013-06-21;Sexta;17:50:00;RJ;101;321.0;NITEROI;Outras;Colisao lateral;Sem Vitimas;Anoitecer
1320363;2013-06-22;Sabado;02:15:00;RJ;101;318.0;SAO GONCALO;Outras;Capotamento;Com Vitimas Feridas;Plena noite
1320374;2013-06-21;Sexta;22:45:00;RJ;101;330.0;RIO DE JANEIRO;Outras;Colisao com objeto fixo;Sem Vitimas;Pleno dia
1320460;2013-06-22;Sabado;02:15:00;RJ;101;307.0;SAO GONCALO;Defeito mecanico em veiculo;Colisao traseira;Sem Vitimas;Plena noite
1320665;2013-06-25;Terca;15:20:00;RJ;101;333.0;RIO DE JANEIRO;Falta de atencao;Colisao traseira;Sem Vitimas;Pleno dia
1320683;2013-06-25;Terca;15:20:00;RJ;101;321.0;NITEROI;Falta de atencao;Colisao traseira;Sem Vitimas;Pleno dia
1320722;2013-06-25;Terca;16:20:00;RJ;101;330.0;RIO DE JANEIRO;Outras;Colisao lateral;Sem Vitimas;Pleno dia
1320729;2013-06-25;Terca;16:50:00;RJ;101;322.0;NITEROI;Outras;Queda de motocicleta / bicicleta / veiculo;Com Vitimas Feridas;Pleno dia
1320753;2013-05-08;Quarta;18:15:00;RJ;101;319.5;SAO GONCALO;Nao guardar distancia de seguranca;Colisao traseira;Sem Vitimas;Anoitecer
1320827;2013-06-25;Terca;20:15:00;RJ;101;322.0;NITEROI;Outras;Colisao traseira;Sem Vitimas;Plena noite
1321072;2013-06-18;Terca;18:57:00;RJ;101;322.0;NITEROI;Falta de atencao;Colisao lateral;Sem Vitimas;Plena noite
1321172;2013-06-15;Sabado;19:00:00;RJ;101;322.0;NITEROI;Nao guardar distancia de seguranca;Colisao lateral;Sem Vitimas;Plena noite
1321198;2013-06-26;Quarta;12:56:00;RJ;101;333.3;RIO DE JANEIRO;Falta de atencao;Colisao traseira;Sem Vitimas;Pleno dia
1321336;2013-06-26;Quarta;18:01:00;RJ;101;333.3;RIO DE JANEIRO;Falta de atencao;Colisao traseira;Sem Vitimas;Anoitecer
1321340;2013-06-26;Quarta;19:00:00;RJ;101;312.0;SAO GONCALO;Outras;Colisao lateral;Sem Vitimas;Plena noite
1321596;2013-06-27;Quinta;08:30:00;RJ;101;319.0;SAO GONCALO;Outras;Colisao traseira;Sem Vitimas;Pleno dia
1321786;2013-06-27;Quinta;17:00:00;RJ;101;309.0;SAO GONCALO;Defeito mecanico em veiculo;Colisao lateral;Sem Vitimas;Pleno dia
1321836;2013-06-27;Quinta;19:00:00;RJ;101;334.0;RIO DE JANEIRO;Outras;Colisao com objeto fixo;Sem Vitimas;Plena noite
1322161;2013-06-28;Sexta;12:00:00;RJ;101;320.0;NITEROI;Nao guardar distancia de seguranca;Colisao traseira;Sem Vitimas;Pleno dia
1322337;2013-06-28;Sexta;16:40:00;RJ;101;312.0;SAO GONCALO;Nao guardar distancia de seguranca;Colisao lateral;Sem Vitimas;Pleno dia
1322344;2013-06-28;Sexta;17:40:00;RJ;101;328.0;NITEROI;Outras;Colisao traseira;Sem Vitimas;Plena noite
1322375;2013-06-28;Sexta;18:20:00;RJ;101;329.0;RIO DE JANEIRO;Nao guardar distancia de seguranca;Colisao traseira;Sem Vitimas;Plena noite
1322408;2013-06-28;Sexta;19:00:00;RJ;101;322.0;NITEROI;Outras;Colisao lateral;Sem Vitimas;Plena noite
1322426;2013-06-28;Sexta;19:30:00;RJ;101;334.0;RIO DE JANEIRO;Falta de atencao;Colisao lateral;Sem Vitimas;Plena noite
1322800;2013-06-29;Sabado;16:00:00;RJ;101;301.0;SAO GONCALO;Outras;Colisao com objeto fixo;Sem Vitimas;Pleno dia
1322892;2013-06-29;Sabado;19:05:00;RJ;101;306.0;SAO GONCALO;Nao guardar distancia de seguranca;Colisao traseira;Sem Vitimas;Plena noite
1322991;2013-06-29;Sabado;10:00:00;RJ;101;305.0;SAO GONCALO;Falta de atencao;Colisao traseira;Sem Vitimas;Pleno dia
1322997;2013-06-29;Sabado;18:45:00;RJ;101;307.0;SAO GONCALO;Outras;Colisao com bicicleta;Com Vitimas Fatais;Plena noite
1323000;2013-06-29;Sabado;22:07:00;RJ;101;326.0;NITEROI;Outras;Colisao traseira;Sem Vitimas;Plena noite
1323100;2013-06-30;Domingo;07:40:00;RJ;101;323.0;NITEROI;Outras;Capotamento;Com Vitimas Feridas;Amanhecer
1323325;2013-06-30;Domingo;19:00:00;RJ;101;310.0;SAO GONCALO;Falta de atencao;Capotamento;Com Vitimas Feridas;Plena noite
1323506;2013-06-27;Quinta;23:10:00;RJ;101;328.0;NITEROI;Outras;Colisao traseira;Sem Vitimas;Plena noite
1323525;2013-05-18;Sabado;14:00:00;RJ;101;321.0;NITEROI;Outras;Colisao traseira;Sem Vitimas;Pleno dia
1323532;2013-06-27;Quinta;10:00:00;RJ;101;323.0;NITEROI;Falta de atencao;Colisao lateral;Sem Vitimas;Pleno dia
1323546;2013-07-01;Segunda;06:10:00;RJ;101;319.0;SAO GONCALO;Falta de atencao;Colisao lateral;Sem Vitimas;Pleno dia
1323575;2013-07-01;Segunda;08:30:00;RJ;101;314.0;SAO GONCALO;Outras;Capotamento;Sem Vitimas;Pleno dia
1323651;2013-06-27;Quinta;17:50:00;RJ;101;305.0;SAO GONCALO;Outras;Colisao com bicicleta;Com Vitimas Feridas;Anoitecer
1323653;2013-06-27;Quinta;17:30:00;RJ;101;305.0;SAO GONCALO;Outras;Colisao traseira;Com Vitimas Feridas;Anoitecer
1323743;2013-07-01;Segunda;15:00:00;RJ;101;321.0;NITEROI;Outras;Colisao traseira;Sem Vitimas;Pleno dia
1323932;2013-07-01;Segunda;19:50:00;RJ;101;318.0;SAO GONCALO;Outras;Colisao traseira;Sem Vitimas;Plena noite
1324070;2013-07-02;Terca;06:45:00;RJ;101;334.0;RIO DE JANEIRO;Outras;Colisao lateral;Sem Vitimas;Amanhecer
1324212;2013-07-02;Terca;12:10:00;RJ;101;329.0;RIO DE JANEIRO;Outras;Colisao traseira;Sem Vitimas;Pleno dia
1324234;2013-05-26;Domingo;18:15:00;RJ;101;318.0;SAO GONCALO;Outras;Colisao traseira;Sem Vitimas;Plena noite
1324877;2013-07-03;Quarta;19:30:00;RJ;101;318.0;SAO GONCALO;Outras;Colisao lateral;Sem Vitimas;Plena noite
1324881;2013-07-03;Quarta;09:30:00;RJ;101;326.0;NITEROI;Outras;Colisao traseira;Sem Vitimas;Pleno dia
1324897;2013-07-03;Quarta;20:35:00;RJ;101;314.0;SAO GONCALO;Outras;Saida de Pista;Sem Vitimas;Plena noite
1324962;2013-07-04;Quinta;02:10:00;RJ;101;302.0;SAO GONCALO;Animais na Pista;Atropelamento de animal;Sem Vitimas;Plena noite
1325034;2013-06-25;Terca;19:45:00;RJ;101;321.0;NITEROI;Outras;Colisao lateral;Sem Vitimas;Pleno dia
1325037;2013-07-04;Quinta;08:00:00;RJ;101;302.0;SAO GONCALO;Outras;Saida de Pista;Sem Vitimas;Pleno dia
1325047;2013-07-04;Quinta;08:30:00;RJ;101;314.0;SAO GONCALO;Outras;Colisao lateral;Sem Vitimas;Pleno dia
1325244;2013-07-04;Quinta;15:57:00;RJ;101;323.0;NITEROI;Falta de atencao;Colisao traseira;Sem Vitimas;Pleno dia
1325252;2013-07-04;Quinta;10:45:00;RJ;101;332.2;RIO DE JANEIRO;Nao guardar distancia de seguranca;Colisao traseira;Com Vitimas Feridas;Pleno dia
1325304;2013-07-04;Quinta;18:00:00;RJ;101;318.0;SAO GONCALO;Falta de atencao;Colisao traseira;Sem Vitimas;Plena noite
1325335;2013-07-04;Quinta;19:00:00;RJ;101;322.0;NITEROI;Outras;Colisao lateral;Sem Vitimas;Plena noite
1325516;2013-07-01;Segunda;22:10:00;RJ;101;320.0;NITEROI;Outras;Colisao com objeto fixo;Sem Vitimas;Plena noite
1325688;2013-07-05;Sexta;09:00:00;RJ;101;323.0;NITEROI;Outras;Colisao lateral;Sem Vitimas;Pleno dia
1325735;2013-07-05;Sexta;07:30:00;RJ;101;319.0;SAO GONCALO;Falta de atencao;Colisao lateral;Com Vitimas Feridas;Pleno dia
1325782;2013-07-05;Sexta;16:57:00;RJ;101;333.0;RIO DE JANEIRO;Outras;Colisao traseira;Sem Vitimas;Pleno dia
1325848;2013-07-05;Sexta;18:48:00;RJ;101;323.0;NITEROI;Outras;Colisao traseira;Sem Vitimas;Anoitecer
1325862;2013-07-05;Sexta;21:00:00;RJ;101;322.0;NITEROI;Outras;Colisao traseira;Sem Vitimas;Plena noite
1325986;2013-07-05;Sexta;23:20:00;RJ;101;333.0;RIO DE JANEIRO;Falta de atencao;Colisao lateral;Sem Vitimas;Plena noite
1326076;2013-07-06;Sabado;05:30:00;RJ;101;312.0;SAO GONCALO;Outras;Colisao lateral;Sem Vitimas;Amanhecer
1326225;2013-07-06;Sabado;16:00:00;RJ;101;324.0;NITEROI;Nao guardar distancia de seguranca;Colisao traseira;Sem Vitimas;Pleno dia
1326231;2013-07-06;Sabado;08:04:00;RJ;101;334.0;RIO DE JANEIRO;Outras;Colisao traseira;Sem Vitimas;Pleno dia
1326234;2013-07-06;Sabado;16:15:00;RJ;101;306.0;SAO GONCALO;Outras;Capotamento;Sem Vitimas;Pleno dia
1326239;2013-07-06;Sabado;16:00:00;RJ;101;329.0;RIO DE JANEIRO;Nao guardar distancia de seguranca;Colisao traseira;Sem Vitimas;Pleno dia
1326258;2013-07-06;Sabado;10:00:00;RJ;101;323.0;NITEROI;Outras;Colisao traseira;Sem Vitimas;Pleno dia
1326279;2013-07-06;Sabado;18:10:00;RJ;101;307.0;SAO GONCALO;Outras;Colisao lateral;Sem Vitimas;Plena noite
1326294;2013-07-06;Sabado;18:00:00;RJ;101;327.0;NITEROI;Nao guardar distancia de seguranca;Colisao traseira;Sem Vitimas;Anoitecer
1326344;2013-07-06;Sabado;10:50:00;RJ;101;323.0;NITEROI;Nao guardar distancia de seguranca;Colisao traseira;Sem Vitimas;Pleno dia
1326543;2013-07-07;Domingo;05:07:00;RJ;101;313.0;SAO GONCALO;Dormindo;Saida de Pista;Com Vitimas Feridas;Pleno dia
1326550;2013-07-07;Domingo;05:00:00;RJ;101;313.0;SAO GONCALO;Dormindo;Colisao com objeto fixo;Sem Vitimas;Plena noite
1326718;2013-07-07;Domingo;11:10:00;RJ;101;313.0;SAO GONCALO;Outras;Saida de Pista;Sem Vitimas;Pleno dia
1326730;2013-07-07;Domingo;14:50:00;RJ;101;306.0;SAO GONCALO;Outras;Colisao com objeto fixo;Sem Vitimas;Pleno dia
1326874;2013-07-07;Domingo;20:20:00;RJ;101;310.0;SAO GONCALO;Outras;Colisao traseira;Sem Vitimas;Plena noite
1326913;2013-07-07;Domingo;18:35:00;RJ;101;319.0;SAO GONCALO;Outras;Colisao traseira;Sem Vitimas;Plena noite
1326922;2013-07-07;Domingo;18:50:00;RJ;101;319.2;SAO GONCALO;Nao guardar distancia de seguranca;Colisao traseira;Sem Vitimas;Plena noite
1327029;2013-07-04;Quinta;19:30:00;RJ;101;322.2;NITEROI;Falta de atencao;Colisao lateral;Sem Vitimas;Anoitecer
1327087;2013-07-08;Segunda;05:06:00;RJ;101;326.0;NITEROI;Nao guardar distancia de seguranca;Colisao lateral;Sem Vitimas;Plena noite
1327122;2013-07-08;Segunda;05:10:00;RJ;101;333.0;RIO DE JANEIRO;Falta de atencao;Colisao traseira;Sem Vitimas;Amanhecer
1327169;2013-07-08;Segunda;12:50:00;RJ;101;310.0;SAO GONCALO;Outras;Atropelamento de pessoa;Com Vitimas Feridas;Pleno dia
1327196;2013-07-08;Segunda;09:00:00;RJ;101;316.0;SAO GONCALO;Outras;Colisao traseira;Sem Vitimas;Pleno dia
1327309;2013-07-08;Segunda;08:00:00;RJ;101;316.0;SAO GONCALO;Outras;Colisao lateral;Com Vitimas Feridas;Pleno dia
1327404;2013-07-08;Segunda;18:50:00;RJ;101;333.0;RIO DE JANEIRO;Falta de atencao;Colisao traseira;Sem Vitimas;Anoitecer
1327553;2013-07-06;Sabado;03:40:00;RJ;101;319.0;SAO GONCALO;Falta de atencao;Colisao traseira;Sem Vitimas;Plena noite
1327561;2013-07-01;Segunda;23:40:00;RJ;101;325.0;NITEROI;Falta de atencao;Colisao traseira;Com Vitimas Feridas;Plena noite
1327569;2013-07-05;Sexta;20:50:00;RJ;101;328.0;RIO DE JANEIRO;Falta de atencao;Colisao traseira;Sem Vitimas;Plena noite
1327664;2013-07-06;Sabado;00:07:00;RJ;101;319.0;SAO GONCALO;Outras;Colisao traseira;Sem Vitimas;Plena noite
1327744;2013-07-09;Terca;16:00:00;RJ;101;328.0;NITEROI;Outras;Colisao traseira;Sem Vitimas;Pleno dia
1327781;2013-07-09;Terca;07:00:00;RJ;101;307.0;SAO GONCALO;Falta de atencao;Colisao traseira;Sem Vitimas;Pleno dia
1327876;2013-07-02;Terca;02:30:00;RJ;101;309.0;SAO GONCALO;Dormindo;Saida de Pista;Com Vitimas Feridas;Plena noite
1328421;2013-07-01;Segunda;06:05:00;RJ;101;314.0;SAO GONCALO;Nao guardar distancia de seguranca;Tombamento;Com Vitimas Feridas;Amanhecer
1328650;2013-07-11;Quinta;06:20:00;RJ;101;319.0;SAO GONCALO;Outras;Colisao traseira;Sem Vitimas;Pleno dia
1328703;2013-07-02;Terca;08:30:00;RJ;101;329.0;NITEROI;Outras;Colisao traseira;Sem Vitimas;Pleno dia
1328776;2013-07-11;Quinta;11:10:00;RJ;101;313.3;SAO GONCALO;Outras;Colisao traseira;Sem Vitimas;Pleno dia
1328866;2013-07-11;Quinta;12:30:00;RJ;101;310.0;SAO GONCALO;Outras;Colisao traseira;Sem Vitimas;Pleno dia
1328971;2013-07-11;Quinta;18:40:00;RJ;101;309.0;SAO GONCALO;Outras;Colisao traseira;Sem Vitimas;Plena noite
1328989;2013-07-11;Quinta;12:20:00;RJ;101;309.0;SAO GONCALO;Outras;Colisao traseira;Com Vitimas Feridas;Pleno dia
1329045;2013-07-11;Quinta;14:10:00;RJ;101;300.0;SAO GONCALO;Outras;Colisao traseira;Sem Vitimas;Pleno dia
1329079;2013-07-11;Quinta;19:30:00;RJ;101;307.0;SAO GONCALO;Outras;Colisao traseira;Sem Vitimas;Plena noite
1329443;2013-07-11;Quinta;18:50:00;RJ;101;313.0;SAO GONCALO;Outras;Queda de motocicleta / bicicleta / veiculo;Sem Vitimas;Plena noite
1329512;2013-07-12;Sexta;18:25:00;RJ;101;307.0;SAO GONCALO;Nao guardar distancia de seguranca;Colisao traseira;Sem Vitimas;Plena noite
1329551;2013-07-08;Segunda;10:40:00;RJ;101;321.0;NITEROI;Outras;Colisao traseira;Sem Vitimas;Pleno dia
1329561;2013-07-12;Sexta;18:50:00;RJ;101;319.0;SAO GONCALO;Nao guardar distancia de seguranca;Colisao traseira;Com Vitimas Feridas;Plena noite
1329784;2013-07-13;Sabado;04:30:00;RJ;101;318.0;SAO GONCALO;Outras;Capotamento;Com Vitimas Feridas;Plena noite
1329871;2013-07-09;Terca;19:40:00;RJ;101;323.0;NITEROI;Outras;Colisao traseira;Sem Vitimas;Plena noite
1330030;2013-07-09;Terca;15:30:00;RJ;101;321.0;NITEROI;Falta de atencao;Colisao lateral;Sem Vitimas;Pleno dia
1330045;2013-07-13;Sabado;14:30:00;RJ;101;329.0;RIO DE JANEIRO;Outras;Colisao traseira;Sem Vitimas;Amanhecer
1330052;2013-07-09;Terca;23:00:00;RJ;101;324.0;NITEROI;Falta de atencao;Capotamento;Com Vitimas Feridas;Plena noite
1330147;2013-07-13;Sabado;17:20:00;RJ;101;321.0;NITEROI;Nao guardar distancia de seguranca;Colisao traseira;Sem Vitimas;Pleno dia
1330166;2013-07-13;Sabado;13:38:00;RJ;101;332.0;RIO DE JANEIRO;Falta de atencao;Colisao traseira;Sem Vitimas;Pleno dia
1330180;2013-07-13;Sabado;16:20:00;RJ;101;322.0;NITEROI;Outras;Colisao traseira;Sem Vitimas;Pleno dia
1330233;2013-07-09;Terca;18:33:00;RJ;101;322.0;NITEROI;Nao guardar distancia de seguranca;Colisao lateral;Sem Vitimas;Plena noite
1330347;2013-07-14;Domingo;03:00:00;RJ;101;321.0;NITEROI;Outras;Colisao traseira;Sem Vitimas;Plena noite
1330497;2013-07-14;Domingo;10:25:00;RJ;101;310.0;SAO GONCALO;Falta de atencao;Colisao traseira;Com Vitimas Feridas;Pleno dia
1330574;2013-07-14;Domingo;14:10:00;RJ;101;321.0;NITEROI;Falta de atencao;Queda de motocicleta / bicicleta / veiculo;Com Vitimas Feridas;Pleno dia
1330587;2013-07-14;Domingo;14:25:00;RJ;101;326.0;NITEROI;Nao guardar distancia de seguranca;Colisao traseira;Com Vitimas Feridas;Pleno dia
1330605;2013-07-14;Domingo;08:01:00;RJ;101;330.0;RIO DE JANEIRO;Outras;Colisao traseira;Com Vitimas Feridas;Pleno dia
1330613;2013-07-14;Domingo;07:40:00;RJ;101;330.0;RIO DE JANEIRO;Outras;Colisao traseira;Com Vitimas Feridas;Pleno dia
1330653;2013-07-14;Domingo;17:06:00;RJ;101;319.0;SAO GONCALO;Outras;Colisao traseira;Com Vitimas Feridas;Plena noite
1330733;2013-07-14;Domingo;22:00:00;RJ;101;332.0;RIO DE JANEIRO;Nao guardar distancia de seguranca;Colisao traseira;Sem Vitimas;Plena noite
1330848;2013-07-15;Segunda;06:00:00;RJ;101;321.0;NITEROI;Outras;Colisao lateral;Sem Vitimas;Pleno dia
1330927;2013-07-15;Segunda;10:36:00;RJ;101;333.0;RIO DE JANEIRO;Falta de atencao;Colisao traseira;Sem Vitimas;Pleno dia
1331032;2013-07-06;Sabado;10:30:00;RJ;101;318.0;SAO GONCALO;Outras;Colisao lateral;Sem Vitimas;Pleno dia
1331247;2013-07-15;Segunda;19:27:00;RJ;101;334.0;RIO DE JANEIRO;Falta de atencao;Colisao traseira;Sem Vitimas;Plena noite
1331347;2013-07-16;Terca;00:05:00;RJ;101;334.0;RIO DE JANEIRO;Outras;Colisao com objeto movel;Sem Vitimas;Plena noite
1331663;2013-07-16;Terca;07:40:00;RJ;101;323.0;NITEROI;Outras;Colisao traseira;Sem Vitimas;Pleno dia
1331669;2013-07-16;Terca;08:30:00;RJ;101;322.0;NITEROI;Falta de atencao;Colisao com objeto fixo;Sem Vitimas;Pleno dia
1331822;2013-07-16;Terca;18:15:00;RJ;101;318.0;SAO GONCALO;Nao guardar distancia de seguranca;Colisao traseira;Sem Vitimas;Plena noite
1331985;2013-07-14;Domingo;12:30:00;RJ;101;322.0;NITEROI;Outras;Colisao traseira;Sem Vitimas;Pleno dia
1332102;2013-07-17;Quarta;13:30:00;RJ;101;320.0;NITEROI;Outras;Colisao lateral;Sem Vitimas;Pleno dia
1332216;2013-07-17;Quarta;10:40:00;RJ;101;318.0;SAO GONCALO;Nao guardar distancia de seguranca;Colisao traseira;Sem Vitimas;Pleno dia
1332468;2013-07-15;Segunda;16:30:00;RJ;101;330.0;NITEROI;Nao guardar distancia de seguranca;Colisao traseira;Sem Vitimas;Pleno dia
1332869;2013-07-18;Quinta;21:06:00;RJ;101;328.0;NITEROI;Outras;Colisao traseira;Sem Vitimas;Plena noite
1333011;2013-07-19;Sexta;06:30:00;RJ;101;316.0;SAO GONCALO;Outras;Colisao traseira;Sem Vitimas;Pleno dia
1333059;2013-07-16;Terca;02:30:00;RJ;101;313.0;SAO GONCALO;Defeito mecanico em veiculo;Incendio;Sem Vitimas;Plena noite
1333314;2013-07-19;Sexta;17:30:00;RJ;101;334.0;NITEROI;Falta de atencao;Colisao traseira;Sem Vitimas;Pleno dia
1333362;2013-07-19;Sexta;18:51:00;RJ;101;312.6;SAO GONCALO;Outras;Colisao lateral;Com Vitimas Feridas;Plena noite
1333383;2013-07-19;Sexta;19:20:00;RJ;101;327.0;NITEROI;Falta de atencao;Colisao traseira;Sem Vitimas;Plena noite
1333712;2013-07-16;Terca;00:10:00;RJ;101;302.0;SAO GONCALO;Outras;Colisao com objeto fixo;Sem Vitimas;Plena noite
1333781;2013-07-20;Sabado;10:38:00;RJ;101;326.0;NITEROI;Falta de atencao;Colisao traseira;Sem Vitimas;Pleno dia
1333845;2013-07-20;Sabado;14:40:00;RJ;101;327.0;NITEROI;Falta de atencao;Colisao traseira;Sem Vitimas;Pleno dia
1333855;2013-07-20;Sabado;15:30:00;RJ;101;323.0;NITEROI;Nao guardar distancia de seguranca;Colisao traseira;Sem Vitimas;Pleno dia
1333862;2013-07-20;Sabado;14:30:00;RJ;101;304.0;SAO GONCALO;Velocidade incompativel;Colisao traseira;Sem Vitimas;Pleno dia
1333881;2013-07-20;Sabado;14:40:00;RJ;101;303.7;SAO GONCALO;Ultrapassagem indevida;Colisao traseira;Sem Vitimas;Pleno dia
1333903;2013-07-20;Sabado;16:30:00;RJ;101;330.0;RIO DE JANEIRO;Nao guardar distancia de seguranca;Colisao traseira;Sem Vitimas;Pleno dia
1333911;2013-07-20;Sabado;15:00:00;RJ;101;326.0;NITEROI;Nao guardar distancia de seguranca;Colisao traseira;Sem Vitimas;Pleno dia
1333921;2013-07-20;Sabado;17:30:00;RJ;101;314.0;SAO GONCALO;Outras;Saida de Pista;Com Vitimas Feridas;Anoitecer
1334278;2013-07-21;Domingo;11:30:00;RJ;101;320.0;RIO DE JANEIRO;Falta de atencao;Colisao traseira;Sem Vitimas;Pleno dia
1334461;2013-07-21;Domingo;15:15:00;RJ;101;309.0;SAO GONCALO;Outras;Queda de motocicleta / bicicleta / veiculo;Com Vitimas Feridas;Pleno dia
1334494;2013-07-21;Domingo;17:00:00;RJ;101;300.0;SAO GONCALO;Outras;Colisao lateral;Sem Vitimas;Pleno dia
1334646;2013-07-19;Sexta;01:20:00;RJ;101;315.0;SAO GONCALO;Outras;Atropelamento de pessoa;Com Vitimas Fatais;Plena noite
1334696;2013-07-22;Segunda;06:50:00;RJ;101;334.0;RIO DE JANEIRO;Nao guardar distancia de seguranca;Colisao traseira;Sem Vitimas;Pleno dia
1334710;2013-07-22;Segunda;07:50:00;RJ;101;316.0;SAO GONCALO;Outras;Colisao traseira;Sem Vitimas;Pleno dia
1334745;2013-07-18;Quinta;20:45:00;RJ;101;324.0;NITEROI;Outras;Colisao traseira;Sem Vitimas;Plena noite
1334775;2013-07-22;Segunda;09:30:00;RJ;101;328.0;RIO DE JANEIRO;Outras;Colisao traseira;Sem Vitimas;Pleno dia
1334781;2013-07-22;Segunda;10:12:00;RJ;101;321.0;NITEROI;Nao guardar distancia de seguranca;Colisao lateral;Sem Vitimas;Pleno dia
1334805;2013-07-22;Segunda;11:00:00;RJ;101;328.0;NITEROI;Falta de atencao;Colisao lateral;Sem Vitimas;Pleno dia
1334875;2013-07-22;Segunda;10:00:00;RJ;101;319.0;SAO GONCALO;Falta de atencao;Colisao traseira;Com Vitimas Feridas;Pleno dia
1334889;2013-07-22;Segunda;12:17:00;RJ;101;332.0;RIO DE JANEIRO;Outras;Colisao traseira;Sem Vitimas;Pleno dia
1334911;2013-07-22;Segunda;14:25:00;RJ;101;327.0;NITEROI;Falta de atencao;Colisao traseira;Com Vitimas Feridas;Pleno dia
1334946;2013-07-22;Segunda;12:17:00;RJ;101;332.0;RIO DE JANEIRO;Falta de atencao;Colisao traseira;Sem Vitimas;Pleno dia
1335032;2013-07-22;Segunda;17:54:00;RJ;101;319.0;SAO GONCALO;Outras;Colisao traseira;Sem Vitimas;Anoitecer
1335171;2013-07-22;Segunda;22:50:00;RJ;101;322.0;NITEROI;Outras;Colisao lateral;Sem Vitimas;Plena noite
1335283;2013-07-23;Terca;07:00:00;RJ;101;319.0;SAO GONCALO;Outras;Saida de Pista;Sem Vitimas;Pleno dia
1335299;2013-07-19;Sexta;19:30:00;RJ;101;331.0;RIO DE JANEIRO;Outras;Colisao traseira;Sem Vitimas;Plena noite
1335303;2013-07-23;Terca;08:00:00;RJ;101;334.0;RIO DE JANEIRO;Falta de atencao;Colisao traseira;Sem Vitimas;Pleno dia
1335351;2013-07-23;Terca;10:20:00;RJ;101;308.2;SAO GONCALO;Nao guardar distancia de seguranca;Colisao traseira;Sem Vitimas;Pleno dia
1335356;2013-07-23;Terca;09:45:00;RJ;101;321.0;NITEROI;Falta de atencao;Colisao lateral;Sem Vitimas;Pleno dia
1335402;2013-07-23;Terca;11:30:00;RJ;101;322.0;RIO DE JANEIRO;Outras;Colisao com objeto fixo;Sem Vitimas;Pleno dia
1335557;2013-07-16;Terca;00:08:00;RJ;101;302.0;SAO GONCALO;Outras;Queda de motocicleta / bicicleta / veiculo;Sem Vitimas;Plena noite
1335633;2013-07-23;Terca;20:00:00;RJ;101;316.0;SAO GONCALO;Outras;Colisao lateral;Sem Vitimas;Plena noite
1336065;2013-07-21;Domingo;04:07:00;RJ;101;323.0;NITEROI;Falta de atencao;Colisao traseira;Sem Vitimas;Plena noite
1336151;2013-07-24;Quarta;17:50:00;RJ;101;319.0;SAO GONCALO;Nao guardar distancia de seguranca;Colisao traseira;Sem Vitimas;Anoitecer
1336213;2013-07-24;Quarta;19:40:00;RJ;101;320.0;NITEROI;Outras;Colisao traseira;Sem Vitimas;Plena noite
1336352;2013-07-25;Quinta;05:40:00;RJ;101;322.0;NITEROI;Defeito na via;Atropelamento de pessoa;Com Vitimas Feridas;Amanhecer
1336356;2013-07-21;Domingo;06:40:00;RJ;101;322.0;RIO DE JANEIRO;Falta de atencao;Colisao com objeto fixo;Com Vitimas Feridas;Amanhecer
1336847;2013-07-25;Quinta;22:30:00;RJ;101;322.2;NITEROI;Outras;Colisao lateral;Sem Vitimas;Plena noite
1336943;2013-07-26;Sexta;06:50:00;RJ;101;320.0;NITEROI;Falta de atencao;Colisao lateral;Sem Vitimas;Amanhecer
1337025;2013-07-26;Sexta;08:30:00;RJ;101;321.0;NITEROI;Outras;Colisao lateral;Com Vitimas Feridas;Pleno dia
1337040;2013-06-21;Sexta;05:00:00;RJ;101;310.0;SAO GONCALO;Falta de atencao;Colisao traseira;Sem Vitimas;Plena noite
1337161;2013-07-04;Quinta;15:02:00;RJ;101;333.0;NITEROI;Outras;Colisao traseira;Sem Vitimas;Pleno dia
1337182;2013-07-26;Sexta;15:00:00;RJ;101;304.0;SAO GONCALO;Outras;Colisao lateral;Sem Vitimas;Pleno dia
1337183;2013-07-26;Sexta;15:05:00;RJ;101;301.4;SAO GONCALO;Falta de atencao;Colisao traseira;Sem Vitimas;Pleno dia
1337222;2013-07-26;Sexta;16:45:00;RJ;101;330.0;RIO DE JANEIRO;Falta de atencao;Colisao traseira;Sem Vitimas;Pleno dia
1337224;2013-07-26;Sexta;16:40:00;RJ;101;316.0;SAO GONCALO;Outras;Colisao traseira;Sem Vitimas;Pleno dia
1337233;2013-07-26;Sexta;17:30:00;RJ;101;322.0;NITEROI;Outras;Colisao lateral;Sem Vitimas;Anoitecer
1337320;2013-07-26;Sexta;19:00:00;RJ;101;319.0;SAO GONCALO;Nao guardar distancia de seguranca;Colisao traseira;Com Vitimas Feridas;Anoitecer
1337632;2013-07-14;Domingo;23:10:00;RJ;101;328.0;NITEROI;Outras;Colisao lateral;Sem Vitimas;Plena noite
1337658;2013-07-21;Domingo;12:36:00;RJ;101;322.0;NITEROI;Nao guardar distancia de seguranca;Colisao traseira;Sem Vitimas;Pleno dia
1337680;2013-07-16;Terca;12:40:00;RJ;101;334.0;NITEROI;Outras;Colisao traseira;Sem Vitimas;Pleno dia
1337695;2013-07-27;Sabado;13:20:00;RJ;101;325.0;NITEROI;Outras;Colisao traseira;Sem Vitimas;Pleno dia
1337739;2013-07-27;Sabado;07:20:00;RJ;101;333.0;RIO DE JANEIRO;Outras;Colisao traseira;Com Vitimas Feridas;Pleno dia
1337774;2013-07-27;Sabado;15:40:00;RJ;101;303.0;SAO GONCALO;Defeito mecanico em veiculo;Colisao traseira;Sem Vitimas;Pleno dia
1337810;2013-07-27;Sabado;18:30:00;RJ;101;318.0;SAO GONCALO;Outras;Colisao traseira;Sem Vitimas;Plena noite
1337940;2013-07-27;Sabado;23:50:00;RJ;101;313.0;SAO GONCALO;Outras;Colisao traseira;Sem Vitimas;Plena noite
1338063;2013-07-24;Quarta;22:20:00;RJ;101;328.0;RIO DE JANEIRO;Falta de atencao;Colisao lateral;Sem Vitimas;Plena noite
83039485;2013-07-28;Domingo;13:00:00;RJ;101;306.0;SAO GONCALO;Outras;Colisao lateral;Sem Vitimas;Pleno dia
83039876;2013-07-29;Segunda;06:00:00;RJ;101;320.0;NITEROI;Nao guardar distancia de seguranca;Colisao traseira;Sem Vitimas;Amanhecer
83039878;2013-07-17;Quarta;10:23:00;RJ;101;330.0;RIO DE JANEIRO;Outras;Colisao traseira;Sem Vitimas;Pleno dia
83039946;2013-07-13;Sabado;18:30:00;RJ;101;330.0;RIO DE JANEIRO;Outras;Colisao traseira;Sem Vitimas;Plena noite
83040051;2013-06-09;Domingo;18:00:00;RJ;101;303.0;SAO GONCALO;Outras;Colisao traseira;Com Vitimas Feridas;Pleno dia
83040104;2013-07-29;Segunda;13:00:00;RJ;101;318.0;SAO GONCALO;Outras;Colisao traseira;Sem Vitimas;Pleno dia
83040165;2013-07-29;Segunda;15:00:00;RJ;101;320.0;NITEROI;Outras;Colisao traseira;Com Vitimas Feridas;Pleno dia
83040170;2013-07-25;Quinta;19:00:00;RJ;101;319.0;NITEROI;Falta de atencao;Colisao traseira;Com Vitimas Feridas;Pleno dia
83040204;2013-07-29;Segunda;15:45:00;RJ;101;308.0;SAO GONCALO;Falta de atencao;Colisao traseira;Com Vitimas Feridas;Pleno dia
83040214;2013-07-29;Segunda;06:40:00;RJ;101;316.0;SAO GONCALO;Outras;Colisao traseira;Com Vitimas Feridas;Pleno dia
83040308;2013-07-29;Segunda;16:30:00;RJ;101;322.0;NITEROI;Falta de atencao;Colisao traseira;Sem Vitimas;Plena noite
83040460;2013-07-30;Terca;07:30:00;RJ;101;307.0;SAO GONCALO;Dormindo;Capotamento;Com Vitimas Feridas;Pleno dia
83040570;2013-07-24;Quarta;17:25:00;RJ;101;332.0;RIO DE JANEIRO;Falta de atencao;Colisao traseira;Sem Vitimas;Anoitecer
83040751;2013-07-30;Terca;16:35:00;RJ;101;317.0;SAO GONCALO;Outras;Capotamento;Sem Vitimas;Pleno dia
83040821;2013-07-30;Terca;19:20:00;RJ;101;322.0;NITEROI;Outras;Colisao lateral;Sem Vitimas;Plena noite
83040837;2013-07-30;Terca;20:00:00;RJ;101;317.0;SAO GONCALO;Falta de atencao;Colisao lateral;Sem Vitimas;Plena noite
83040991;2013-07-31;Quarta;06:50:00;RJ;101;307.0;SAO GONCALO;Outras;Colisao lateral;Sem Vitimas;Pleno dia
83041235;2013-07-31;Quarta;17:00:00;RJ;101;322.0;NITEROI;Falta de atencao;Colisao lateral;Sem Vitimas;Pleno dia
83041339;2013-07-31;Quarta;19:18:00;RJ;101;323.0;NITEROI;Defeito mecanico em veiculo;Colisao traseira;Sem Vitimas;Plena noite
83041343;2013-07-31;Quarta;18:20:00;RJ;101;303.0;SAO GONCALO;Outras;Colisao traseira;Sem Vitimas;Plena noite
83041380;2013-07-31;Quarta;21:35:00;RJ;101;329.0;RIO DE JANEIRO;Falta de atencao;Colisao lateral;Sem Vitimas;Plena noite
83041441;2013-07-31;Quarta;22:40:00;RJ;101;316.0;SAO GONCALO;Outras;Colisao traseira;Sem Vitimas;Plena noite
83041529;2013-08-01;Quinta;09:00:00;RJ;101;318.0;SAO GONCALO;Outras;Colisao traseira;Sem Vitimas;Pleno dia
83041552;2013-08-01;Quinta;10:00:00;RJ;101;313.0;SAO GONCALO;Outras;Colisao traseira;Com Vitimas Feridas;Pleno dia
83041680;2013-08-01;Quinta;13:28:00;RJ;101;322.0;NITEROI;Falta de atencao;Colisao traseira;Sem Vitimas;Pleno dia
83041770;2013-08-01;Quinta;17:30:00;RJ;101;322.2;NITEROI;Falta de atencao;Colisao lateral;Sem Vitimas;Anoitecer
83042009;2013-07-30;Terca;03:20:00;RJ;101;316.0;SAO GONCALO;Outras;Colisao com objeto movel;Sem Vitimas;Plena noite
83042068;2013-07-25;Quinta;22:10:00;RJ;101;303.0;SAO GONCALO;Outras;Colisao traseira;Sem Vitimas;Plena noite
83042077;2013-07-25;Quinta;15:15:00;RJ;101;318.0;SAO GONCALO;Outras;Colisao traseira;Sem Vitimas;Pleno dia
83042159;2013-07-29;Segunda;06:10:00;RJ;101;329.0;NITEROI;Falta de atencao;Colisao traseira;Sem Vitimas;Pleno dia
83042315;2013-07-29;Segunda;10:30:00;RJ;101;303.0;SAO GONCALO;Outras;Colisao lateral;Com Vitimas Feridas;Pleno dia
83042343;2013-08-02;Sexta;19:10:00;RJ;101;317.0;SAO GONCALO;Outras;Capotamento;Sem Vitimas;Plena noite
83042376;2013-08-02;Sexta;22:20:00;RJ;101;323.0;NITEROI;Outras;Colisao traseira;Sem Vitimas;Plena noite
83042405;2013-08-02;Sexta;23:59:00;RJ;101;327.0;NITEROI;Outras;Colisao lateral;Sem Vitimas;Plena noite
83042541;2013-08-03;Sabado;09:30:00;RJ;101;305.0;SAO GONCALO;Outras;Colisao traseira;Com Vitimas Feridas;Pleno dia
83042551;2013-08-03;Sabado;09:30:00;RJ;101;314.0;SAO GONCALO;Outras;Colisao traseira;Sem Vitimas;Pleno dia
83042659;2013-08-03;Sabado;15:02:00;RJ;101;321.0;NITEROI;Outras;Colisao lateral;Sem Vitimas;Pleno dia
83042826;2013-08-03;Sabado;18:45:00;RJ;101;322.0;NITEROI;Falta de atencao;Colisao traseira;Sem Vitimas;Plena noite
83042937;2013-08-04;Domingo;04:05:00;RJ;101;310.0;SAO GONCALO;Outras;Colisao traseira;Sem Vitimas;Amanhecer
83043036;2013-07-31;Quarta;10:45:00;RJ;101;321.0;NITEROI;Outras;Colisao lateral;Com Vitimas Feridas;Pleno dia
83043037;2013-08-04;Domingo;09:25:00;RJ;101;310.0;SAO GONCALO;Nao guardar distancia de seguranca;Colisao traseira;Sem Vitimas;Pleno dia
83043065;2013-08-04;Domingo;11:25:00;RJ;101;312.0;SAO GONCALO;Outras;Colisao traseira;Sem Vitimas;Pleno dia
83043163;2013-08-04;Domingo;12:45:00;RJ;101;321.0;NITEROI;Outras;Colisao lateral;Com Vitimas Feridas;Pleno dia
83043287;2013-07-29;Segunda;18:10:00;RJ;101;302.0;SAO GONCALO;Outras;Colisao traseira;Sem Vitimas;Plena noite
83043463;2013-08-05;Segunda;07:20:00;RJ;101;316.0;SAO GONCALO;Falta de atencao;Colisao com objeto fixo;Ignorado;Amanhecer
83043477;2013-08-02;Sexta;23:08:00;RJ;101;325.0;NITEROI;Nao guardar distancia de seguranca;Colisao traseira;Com Vitimas Feridas;Plena noite
83043486;2013-08-03;Sabado;04:40:00;RJ;101;334.0;RIO DE JANEIRO;Outras;Colisao com objeto fixo;Sem Vitimas;Plena noite
83043518;2013-08-02;Sexta;00:28:00;RJ;101;322.0;SAO GONCALO;Falta de atencao;Colisao lateral;Sem Vitimas;Plena noite
83043544;2013-08-01;Quinta;10:30:00;RJ;101;325.0;NITEROI;Falta de atencao;Colisao lateral;Sem Vitimas;Pleno dia
83043546;2013-08-02;Sexta;00:00:00;RJ;101;322.0;NITEROI;Falta de atencao;Colisao lateral;Sem Vitimas;Plena noite
83043632;2013-08-05;Segunda;10:40:00;RJ;101;320.0;NITEROI;Nao guardar distancia de seguranca;Colisao traseira;Sem Vitimas;Pleno dia
83043746;2013-08-05;Segunda;16:30:00;RJ;101;316.0;SAO GONCALO;Outras;Colisao traseira;Sem Vitimas;Pleno dia
83043760;2013-08-05;Segunda;17:00:00;RJ;101;323.0;NITEROI;Falta de atencao;Colisao traseira;Sem Vitimas;Anoitecer
83043778;2013-08-05;Segunda;18:30:00;RJ;101;322.0;NITEROI;Nao guardar distancia de seguranca;Colisao lateral;Sem Vitimas;Plena noite
83043781;2013-08-02;Sexta;00:30:00;RJ;101;329.0;RIO DE JANEIRO;Ingestao de alcool;Colisao lateral;Com Vitimas Feridas;Plena noite
83043986;2013-05-04;Sabado;13:20:00;RJ;101;304.0;SAO GONCALO;Outras;Saida de Pista;Sem Vitimas;Pleno dia
83044005;2013-08-02;Sexta;21:00:00;RJ;101;328.0;NITEROI;Falta de atencao;Colisao traseira;Sem Vitimas;Plena noite
83044177;2013-07-29;Segunda;15:30:00;RJ;101;306.0;SAO GONCALO;Outras;Colisao traseira;Sem Vitimas;Pleno dia
83044182;2013-08-06;Terca;10:05:00;RJ;101;330.0;RIO DE JANEIRO;Outras;Colisao traseira;Com Vitimas Feridas;Pleno dia
83044273;2013-08-02;Sexta;11:30:00;RJ;101;319.0;SAO GONCALO;Outras;Colisao traseira;Com Vitimas Feridas;Pleno dia
83044301;2013-08-06;Terca;10:30:00;RJ;101;319.0;SAO GONCALO;Nao guardar distancia de seguranca;Colisao traseira;Com Vitimas Feridas;Pleno dia
83044331;2013-08-06;Terca;18:45:00;RJ;101;311.0;SAO GONCALO;Nao guardar distancia de seguranca;Colisao traseira;Sem Vitimas;Plena noite
83044481;2013-08-04;Domingo;05:00:00;RJ;101;310.0;SAO GONCALO;Outras;Colisao com objeto fixo;Sem Vitimas;Plena noite
83044543;2013-08-07;Quarta;12:30:00;RJ;101;303.0;SAO GONCALO;Outras;Colisao com objeto fixo;Sem Vitimas;Pleno dia
83044549;2013-08-07;Quarta;09:15:00;RJ;101;321.0;NITEROI;Outras;Colisao traseira;Sem Vitimas;Pleno dia
83044615;2013-08-07;Quarta;12:05:00;RJ;101;322.0;NITEROI;Outras;Colisao com objeto fixo;Sem Vitimas;Pleno dia
83044679;2013-08-07;Quarta;14:50:00;RJ;101;313.0;SAO GONCALO;Outras;Colisao traseira;Com Vitimas Feridas;Pleno dia
83044741;2013-08-07;Quarta;17:00:00;RJ;101;322.0;NITEROI;Falta de atencao;Colisao lateral;Sem Vitimas;Pleno dia
83044745;2013-08-07;Quarta;17:30:00;RJ;101;334.0;RIO DE JANEIRO;Outras;Colisao traseira;Sem Vitimas;Anoitecer
83044958;2013-08-08;Quinta;05:40:00;RJ;101;308.0;SAO GONCALO;Dormindo;Colisao com objeto fixo;Sem Vitimas;Amanhecer
83045023;2013-08-08;Quinta;08:40:00;RJ;101;321.5;NITEROI;Outras;Colisao lateral;Sem Vitimas;Pleno dia
83045111;2013-08-08;Quinta;11:40:00;RJ;101;313.0;SAO GONCALO;Nao guardar distancia de seguranca;Saida de Pista;Com Vitimas Feridas;Pleno dia
83045161;2013-08-08;Quinta;13:30:00;RJ;101;310.0;SAO GONCALO;Outras;Colisao traseira;Sem Vitimas;Pleno dia
83045171;2013-08-08;Quinta;13:40:00;RJ;101;319.0;NITEROI;Falta de atencao;Colisao traseira;Sem Vitimas;Pleno dia
83045197;2013-08-05;Segunda;04:15:00;RJ;101;321.0;NITEROI;Outras;Capotamento;Com Vitimas Feridas;Plena noite
83045205;2013-08-08;Quinta;16:50:00;RJ;101;312.0;SAO GONCALO;Defeito mecanico em veiculo;Colisao com objeto movel;Sem Vitimas;Pleno dia
83045215;2013-08-05;Segunda;05:15:00;RJ;101;321.0;NITEROI;Falta de atencao;Colisao lateral;Sem Vitimas;Plena noite
83045258;2013-08-08;Quinta;05:50:00;RJ;101;328.0;NITEROI;Outras;Queda de motocicleta / bicicleta / veiculo;Com Vitimas Feridas;Plena noite
83045343;2013-08-08;Quinta;11:30:00;RJ;101;329.0;RIO DE JANEIRO;Outras;Colisao traseira;Com Vitimas Feridas;Pleno dia
83045524;2013-08-09;Sexta;08:00:00;RJ;101;307.0;SAO GONCALO;Outras;Colisao com bicicleta;Com Vitimas Feridas;Pleno dia
83045561;2013-08-09;Sexta;09:30:00;RJ;101;311.0;SAO GONCALO;Outras;Colisao traseira;Sem Vitimas;Pleno dia
83045577;2013-08-09;Sexta;09:30:00;RJ;101;316.0;SAO GONCALO;Falta de atencao;Colisao lateral;Com Vitimas Feridas;Pleno dia
83045606;2013-08-09;Sexta;08:00:00;RJ;101;320.0;NITEROI;Falta de atencao;Colisao lateral;Sem Vitimas;Pleno dia
83045644;2013-08-09;Sexta;13:50:00;RJ;101;322.0;NITEROI;Falta de atencao;Colisao lateral;Sem Vitimas;Pleno dia
83045659;2013-08-09;Sexta;11:30:00;RJ;101;334.0;RIO DE JANEIRO;Outras;Derramamento de Carga;Sem Vitimas;Pleno dia
83045854;2013-08-09;Sexta;19:55:00;RJ;101;323.0;NITEROI;Falta de atencao;Colisao traseira;Sem Vitimas;Plena noite
83045943;2013-08-09;Sexta;19:50:00;RJ;101;322.2;NITEROI;Falta de atencao;Colisao lateral;Com Vitimas Feridas;Plena noite
83045952;2013-08-09;Sexta;23:30:00;RJ;101;312.0;SAO GONCALO;Outras;Colisao traseira;Sem Vitimas;Plena noite
83046099;2013-08-06;Terca;17:50:00;RJ;101;319.0;NITEROI;Falta de atencao;Colisao lateral;Sem Vitimas;Plena noite
83046492;2013-08-11;Domingo;06:31:00;RJ;101;334.0;RIO DE JANEIRO;Outras;Colisao traseira;Sem Vitimas;Pleno dia
83046493;2013-08-11;Domingo;07:03:00;RJ;101;332.0;RIO DE JANEIRO;Falta de atencao;Colisao traseira;Com Vitimas Feridas;Pleno dia
83046688;2013-08-11;Domingo;17:00:00;RJ;101;319.0;SAO GONCALO;Outras;Colisao traseira;Sem Vitimas;Anoitecer
83046712;2013-08-11;Domingo;17:45:00;RJ;101;322.0;NITEROI;Falta de atencao;Colisao traseira;Sem Vitimas;Anoitecer
83046837;2013-08-11;Domingo;21:30:00;RJ;101;307.0;SAO GONCALO;Outras;Queda de motocicleta / bicicleta / veiculo;Sem Vitimas;Plena noite
83046838;2013-08-11;Domingo;20:00:00;RJ;101;302.0;SAO GONCALO;Outras;Colisao traseira;Sem Vitimas;Plena noite
83047077;2013-08-12;Segunda;11:00:00;RJ;101;316.0;SAO GONCALO;Outras;Colisao com objeto fixo;Sem Vitimas;Pleno dia
83047230;2013-08-05;Segunda;20:10:00;RJ;101;323.0;NITEROI;Falta de atencao;Colisao traseira;Sem Vitimas;Plena noite
83047300;2013-07-07;Domingo;18:30:00;RJ;101;325.0;NITEROI;Outras;Colisao traseira;Sem Vitimas;Plena noite
83047384;2013-08-01;Quinta;10:00:00;RJ;101;334.0;RIO DE JANEIRO;Nao guardar distancia de seguranca;Colisao traseira;Sem Vitimas;Pleno dia
83047461;2013-08-13;Terca;13:10:00;RJ;101;322.0;RIO DE JANEIRO;Falta de atencao;Colisao traseira;Sem Vitimas;Pleno dia
83047493;2013-08-13;Terca;12:40:00;RJ;101;326.0;NITEROI;Outras;Capotamento;Com Vitimas Feridas;Pleno dia
83047727;2013-08-13;Terca;19:30:00;RJ;101;330.0;RIO DE JANEIRO;Falta de atencao;Colisao traseira;Sem Vitimas;Plena noite
83047763;2013-08-13;Terca;19:30:00;RJ;101;330.0;NITEROI;Nao guardar distancia de seguranca;Colisao traseira;Sem Vitimas;Plena noite
83047802;2013-08-13;Terca;20:30:00;RJ;101;328.0;RIO DE JANEIRO;Falta de atencao;Colisao traseira;Sem Vitimas;Plena noite
83047876;2013-08-10;Sabado;17:30:00;RJ;101;325.0;NITEROI;Falta de atencao;Colisao traseira;Com Vitimas Feridas;Plena noite
83048155;2013-08-14;Quarta;14:10:00;RJ;101;321.0;NITEROI;Outras;Derramamento de Carga;Sem Vitimas;Pleno dia
83048199;2013-08-11;Domingo;04:50:00;RJ;101;319.0;SAO GONCALO;Falta de atencao;Saida de Pista;Sem Vitimas;Plena noite
83048210;2013-08-14;Quarta;08:00:00;RJ;101;319.5;SAO GONCALO;Falta de atencao;Colisao traseira;Sem Vitimas;Pleno dia
83048228;2013-08-14;Quarta;16:00:00;RJ;101;309.0;SAO GONCALO;Falta de atencao;Colisao traseira;Sem Vitimas;Pleno dia
83048239;2013-08-14;Quarta;07:30:00;RJ;101;319.0;SAO GONCALO;Falta de atencao;Colisao traseira;Sem Vitimas;Pleno dia
83048325;2013-08-14;Quarta;19:50:00;RJ;101;323.0;NITEROI;Falta de atencao;Colisao traseira;Sem Vitimas;Plena noite
83048332;2013-08-14;Quarta;18:10:00;RJ;101;322.0;NITEROI;Nao guardar distancia de seguranca;Colisao lateral;Sem Vitimas;Plena noite
83048465;2013-08-15;Quinta;06:00:00;RJ;101;314.0;SAO GONCALO;Outras;Saida de Pista;Sem Vitimas;Amanhecer
83048554;2013-08-15;Quinta;10:03:00;RJ;101;330.0;RIO DE JANEIRO;Outras;Colisao lateral;Sem Vitimas;Pleno dia
83048655;2013-08-15;Quinta;13:40:00;RJ;101;330.0;RIO DE JANEIRO;Falta de atencao;Colisao traseira;Com Vitimas Feridas;Pleno dia
83048805;2013-08-15;Quinta;18:30:00;RJ;101;319.0;SAO GONCALO;Falta de atencao;Colisao traseira;Sem Vitimas;Plena noite
83049030;2013-08-16;Sexta;07:10:00;RJ;101;309.0;SAO GONCALO;Falta de atencao;Colisao traseira;Sem Vitimas;Pleno dia
83049098;2013-08-12;Segunda;13:10:00;RJ;101;333.0;RIO DE JANEIRO;Outras;Colisao lateral;Com Vitimas Feridas;Pleno dia
83049511;2013-08-16;Sexta;15:30:00;RJ;101;323.0;NITEROI;Outras;Incendio;Sem Vitimas;Pleno dia
83049549;2013-08-12;Segunda;09:00:00;RJ;101;333.0;RIO DE JANEIRO;Outras;Colisao traseira;Sem Vitimas;Pleno dia
83049800;2013-08-17;Sabado;12:00:00;RJ;101;309.0;SAO GONCALO;Outras;Colisao com objeto fixo;Com Vitimas Feridas;Pleno dia
83049858;2013-08-17;Sabado;16:00:00;RJ;101;310.0;SAO GONCALO;Outras;Colisao lateral;Sem Vitimas;Pleno dia
83050061;2013-08-17;Sabado;23:30:00;RJ;101;309.0;SAO GONCALO;Outras;Colisao lateral;Sem Vitimas;Plena noite
83050255;2013-08-18;Domingo;11:40:00;RJ;101;323.0;NITEROI;Outras;Colisao com objeto fixo;Sem Vitimas;Pleno dia
83050645;2013-08-19;Segunda;06:00:00;RJ;101;308.0;SAO GONCALO;Outras;Colisao lateral;Sem Vitimas;Amanhecer
83050748;2013-08-19;Segunda;08:15:00;RJ;101;325.0;NITEROI;Falta de atencao;Colisao lateral;Sem Vitimas;Pleno dia
83050841;2013-08-19;Segunda;12:40:00;RJ;101;328.0;RIO DE JANEIRO;Outras;Colisao traseira;Com Vitimas Feridas;Pleno dia
83050905;2013-08-18;Domingo;17:00:00;RJ;101;308.0;SAO GONCALO;Ingestao de alcool;Colisao traseira;Sem Vitimas;Pleno dia
83051126;2013-08-19;Segunda;13:15:00;RJ;101;320.0;NITEROI;Falta de atencao;Colisao traseira;Sem Vitimas;Pleno dia
83051304;2013-08-20;Terca;07:45:00;RJ;101;311.0;SAO GONCALO;Outras;Atropelamento de pessoa;Com Vitimas Feridas;Pleno dia
83051375;2013-08-16;Sexta;18:45:00;RJ;101;322.0;NITEROI;Outras;Colisao lateral;Sem Vitimas;Anoitecer
83051425;2013-08-20;Terca;07:45:00;RJ;101;311.0;SAO GONCALO;Outras;Colisao lateral;Com Vitimas Feridas;Pleno dia
83051427;2013-08-20;Terca;09:40:00;RJ;101;311.0;SAO GONCALO;Falta de atencao;Colisao traseira;Com Vitimas Feridas;Pleno dia
83051524;2013-08-20;Terca;18:23:00;RJ;101;318.0;SAO GONCALO;Falta de atencao;Colisao traseira;Sem Vitimas;Plena noite
83051538;2013-08-17;Sabado;19:30:00;RJ;101;334.0;RIO DE JANEIRO;Outras;Colisao lateral;Com Vitimas Feridas;Plena noite
83051622;2013-08-20;Terca;10:00:00;RJ;101;320.0;NITEROI;Outras;Colisao lateral;Sem Vitimas;Pleno dia
83051642;2013-08-20;Terca;09:40:00;RJ;101;322.0;NITEROI;Desobediencia a sinalizacao;Colisao traseira;Sem Vitimas;Pleno dia
83051661;2013-08-20;Terca;09:10:00;RJ;101;332.0;NITEROI;Falta de atencao;Colisao lateral;Sem Vitimas;Pleno dia
83051802;2013-08-18;Domingo;05:00:00;RJ;101;306.0;SAO GONCALO;Outras;Colisao traseira;Sem Vitimas;Pleno dia
83051956;2013-08-21;Quarta;12:45:00;RJ;101;322.2;NITEROI;Falta de atencao;Colisao traseira;Sem Vitimas;Pleno dia
83052041;2013-08-17;Sabado;17:30:00;RJ;101;322.0;NITEROI;Nao guardar distancia de seguranca;Colisao traseira;Sem Vitimas;Anoitecer
83052364;2013-08-22;Quinta;08:30:00;RJ;101;312.0;SAO GONCALO;Outras;Colisao traseira;Sem Vitimas;Pleno dia
83052378;2013-08-22;Quinta;10:00:00;RJ;101;321.0;NITEROI;Falta de atencao;Colisao traseira;Sem Vitimas;Pleno dia
83052494;2013-08-22;Quinta;15:05:00;RJ;101;322.0;NITEROI;Velocidade incompativel;Colisao com objeto fixo;Sem Vitimas;Pleno dia
83052587;2013-08-22;Quinta;17:59:00;RJ;101;333.0;NITEROI;Outras;Colisao traseira;Sem Vitimas;Anoitecer
83052597;2013-08-22;Quinta;09:00:00;RJ;101;312.0;SAO GONCALO;Falta de atencao;Colisao traseira;Sem Vitimas;Pleno dia
83052640;2013-08-22;Quinta;11:39:00;RJ;101;312.0;SAO GONCALO;Falta de atencao;Colisao Transversal;Com Vitimas Feridas;Pleno dia
83052709;2013-08-22;Quinta;23:30:00;RJ;101;300.0;SAO GONCALO;Dormindo;Colisao com objeto fixo;Sem Vitimas;Plena noite
83052727;2013-08-22;Quinta;09:40:00;RJ;101;309.0;SAO GONCALO;Falta de atencao;Colisao traseira;Sem Vitimas;Pleno dia
83052802;2013-08-23;Sexta;08:00:00;RJ;101;322.0;NITEROI;Outras;Atropelamento de pessoa;Com Vitimas Feridas;Pleno dia
83052854;2013-08-23;Sexta;09:55:00;RJ;101;320.0;NITEROI;Outras;Colisao lateral;Sem Vitimas;Pleno dia
83052855;2013-08-23;Sexta;09:00:00;RJ;101;334.0;RIO DE JANEIRO;Defeito mecanico em veiculo;Colisao traseira;Sem Vitimas;Pleno dia
83052857;2013-08-23;Sexta;08:10:00;RJ;101;301.0;SAO GONCALO;Outras;Colisao lateral;Sem Vitimas;Pleno dia
83052872;2013-08-23;Sexta;11:00:00;RJ;101;320.0;NITEROI;Outras;Colisao traseira;Com Vitimas Feridas;Pleno dia
83052934;2013-08-23;Sexta;11:15:00;RJ;101;315.0;SAO GONCALO;Outras;Colisao lateral;Sem Vitimas;Pleno dia
83053193;2013-08-23;Sexta;23:00:00;RJ;101;322.0;NITEROI;Outras;Colisao traseira;Sem Vitimas;Plena noite
83053428;2013-08-24;Sabado;12:15:00;RJ;101;312.0;SAO GONCALO;Defeito mecanico em veiculo;Saida de Pista;Sem Vitimas;Pleno dia
83053512;2013-08-24;Sabado;14:50:00;RJ;101;317.0;SAO GONCALO;Outras;Capotamento;Sem Vitimas;Pleno dia
83053631;2013-08-24;Sabado;13:45:00;RJ;101;334.0;RIO DE JANEIRO;Falta de atencao;Colisao Transversal;Com Vitimas Feridas;Pleno dia
83053654;2013-08-24;Sabado;20:15:00;RJ;101;322.0;NITEROI;Outras;Colisao lateral;Sem Vitimas;Plena noite
83053669;2013-08-24;Sabado;17:25:00;RJ;101;313.0;SAO GONCALO;Outras;Queda de motocicleta / bicicleta / veiculo;Com Vitimas Feridas;Pleno dia
83053881;2013-08-25;Domingo;11:30:00;RJ;101;308.0;SAO GONCALO;Outras;Atropelamento de pessoa;Com Vitimas Feridas;Pleno dia
83053882;2013-08-25;Domingo;11:25:00;RJ;101;334.0;RIO DE JANEIRO;Nao guardar distancia de seguranca;Colisao traseira;Sem Vitimas;Pleno dia
83053983;2013-08-22;Quinta;17:30:00;RJ;101;323.0;NITEROI;Outras;Colisao lateral;Com Vitimas Feridas;Anoitecer
83054305;2013-08-20;Terca;23:20:00;RJ;101;322.0;NITEROI;Outras;Colisao lateral;Sem Vitimas;Plena noite
83054333;2013-08-26;Segunda;08:40:00;RJ;101;329.0;RIO DE JANEIRO;Outras;Colisao traseira;Com Vitimas Feridas;Pleno dia
83054371;2013-08-26;Segunda;09:30:00;RJ;101;321.0;NITEROI;Outras;Colisao traseira;Sem Vitimas;Pleno dia
83054652;2013-08-26;Segunda;20:00:00;RJ;101;307.0;SAO GONCALO;Desobediencia a sinalizacao;Colisao com bicicleta;Com Vitimas Fatais;Plena noite
83055300;2013-08-28;Quarta;01:00:00;RJ;101;308.0;SAO GONCALO;Outras;Colisao lateral;Sem Vitimas;Amanhecer
83055364;2013-08-24;Sabado;12:40:00;RJ;101;323.0;NITEROI;Outras;Colisao lateral;Sem Vitimas;Pleno dia
83055432;2013-08-24;Sabado;09:30:00;RJ;101;323.0;NITEROI;Outras;Colisao traseira;Sem Vitimas;Pleno dia
83055570;2013-07-15;Segunda;11:00:00;RJ;101;310.0;SAO GONCALO;Outras;Colisao traseira;Sem Vitimas;Pleno dia
83055794;2013-08-29;Quinta;00:55:00;RJ;101;326.0;NITEROI;Outras;Colisao com objeto movel;Sem Vitimas;Plena noite
83055905;2013-08-29;Quinta;08:26:00;RJ;101;331.0;RIO DE JANEIRO;Nao guardar distancia de seguranca;Colisao traseira;Sem Vitimas;Pleno dia
83056039;2013-06-10;Segunda;06:30:00;RJ;101;311.0;SAO GONCALO;Falta de atencao;Colisao traseira;Sem Vitimas;Pleno dia
83056044;2013-08-29;Quinta;13:00:00;RJ;101;317.0;SAO GONCALO;Outras;Saida de Pista;Com Vitimas Fatais;Pleno dia
83056101;2013-08-29;Quinta;16:00:00;RJ;101;319.0;SAO GONCALO;Nao guardar distancia de seguranca;Colisao lateral;Com Vitimas Feridas;Pleno dia
83056132;2013-08-29;Quinta;15:08:00;RJ;101;334.0;RIO DE JANEIRO;Defeito mecanico em veiculo;Colisao traseira;Sem Vitimas;Pleno dia
83056177;2013-08-29;Quinta;18:20:00;RJ;101;322.0;NITEROI;Falta de atencao;Colisao traseira;Sem Vitimas;Anoitecer
83056213;2013-08-29;Quinta;17:48:00;RJ;101;325.0;NITEROI;Falta de atencao;Colisao traseira;Sem Vitimas;Anoitecer
83056235;2013-08-29;Quinta;15:39:00;RJ;101;330.0;SAO GONCALO;Nao guardar distancia de seguranca;Colisao traseira;Sem Vitimas;Pleno dia
83056237;2013-08-29;Quinta;21:00:00;RJ;101;308.0;SAO GONCALO;Outras;Colisao com objeto movel;Sem Vitimas;Amanhecer
83056434;2013-08-30;Sexta;07:30:00;RJ;101;316.0;SAO GONCALO;Outras;Colisao traseira;Sem Vitimas;Pleno dia
83056637;2013-08-30;Sexta;16:15:00;RJ;101;322.0;NITEROI;Nao guardar distancia de seguranca;Colisao lateral;Sem Vitimas;Pleno dia
83056645;2013-08-30;Sexta;13:00:00;RJ;101;299.0;SAO GONCALO;Outras;Colisao traseira;Sem Vitimas;Pleno dia
83056723;2013-08-22;Quinta;14:00:00;RJ;101;325.0;NITEROI;Falta de atencao;Colisao traseira;Sem Vitimas;Pleno dia
83056841;2013-08-30;Sexta;16:00:00;RJ;101;322.0;NITEROI;Nao guardar distancia de seguranca;Colisao lateral;Sem Vitimas;Pleno dia
83056985;2013-08-31;Sabado;08:00:00;RJ;101;327.0;RIO DE JANEIRO;Nao guardar distancia de seguranca;Colisao traseira;Sem Vitimas;Pleno dia
83057046;2013-08-31;Sabado;10:50:00;RJ;101;322.0;NITEROI;Nao guardar distancia de seguranca;Colisao traseira;Sem Vitimas;Pleno dia
83057083;2013-08-31;Sabado;12:30:00;RJ;101;333.0;RIO DE JANEIRO;Falta de atencao;Colisao lateral;Sem Vitimas;Pleno dia
83057104;2013-08-31;Sabado;13:00:00;RJ;101;323.0;NITEROI;Outras;Colisao traseira;Sem Vitimas;Pleno dia
83057200;2013-08-31;Sabado;15:45:00;RJ;101;313.0;SAO GONCALO;Outras;Colisao traseira;Sem Vitimas;Pleno dia
83057357;2013-08-31;Sabado;22:55:00;RJ;101;322.0;NITEROI;Outras;Colisao traseira;Sem Vitimas;Plena noite
83057405;2013-09-01;Domingo;02:35:00;RJ;101;315.0;SAO GONCALO;Outras;Colisao lateral;Sem Vitimas;Plena noite
83057489;2013-09-01;Domingo;04:05:00;RJ;101;316.0;SAO GONCALO;Outras;Atropelamento de pessoa;Com Vitimas Fatais;Plena noite
83057675;2013-09-01;Domingo;13:30:00;RJ;101;320.0;NITEROI;Outras;Colisao lateral;Sem Vitimas;Pleno dia
83057757;2013-09-01;Domingo;20:47:00;RJ;101;322.0;NITEROI;Outras;Colisao traseira;Com Vitimas Feridas;Plena noite
83057811;2013-09-01;Domingo;23:30:00;RJ;101;304.0;SAO GONCALO;Falta de atencao;Colisao lateral;Sem Vitimas;Plena noite
83057876;2013-09-02;Segunda;06:20:00;RJ;101;323.0;NITEROI;Nao guardar distancia de seguranca;Colisao traseira;Sem Vitimas;Pleno dia
83057934;2013-09-02;Segunda;10:00:00;RJ;101;322.0;NITEROI;Outras;Colisao com objeto fixo;Sem Vitimas;Pleno dia
83057986;2013-08-29;Quinta;20:06:00;RJ;101;321.0;NITEROI;Nao guardar distancia de seguranca;Colisao traseira;Sem Vitimas;Plena noite
83058024;2013-08-04;Domingo;15:55:00;RJ;101;322.0;NITEROI;Outras;Colisao traseira;Sem Vitimas;Pleno dia
83058059;2013-08-06;Terca;15:30:00;RJ;101;321.0;NITEROI;Falta de atencao;Colisao lateral;Sem Vitimas;Pleno dia
83058212;2013-08-29;Quinta;21:06:00;RJ;101;328.0;SAO GONCALO;Dormindo;Colisao traseira;Sem Vitimas;Plena noite
83058348;2013-09-02;Segunda;17:10:00;RJ;101;333.0;RIO DE JANEIRO;Nao guardar distancia de seguranca;Colisao traseira;Sem Vitimas;Pleno dia
83058538;2013-09-03;Terca;11:30:00;RJ;101;314.7;SAO GONCALO;Outras;Colisao traseira;Sem Vitimas;Pleno dia
83058686;2013-09-03;Terca;17:45:00;RJ;101;322.0;NITEROI;Nao guardar distancia de seguranca;Colisao traseira;Sem Vitimas;Anoitecer
83058840;2013-09-03;Terca;21:00:00;RJ;101;310.0;SAO GONCALO;Outras;Colisao traseira;Sem Vitimas;Plena noite
83058857;2013-09-04;Quarta;03:00:00;RJ;101;313.0;SAO GONCALO;Outras;Danos Eventuais;Sem Vitimas;Plena noite
83058957;2013-09-04;Quarta;07:52:00;RJ;101;313.0;SAO GONCALO;Outras;Colisao traseira;Sem Vitimas;Pleno dia
83059041;2013-09-04;Quarta;12:40:00;RJ;101;319.0;SAO GONCALO;Falta de atencao;Colisao traseira;Sem Vitimas;Pleno dia
83059374;2013-09-03;Terca;18:00:00;RJ;101;322.0;NITEROI;Falta de atencao;Colisao traseira;Sem Vitimas;Plena noite
83059389;2013-09-03;Terca;17:10:00;RJ;101;321.0;NITEROI;Nao guardar distancia de seguranca;Colisao traseira;Sem Vitimas;Pleno dia
83059495;2013-09-01;Domingo;21:45:00;RJ;101;323.0;NITEROI;Outras;Queda de motocicleta / bicicleta / veiculo;Com Vitimas Feridas;Plena noite
83059532;2013-09-01;Domingo;07:15:00;RJ;101;331.0;RIO DE JANEIRO;Ingestao de alcool;Colisao traseira;Sem Vitimas;Amanhecer
83059790;2013-09-05;Quinta;19:30:00;RJ;101;312.0;SAO GONCALO;Nao guardar distancia de seguranca;Colisao traseira;Sem Vitimas;Plena noite
83059817;2013-09-05;Quinta;18:40:00;RJ;101;331.0;RIO DE JANEIRO;Outras;Colisao traseira;Sem Vitimas;Plena noite
83059819;2013-09-05;Quinta;18:00:00;RJ;101;319.0;SAO GONCALO;Falta de atencao;Colisao traseira;Com Vitimas Feridas;Anoitecer
83059870;2013-09-05;Quinta;05:30:00;RJ;101;319.0;SAO GONCALO;Outras;Colisao lateral;Com Vitimas Feridas;Amanhecer
83059997;2013-09-02;Segunda;12:04:00;RJ;101;333.3;RIO DE JANEIRO;Defeito mecanico em veiculo;Queda de motocicleta / bicicleta / veiculo;Com Vitimas Feridas;Pleno dia
83060131;2013-09-06;Sexta;07:52:00;RJ;101;320.0;NITEROI;Falta de atencao;Colisao lateral;Com Vitimas Feridas;Pleno dia
83060132;2013-09-02;Segunda;22:30:00;RJ;101;331.0;NITEROI;Defeito mecanico em veiculo;Colisao com objeto movel;Sem Vitimas;Plena noite
83060141;2013-09-06;Sexta;06:45:00;RJ;101;322.0;NITEROI;Falta de atencao;Colisao traseira;Sem Vitimas;Pleno dia
83060183;2013-09-06;Sexta;07:50:00;RJ;101;328.0;RIO DE JANEIRO;Nao guardar distancia de seguranca;Colisao traseira;Sem Vitimas;Pleno dia
83060283;2013-07-24;Quarta;16:57:00;RJ;101;326.0;NITEROI;Falta de atencao;Colisao traseira;Sem Vitimas;Anoitecer
83060340;2013-09-06;Sexta;15:40:00;RJ;101;322.0;NITEROI;Nao guardar distancia de seguranca;Colisao lateral;Sem Vitimas;Pleno dia
83060414;2013-09-06;Sexta;15:15:00;RJ;101;322.0;NITEROI;Falta de atencao;Colisao lateral;Sem Vitimas;Pleno dia
83060428;2013-09-02;Segunda;15:40:00;RJ;101;324.0;NITEROI;Ingestao de alcool;Colisao traseira;Com Vitimas Feridas;Pleno dia
83060498;2013-09-06;Sexta;19:30:00;RJ;101;322.0;NITEROI;Falta de atencao;Colisao lateral;Sem Vitimas;Plena noite
83060652;2013-09-07;Sabado;07:30:00;RJ;101;323.0;NITEROI;Falta de atencao;Colisao traseira;Sem Vitimas;Amanhecer
83060781;2013-09-07;Sabado;10:50:00;RJ;101;314.0;SAO GONCALO;Defeito mecanico em veiculo;Saida de Pista;Sem Vitimas;Pleno dia
83060802;2013-09-07;Sabado;13:30:00;RJ;101;322.0;NITEROI;Nao guardar distancia de seguranca;Colisao traseira;Sem Vitimas;Pleno dia
83060886;2013-09-07;Sabado;13:50:00;RJ;101;330.0;RIO DE JANEIRO;Nao guardar distancia de seguranca;Colisao traseira;Sem Vitimas;Pleno dia
83060894;2013-09-07;Sabado;15:30:00;RJ;101;305.0;SAO GONCALO;Outras;Atropelamento de pessoa;Com Vitimas Feridas;Pleno dia
83060980;2013-09-04;Quarta;00:05:00;RJ;101;308.0;SAO GONCALO;Outras;Colisao Transversal;Sem Vitimas;Plena noite
83061117;2013-08-29;Quinta;11:00:00;RJ;101;320.0;RIO DE JANEIRO;Outras;Colisao traseira;Sem Vitimas;Pleno dia
83061180;2013-09-08;Domingo;07:00:00;RJ;101;332.0;RIO DE JANEIRO;Outras;Colisao traseira;Com Vitimas Feridas;Pleno dia
83061266;2013-09-08;Domingo;11:00:00;RJ;101;312.0;SAO GONCALO;Animais na Pista;Atropelamento de animal;Sem Vitimas;Pleno dia
83061688;2013-09-09;Segunda;04:45:00;RJ;101;328.0;NITEROI;Outras;Colisao traseira;Com Vitimas Feridas;Plena noite
83061833;2013-09-07;Sabado;05:00:00;RJ;101;324.0;NITEROI;Outras;Colisao com objeto movel;Sem Vitimas;Amanhecer
83061866;2013-09-09;Segunda;11:38:00;RJ;101;327.0;NITEROI;Outras;Colisao lateral;Sem Vitimas;Pleno dia
83062182;2013-09-09;Segunda;16:35:00;RJ;101;330.0;RIO DE JANEIRO;Outras;Colisao lateral;Sem Vitimas;Pleno dia
83062214;2013-09-09;Segunda;16:10:00;RJ;101;331.0;RIO DE JANEIRO;Falta de atencao;Colisao traseira;Sem Vitimas;Pleno dia
83062217;2013-09-06;Sexta;15:40:00;RJ;101;321.0;NITEROI;Falta de atencao;Colisao traseira;Sem Vitimas;Pleno dia
83062256;2013-09-09;Segunda;23:20:00;RJ;101;330.0;RIO DE JANEIRO;Outras;Colisao com objeto movel;Sem Vitimas;Pleno dia
83062355;2013-09-06;Sexta;13:20:00;RJ;101;322.0;NITEROI;Falta de atencao;Colisao traseira;Sem Vitimas;Pleno dia
83062383;2013-09-06;Sexta;20:00:00;RJ;101;333.0;RIO DE JANEIRO;Nao guardar distancia de seguranca;Colisao lateral;Sem Vitimas;Plena noite
83062384;2013-09-10;Terca;07:40:00;RJ;101;312.0;SAO GONCALO;Outras;Queda de motocicleta / bicicleta / veiculo;Com Vitimas Feridas;Pleno dia
83062385;2013-09-07;Sabado;01:00:00;RJ;101;326.0;NITEROI;Falta de atencao;Colisao lateral;Sem Vitimas;Plena noite
83062737;2013-09-06;Sexta;20:00:00;RJ;101;314.0;SAO GONCALO;Outras;Colisao traseira;Com Vitimas Fatais;Plena noite
83062765;2013-09-10;Terca;19:15:00;RJ;101;321.0;NITEROI;Falta de atencao;Colisao traseira;Sem Vitimas;Plena noite
83062850;2013-09-03;Terca;05:40:00;RJ;101;321.1;NITEROI;Defeito na via;Colisao com objeto fixo;Com Vitimas Feridas;Amanhecer
83062853;2013-09-07;Sabado;18:00:00;RJ;101;322.0;NITEROI;Falta de atencao;Colisao lateral;Sem Vitimas;Plena noite
83062900;2013-09-11;Quarta;11:00:00;RJ;101;320.0;NITEROI;Outras;Colisao lateral;Com Vitimas Feridas;Pleno dia
83062922;2013-09-08;Domingo;02:00:00;RJ;101;305.0;SAO GONCALO;Outras;Colisao traseira;Com Vitimas Fatais;Plena noite
83062951;2013-09-11;Quarta;14:10:00;RJ;101;334.0;RIO DE JANEIRO;Outras;Colisao traseira;Sem Vitimas;Pleno dia
83063139;2013-09-11;Quarta;19:30:00;RJ;101;313.0;SAO GONCALO;Outras;Colisao traseira;Sem Vitimas;Plena noite
83063869;2013-09-13;Sexta;16:15:00;RJ;101;331.0;RIO DE JANEIRO;Outras;Colisao traseira;Sem Vitimas;Pleno dia
83063872;2013-09-13;Sexta;15:00:00;RJ;101;312.0;SAO GONCALO;Falta de atencao;Colisao traseira;Com Vitimas Feridas;Pleno dia
83063924;2013-09-13;Sexta;18:30:00;RJ;101;333.0;RIO DE JANEIRO;Outras;Colisao lateral;Sem Vitimas;Anoitecer
83064002;2013-09-13;Sexta;18:52:00;RJ;101;328.0;RIO DE JANEIRO;Outras;Colisao traseira;Sem Vitimas;Plena noite
83064046;2013-09-09;Segunda;11:40:00;RJ;101;327.0;NITEROI;Defeito mecanico em veiculo;Colisao com objeto movel;Sem Vitimas;Pleno dia
83064176;2013-09-14;Sabado;04:50:00;RJ;101;321.5;NITEROI;Falta de atencao;Colisao traseira;Sem Vitimas;Plena noite
83064266;2013-09-10;Terca;22:50:00;RJ;101;322.0;NITEROI;Falta de atencao;Colisao lateral;Sem Vitimas;Amanhecer
83064419;2013-09-14;Sabado;13:00:00;RJ;101;318.0;SAO GONCALO;Outras;Colisao traseira;Sem Vitimas;Pleno dia
83064441;2013-08-06;Terca;13:30:00;RJ;101;332.0;RIO DE JANEIRO;Outras;Colisao traseira;Sem Vitimas;Pleno dia
83064550;2013-09-14;Sabado;14:45:00;RJ;101;322.2;NITEROI;Nao guardar distancia de seguranca;Colisao lateral;Sem Vitimas;Pleno dia
83064569;2013-09-06;Sexta;14:00:00;RJ;101;311.0;SAO GONCALO;Outras;Capotamento;Com Vitimas Feridas;Pleno dia
83064800;2013-09-15;Domingo;06:10:00;RJ;101;330.0;RIO DE JANEIRO;Outras;Colisao traseira;Sem Vitimas;Pleno dia
83064812;2013-09-11;Quarta;15:45:00;RJ;101;310.0;SAO GONCALO;Outras;Saida de Pista;Sem Vitimas;Pleno dia
83065315;2013-09-11;Quarta;13:40:00;RJ;101;325.0;NITEROI;Outras;Colisao traseira;Sem Vitimas;Pleno dia
83065363;2013-09-16;Segunda;07:30:00;RJ;101;322.0;NITEROI;Falta de atencao;Colisao lateral;Sem Vitimas;Pleno dia
83065517;2013-09-12;Quinta;16:00:00;RJ;101;310.0;SAO GONCALO;Outras;Colisao traseira;Sem Vitimas;Pleno dia
83065596;2013-09-16;Segunda;17:40:00;RJ;101;300.0;SAO GONCALO;Outras;Colisao lateral;Sem Vitimas;Pleno dia
83065782;2013-09-16;Segunda;20:00:00;RJ;101;321.0;NITEROI;Outras;Colisao lateral;Sem Vitimas;Pleno dia
83065991;2013-09-17;Terca;05:51:00;RJ;101;333.0;RIO DE JANEIRO;Outras;Colisao traseira;Sem Vitimas;Amanhecer
83066020;2013-09-13;Sexta;17:00:00;RJ;101;325.0;RIO DE JANEIRO;Falta de atencao;Colisao traseira;Sem Vitimas;Pleno dia
83066152;2013-09-13;Sexta;16:40:00;RJ;101;322.0;RIO DE JANEIRO;Outras;Colisao lateral;Sem Vitimas;Pleno dia
83066168;2013-09-13;Sexta;19:03:00;RJ;101;330.0;RIO DE JANEIRO;Nao guardar distancia de seguranca;Colisao traseira;Com Vitimas Feridas;Anoitecer
83066174;2013-09-13;Sexta;09:15:00;RJ;101;324.0;NITEROI;Falta de atencao;Colisao traseira;Sem Vitimas;Pleno dia
83066276;2013-09-13;Sexta;13:06:00;RJ;101;321.0;NITEROI;Outras;Danos Eventuais;Sem Vitimas;Pleno dia
83066325;2013-09-13;Sexta;13:08:00;RJ;101;326.0;NITEROI;Outras;Colisao com objeto fixo;Sem Vitimas;Pleno dia
83066359;2013-09-14;Sabado;23:40:00;RJ;101;322.0;NITEROI;Outras;Atropelamento de pessoa;Com Vitimas Fatais;Plena noite
83066441;2013-09-17;Terca;16:00:00;RJ;101;318.0;SAO GONCALO;Falta de atencao;Colisao traseira;Sem Vitimas;Pleno dia
83066458;2013-09-17;Terca;06:50:00;RJ;101;332.0;RIO DE JANEIRO;Outras;Colisao traseira;Sem Vitimas;Pleno dia
83066486;2013-09-17;Terca;23:22:00;RJ;101;325.0;NITEROI;Outras;Colisao com objeto movel;Sem Vitimas;Plena noite
83066612;2013-09-18;Quarta;08:00:00;RJ;101;317.0;SAO GONCALO;Outras;Colisao traseira;Sem Vitimas;Pleno dia
83066617;2013-09-18;Quarta;06:45:00;RJ;101;322.0;NITEROI;Falta de atencao;Colisao lateral;Sem Vitimas;Pleno dia
83066834;2013-09-18;Quarta;13:25:00;RJ;101;334.0;RIO DE JANEIRO;Falta de atencao;Colisao traseira;Sem Vitimas;Pleno dia
83066866;2013-09-18;Quarta;18:40:00;RJ;101;320.0;NITEROI;Outras;Colisao lateral;Sem Vitimas;Plena noite
83067031;2013-09-18;Quarta;18:32:00;RJ;101;320.0;NITEROI;Falta de atencao;Colisao traseira;Sem Vitimas;Plena noite
83067090;2013-09-11;Quarta;18:15:00;RJ;101;314.0;SAO GONCALO;Falta de atencao;Colisao traseira;Com Vitimas Feridas;Anoitecer
83067103;2013-09-19;Quinta;06:00:00;RJ;101;319.0;SAO GONCALO;Falta de atencao;Colisao traseira;Sem Vitimas;Pleno dia
83067652;2013-09-20;Sexta;06:35:00;RJ;101;311.0;SAO GONCALO;Outras;Colisao traseira;Sem Vitimas;Pleno dia
83067765;2013-09-16;Segunda;20:00:00;RJ;101;332.0;RIO DE JANEIRO;Outras;Colisao com objeto fixo;Sem Vitimas;Plena noite
83067928;2013-09-20;Sexta;15:48:00;RJ;101;327.0;NITEROI;Outras;Colisao traseira;Sem Vitimas;Pleno dia
83067957;2013-09-20;Sexta;16:24:00;RJ;101;333.0;RIO DE JANEIRO;Outras;Capotamento;Com Vitimas Feridas;Pleno dia
83067962;2013-09-20;Sexta;16:50:00;RJ;101;328.0;RIO DE JANEIRO;Nao guardar distancia de seguranca;Colisao traseira;Sem Vitimas;Pleno dia
83068046;2013-09-20;Sexta;19:40:00;RJ;101;321.0;NITEROI;Outras;Colisao traseira;Sem Vitimas;Pleno dia
83068110;2013-09-20;Sexta;21:40:00;RJ;101;319.0;SAO GONCALO;Outras;Colisao lateral;Sem Vitimas;Plena noite
83068157;2013-09-20;Sexta;23:30:00;RJ;101;321.0;NITEROI;Outras;Colisao lateral;Sem Vitimas;Plena noite
83068163;2013-09-20;Sexta;21:40:00;RJ;101;330.0;RIO DE JANEIRO;Falta de atencao;Colisao traseira;Sem Vitimas;Plena noite
83068284;2013-09-21;Sabado;07:45:00;RJ;101;327.0;NITEROI;Outras;Colisao lateral;Sem Vitimas;Pleno dia
83068374;2013-09-21;Sabado;11:30:00;RJ;101;322.5;NITEROI;Falta de atencao;Colisao traseira;Sem Vitimas;Pleno dia
83068382;2013-09-17;Terca;15:00:00;RJ;101;303.0;SAO GONCALO;Falta de atencao;Colisao traseira;Sem Vitimas;Pleno dia
83068409;2013-09-21;Sabado;12:10:00;RJ;101;326.0;NITEROI;Outras;Incendio;Sem Vitimas;Pleno dia
83068508;2013-09-21;Sabado;09:10:00;RJ;101;326.0;NITEROI;Outras;Danos Eventuais;Sem Vitimas;Plena noite
83068532;2013-09-21;Sabado;15:00:00;RJ;101;330.0;NITEROI;Outras;Colisao lateral;Sem Vitimas;Pleno dia
83068621;2013-09-21;Sabado;14:30:00;RJ;101;323.0;NITEROI;Nao guardar distancia de seguranca;Colisao traseira;Sem Vitimas;Pleno dia
83068812;2013-09-18;Quarta;15:13:00;RJ;101;323.0;NITEROI;Outras;Colisao lateral;Com Vitimas Feridas;Pleno dia
83068871;2013-09-18;Quarta;23:00:00;RJ;101;321.0;NITEROI;Outras;Colisao traseira;Sem Vitimas;Plena noite
83068931;2013-09-22;Domingo;12:50:00;RJ;101;311.0;SAO GONCALO;Outras;Capotamento;Com Vitimas Feridas;Pleno dia
83069240;2013-09-22;Domingo;19:30:00;RJ;101;330.0;RIO DE JANEIRO;Falta de atencao;Colisao traseira;Com Vitimas Feridas;Plena noite
83069296;2013-09-19;Quinta;09:52:00;RJ;101;322.0;NITEROI;Outras;Colisao traseira;Sem Vitimas;Pleno dia
83069305;2013-09-23;Segunda;06:00:00;RJ;101;324.0;NITEROI;Outras;Colisao lateral;Sem Vitimas;Pleno dia
83069498;2013-09-23;Segunda;13:12:00;RJ;101;332.0;RIO DE JANEIRO;Outras;Colisao traseira;Sem Vitimas;Pleno dia
83069536;2013-09-23;Segunda;14:30:00;RJ;101;321.0;NITEROI;Outras;Colisao traseira;Sem Vitimas;Pleno dia
83069636;2013-09-23;Segunda;18:50:00;RJ;101;319.0;SAO GONCALO;Outras;Colisao traseira;Sem Vitimas;Plena noite
83069728;2013-09-19;Quinta;09:40:00;RJ;101;305.0;SAO GONCALO;Outras;Colisao lateral;Sem Vitimas;Pleno dia
83069926;2013-09-24;Terca;10:00:00;RJ;101;308.0;SAO GONCALO;Outras;Colisao traseira;Sem Vitimas;Pleno dia
83069961;2013-09-24;Terca;11:30:00;RJ;101;307.0;SAO GONCALO;Outras;Colisao traseira;Sem Vitimas;Pleno dia
83070165;2013-09-24;Terca;19:10:00;RJ;101;307.0;SAO GONCALO;Outras;Colisao traseira;Sem Vitimas;Plena noite
83070244;2013-09-24;Terca;19:50:00;RJ;101;329.0;RIO DE JANEIRO;Nao guardar distancia de seguranca;Colisao lateral;Sem Vitimas;Plena noite
83070556;2013-09-25;Quarta;14:00:00;RJ;101;321.5;NITEROI;Nao guardar distancia de seguranca;Colisao lateral;Sem Vitimas;Pleno dia
83070613;2013-08-31;Sabado;01:00:00;RJ;101;304.0;SAO GONCALO;Outras;Colisao traseira;Com Vitimas Fatais;Plena noite
83070661;2013-09-25;Quarta;18:30:00;RJ;101;322.0;NITEROI;Defeito mecanico em veiculo;Colisao traseira;Sem Vitimas;Plena noite
83070701;2013-09-25;Quarta;19:30:00;RJ;101;327.0;RIO DE JANEIRO;Outras;Danos Eventuais;Sem Vitimas;Plena noite
83070772;2013-09-26;Quinta;02:30:00;RJ;101;322.0;NITEROI;Outras;Colisao traseira;Sem Vitimas;Plena noite
83070786;2013-09-26;Quinta;03:16:00;RJ;101;334.0;RIO DE JANEIRO;Outras;Colisao traseira;Sem Vitimas;Plena noite
83070825;2013-09-26;Quinta;07:10:00;RJ;101;303.0;SAO GONCALO;Desobediencia a sinalizacao;Colisao lateral;Sem Vitimas;Pleno dia
83070849;2013-09-22;Domingo;16:53:00;RJ;101;333.0;RIO DE JANEIRO;Nao guardar distancia de seguranca;Colisao traseira;Com Vitimas Feridas;Pleno dia
83071023;2013-09-26;Quinta;08:20:00;RJ;101;325.0;NITEROI;Nao guardar distancia de seguranca;Colisao traseira;Com Vitimas Feridas;Pleno dia
83071031;2013-09-26;Quinta;17:40:00;RJ;101;328.0;RIO DE JANEIRO;Falta de atencao;Colisao traseira;Sem Vitimas;Anoitecer
83071253;2013-09-20;Sexta;04:30:00;RJ;101;310.0;SAO GONCALO;Outras;Colisao traseira;Com Vitimas Fatais;Amanhecer
83071608;2013-09-27;Sexta;19:40:00;RJ;101;322.0;NITEROI;Falta de atencao;Colisao traseira;Sem Vitimas;Plena noite
83071842;2013-09-28;Sabado;07:00:00;RJ;101;316.0;SAO GONCALO;Outras;Saida de Pista;Com Vitimas Feridas;Pleno dia
83071938;2013-09-28;Sabado;13:28:00;RJ;101;318.0;SAO GONCALO;Outras;Colisao lateral;Sem Vitimas;Pleno dia
83072014;2013-09-28;Sabado;17:00:00;RJ;101;322.0;NITEROI;Outras;Colisao lateral;Sem Vitimas;Pleno dia
83072016;2013-09-28;Sabado;16:00:00;RJ;101;314.0;SAO GONCALO;Outras;Colisao traseira;Sem Vitimas;Pleno dia
83072125;2013-09-28;Sabado;17:30:00;RJ;101;313.0;SAO GONCALO;Outras;Colisao traseira;Sem Vitimas;Pleno dia
83072204;2013-09-29;Domingo;00:30:00;RJ;101;309.0;SAO GONCALO;Outras;Colisao lateral;Com Vitimas Feridas;Plena noite
83072443;2013-09-29;Domingo;14:45:00;RJ;101;304.0;SAO GONCALO;Nao guardar distancia de seguranca;Colisao lateral;Sem Vitimas;Pleno dia
83072461;2013-09-26;Quinta;11:10:00;RJ;101;331.0;RIO DE JANEIRO;Falta de atencao;Colisao traseira;Com Vitimas Feridas;Pleno dia
83072956;2013-09-30;Segunda;05:45:00;RJ;101;334.0;RIO DE JANEIRO;Falta de atencao;Colisao lateral;Sem Vitimas;Amanhecer
83072990;2013-09-30;Segunda;18:00:00;RJ;101;319.0;SAO GONCALO;Outras;Colisao lateral;Com Vitimas Feridas;Plena noite
83073091;2013-09-30;Segunda;18:20:00;RJ;101;322.2;NITEROI;Desobediencia a sinalizacao;Atropelamento de pessoa;Com Vitimas Feridas;Plena noite
83073127;2013-09-30;Segunda;19:30:00;RJ;101;333.0;RIO DE JANEIRO;Outras;Colisao traseira;Com Vitimas Feridas;Plena noite
83073199;2013-09-27;Sexta;13:10:00;RJ;101;323.0;NITEROI;Falta de atencao;Colisao traseira;Sem Vitimas;Pleno dia
83073557;2013-10-01;Terca;07:30:00;RJ;101;316.0;SAO GONCALO;Velocidade incompativel;Capotamento;Sem Vitimas;Pleno dia
83073792;2013-10-02;Quarta;10:45:00;RJ;101;320.0;NITEROI;Outras;Colisao traseira;Sem Vitimas;Pleno dia
83073840;2013-10-02;Quarta;11:15:00;RJ;101;315.6;SAO GONCALO;Outras;Colisao traseira;Sem Vitimas;Pleno dia
83073979;2013-10-01;Terca;17:05:00;RJ;101;311.0;SAO GONCALO;Outras;Colisao Transversal;Sem Vitimas;Pleno dia
83074069;2013-10-02;Quarta;16:10:00;RJ;101;318.2;SAO GONCALO;Outras;Colisao traseira;Sem Vitimas;Pleno dia
83074295;2013-09-29;Domingo;06:30:00;RJ;101;325.0;NITEROI;Outras;Colisao traseira;Sem Vitimas;Pleno dia
83074395;2013-09-29;Domingo;19:05:00;RJ;101;328.0;RIO DE JANEIRO;Outras;Colisao traseira;Com Vitimas Fatais;Plena noite
83074417;2013-09-29;Domingo;18:30:00;RJ;101;322.0;NITEROI;Falta de atencao;Colisao traseira;Sem Vitimas;Plena noite
83074483;2013-10-03;Quinta;08:30:00;RJ;101;317.0;SAO GONCALO;Nao guardar distancia de seguranca;Colisao lateral;Sem Vitimas;Pleno dia
83074505;2013-10-03;Quinta;18:00:00;RJ;101;324.0;NITEROI;Outras;Colisao traseira;Sem Vitimas;Plena noite
83074518;2013-09-29;Domingo;08:30:00;RJ;101;318.0;NITEROI;Outras;Colisao traseira;Sem Vitimas;Pleno dia
83074572;2013-10-03;Quinta;10:15:00;RJ;101;321.5;NITEROI;Falta de atencao;Colisao traseira;Com Vitimas Feridas;Pleno dia
83074815;2013-10-04;Sexta;08:30:00;RJ;101;316.0;SAO GONCALO;Outras;Colisao lateral;Sem Vitimas;Pleno dia
83074868;2013-10-02;Quarta;15:45:00;RJ;101;313.3;SAO GONCALO;Nao guardar distancia de seguranca;Colisao traseira;Sem Vitimas;Pleno dia
83074878;2013-10-02;Quarta;18:15:00;RJ;101;318.6;SAO GONCALO;Falta de atencao;Colisao lateral;Com Vitimas Feridas;Plena noite
83074960;2013-10-04;Sexta;13:20:00;RJ;101;322.0;NITEROI;Falta de atencao;Colisao traseira;Sem Vitimas;Pleno dia
83075195;2013-10-04;Sexta;17:34:00;RJ;101;327.0;NITEROI;Falta de atencao;Colisao traseira;Sem Vitimas;Anoitecer
83075315;2013-10-04;Sexta;20:30:00;RJ;101;333.0;RIO DE JANEIRO;Falta de atencao;Colisao com objeto fixo;Sem Vitimas;Plena noite
83075330;2013-10-05;Sabado;00:50:00;RJ;101;315.0;SAO GONCALO;Outras;Saida de Pista;Sem Vitimas;Plena noite
83075350;2013-10-05;Sabado;01:30:00;RJ;101;309.0;SAO GONCALO;Outras;Atropelamento de pessoa;Com Vitimas Fatais;Plena noite
83075392;2013-10-01;Terca;12:20:00;RJ;101;334.0;RIO DE JANEIRO;Outras;Colisao traseira;Com Vitimas Feridas;Pleno dia
83075577;2013-09-30;Segunda;23:50:00;RJ;101;322.0;NITEROI;Falta de atencao;Colisao lateral;Sem Vitimas;Plena noite
83075805;2013-10-05;Sabado;22:50:00;RJ;101;322.0;NITEROI;Falta de atencao;Colisao lateral;Sem Vitimas;Plena noite
83075821;2013-10-05;Sabado;23:50:00;RJ;101;322.0;NITEROI;Falta de atencao;Colisao lateral;Sem Vitimas;Plena noite
83075892;2013-10-06;Domingo;06:30:00;RJ;101;322.0;NITEROI;Outras;Colisao traseira;Sem Vitimas;Pleno dia
83076108;2013-10-06;Domingo;15:40:00;RJ;101;321.0;NITEROI;Outras;Colisao traseira;Sem Vitimas;Pleno dia
83076186;2013-10-04;Sexta;20:53:00;RJ;101;322.3;NITEROI;Falta de atencao;Colisao traseira;Sem Vitimas;Plena noite
83076226;2013-10-06;Domingo;17:30:00;RJ;101;319.6;NITEROI;Nao guardar distancia de seguranca;Colisao traseira;Sem Vitimas;Anoitecer
83076449;2013-10-07;Segunda;07:50:00;RJ;101;324.0;NITEROI;Outras;Colisao traseira;Sem Vitimas;Pleno dia
83076471;2013-10-03;Quinta;20:15:00;RJ;101;321.0;NITEROI;Outras;Colisao traseira;Com Vitimas Feridas;Plena noite
83076474;2013-10-07;Segunda;08:30:00;RJ;101;317.0;SAO GONCALO;Falta de atencao;Colisao traseira;Sem Vitimas;Pleno dia
83076641;2013-10-03;Quinta;11:30:00;RJ;101;333.0;RIO DE JANEIRO;Outras;Colisao lateral;Sem Vitimas;Pleno dia
83076712;2013-10-03;Quinta;21:15:00;RJ;101;322.0;NITEROI;Outras;Colisao Transversal;Sem Vitimas;Plena noite
83076784;2013-10-07;Segunda;18:15:00;RJ;101;315.0;SAO GONCALO;Falta de atencao;Colisao traseira;Sem Vitimas;Plena noite
83076865;2013-10-07;Segunda;18:00:00;RJ;101;303.0;SAO GONCALO;Outras;Colisao com objeto fixo;Sem Vitimas;Plena noite
83077030;2013-10-08;Terca;08:30:00;RJ;101;318.0;SAO GONCALO;Falta de atencao;Colisao traseira;Sem Vitimas;Pleno dia
83077233;2013-10-04;Sexta;20:00:00;RJ;101;332.2;RIO DE JANEIRO;Nao guardar distancia de seguranca;Colisao traseira;Sem Vitimas;Plena noite
83077257;2013-10-04;Sexta;23:53:00;RJ;101;326.0;NITEROI;Dormindo;Colisao lateral;Sem Vitimas;Plena noite
83077299;2013-10-05;Sabado;11:00:00;RJ;101;328.0;RIO DE JANEIRO;Nao guardar distancia de seguranca;Colisao traseira;Sem Vitimas;Pleno dia
83077350;2013-10-06;Domingo;17:30:00;RJ;101;319.3;NITEROI;Nao guardar distancia de seguranca;Colisao traseira;Sem Vitimas;Pleno dia
83077436;2013-10-08;Terca;11:50:00;RJ;101;321.0;NITEROI;Nao guardar distancia de seguranca;Colisao traseira;Sem Vitimas;Pleno dia
83077594;2013-10-09;Quarta;09:00:00;RJ;101;321.0;NITEROI;Falta de atencao;Colisao lateral;Sem Vitimas;Pleno dia
83077688;2013-10-09;Quarta;06:00:00;RJ;101;321.0;NITEROI;Outras;Colisao lateral;Sem Vitimas;Pleno dia
83077776;2013-10-09;Quarta;16:00:00;RJ;101;322.0;NITEROI;Falta de atencao;Colisao traseira;Sem Vitimas;Pleno dia
83077982;2013-10-10;Quinta;00:30:00;RJ;101;334.0;RIO DE JANEIRO;Defeito mecanico em veiculo;Danos Eventuais;Sem Vitimas;Plena noite
83078054;2013-10-06;Domingo;20:00:00;RJ;101;315.0;SAO GONCALO;Nao guardar distancia de seguranca;Colisao lateral;Sem Vitimas;Plena noite
83078091;2013-10-10;Quinta;06:58:00;RJ;101;328.0;RIO DE JANEIRO;Outras;Colisao traseira;Sem Vitimas;Pleno dia
83078158;2013-10-10;Quinta;11:05:00;RJ;101;305.0;SAO GONCALO;Outras;Colisao traseira;Sem Vitimas;Pleno dia
83078336;2013-10-10;Quinta;17:20:00;RJ;101;316.0;SAO GONCALO;Outras;Colisao lateral;Sem Vitimas;Pleno dia
83078345;2013-10-10;Quinta;17:02:00;RJ;101;327.0;RIO DE JANEIRO;Outras;Colisao lateral;Sem Vitimas;Pleno dia
83078358;2013-10-10;Quinta;18:10:00;RJ;101;319.0;NITEROI;Outras;Colisao traseira;Sem Vitimas;Anoitecer
83078481;2013-10-10;Quinta;12:00:00;RJ;101;319.0;SAO GONCALO;Nao guardar distancia de seguranca;Colisao traseira;Sem Vitimas;Pleno dia
83078484;2013-10-10;Quinta;17:15:00;RJ;101;318.0;SAO GONCALO;Nao guardar distancia de seguranca;Colisao traseira;Sem Vitimas;Pleno dia
83078647;2013-10-11;Sexta;09:20:00;RJ;101;320.0;NITEROI;Falta de atencao;Colisao traseira;Sem Vitimas;Pleno dia
83078728;2013-10-11;Sexta;12:30:00;RJ;101;303.0;SAO GONCALO;Falta de atencao;Colisao lateral;Sem Vitimas;Pleno dia
83078904;2013-10-11;Sexta;17:30:00;RJ;101;323.0;NITEROI;Outras;Colisao traseira;Sem Vitimas;Anoitecer
83079022;2013-10-07;Segunda;12:00:00;RJ;101;332.0;RIO DE JANEIRO;Outras;Colisao traseira;Sem Vitimas;Pleno dia
83079048;2013-10-11;Sexta;20:20:00;RJ;101;328.0;RIO DE JANEIRO;Outras;Colisao traseira;Sem Vitimas;Plena noite
83079052;2013-10-11;Sexta;22:45:00;RJ;101;312.0;SAO GONCALO;Nao guardar distancia de seguranca;Colisao traseira;Sem Vitimas;Plena noite
83079054;2013-10-11;Sexta;21:00:00;RJ;101;322.0;NITEROI;Falta de atencao;Colisao lateral;Sem Vitimas;Plena noite
83079107;2013-10-11;Sexta;15:45:00;RJ;101;321.0;NITEROI;Outras;Colisao lateral;Com Vitimas Feridas;Pleno dia
83079109;2013-10-11;Sexta;21:30:00;RJ;101;321.0;NITEROI;Outras;Colisao traseira;Com Vitimas Feridas;Plena noite
83079160;2013-10-11;Sexta;17:00:00;RJ;101;322.0;NITEROI;Falta de atencao;Colisao traseira;Sem Vitimas;Pleno dia
83079223;2013-10-12;Sabado;06:20:00;RJ;101;324.0;RIO DE JANEIRO;Outras;Colisao traseira;Sem Vitimas;Pleno dia
83079269;2013-10-12;Sabado;10:00:00;RJ;101;306.0;SAO GONCALO;Nao guardar distancia de seguranca;Colisao traseira;Sem Vitimas;Pleno dia
83079409;2013-10-12;Sabado;06:35:00;RJ;101;326.0;NITEROI;Falta de atencao;Colisao traseira;Com Vitimas Feridas;Pleno dia
83079611;2013-10-12;Sabado;23:00:00;RJ;101;315.0;SAO GONCALO;Outras;Colisao traseira;Sem Vitimas;Plena noite
83079678;2013-10-09;Quarta;12:30:00;RJ;101;323.0;NITEROI;Outras;Colisao traseira;Sem Vitimas;Pleno dia
83079872;2013-10-13;Domingo;13:40:00;RJ;101;323.0;NITEROI;Defeito mecanico em veiculo;Queda de motocicleta / bicicleta / veiculo;Com Vitimas Feridas;Pleno dia
83079962;2013-10-13;Domingo;18:40:00;RJ;101;302.0;SAO GONCALO;Outras;Colisao traseira;Sem Vitimas;Plena noite
83080090;2013-10-09;Quarta;19:00:00;RJ;101;319.0;SAO GONCALO;Falta de atencao;Colisao traseira;Sem Vitimas;Plena noite
83080183;2013-10-14;Segunda;07:30:00;RJ;101;321.0;NITEROI;Outras;Colisao lateral;Sem Vitimas;Pleno dia
83080195;2013-10-10;Quinta;22:00:00;RJ;101;334.0;RIO DE JANEIRO;Outras;Colisao lateral;Com Vitimas Feridas;Plena noite
83080248;2013-05-17;Sexta;22:15:00;RJ;101;320.0;SAO GONCALO;Outras;Colisao traseira;Sem Vitimas;Plena noite
83080355;2013-10-14;Segunda;11:20:00;RJ;101;326.0;NITEROI;Ultrapassagem indevida;Colisao lateral;Com Vitimas Feridas;Pleno dia
83080443;2013-10-14;Segunda;17:00:00;RJ;101;319.0;NITEROI;Falta de atencao;Colisao traseira;Sem Vitimas;Pleno dia
83080499;2013-10-14;Segunda;17:40:00;RJ;101;333.0;RIO DE JANEIRO;Falta de atencao;Colisao traseira;Com Vitimas Feridas;Anoitecer
83080522;2013-10-14;Segunda;15:25:00;RJ;101;307.6;SAO GONCALO;Nao guardar distancia de seguranca;Colisao traseira;Sem Vitimas;Pleno dia
83080533;2013-10-14;Segunda;19:30:00;RJ;101;306.0;SAO GONCALO;Outras;Colisao com objeto fixo;Com Vitimas Feridas;Plena noite
83080560;2013-10-07;Segunda;22:10:00;RJ;101;317.0;SAO GONCALO;Falta de atencao;Colisao lateral;Sem Vitimas;Plena noite
83080580;2013-10-14;Segunda;21:00:00;RJ;101;322.0;NITEROI;Outras;Colisao traseira;Sem Vitimas;Plena noite
83080585;2013-10-11;Sexta;17:30:00;RJ;101;314.0;SAO GONCALO;Falta de atencao;Colisao traseira;Sem Vitimas;Plena noite
83080605;2013-10-11;Sexta;23:10:00;RJ;101;309.0;SAO GONCALO;Falta de atencao;Colisao traseira;Sem Vitimas;Plena noite
83080726;2013-10-11;Sexta;06:30:00;RJ;101;307.0;SAO GONCALO;Outras;Colisao traseira;Sem Vitimas;Pleno dia
83080748;2013-10-11;Sexta;22:20:00;RJ;101;312.0;SAO GONCALO;Outras;Colisao traseira;Sem Vitimas;Plena noite
83080815;2013-10-11;Sexta;11:32:00;RJ;101;321.0;NITEROI;Outras;Colisao lateral;Sem Vitimas;Pleno dia
83080893;2013-10-11;Sexta;18:45:00;RJ;101;329.0;NITEROI;Outras;Danos Eventuais;Sem Vitimas;Plena noite
83081040;2013-10-15;Terca;13:40:00;RJ;101;318.0;SAO GONCALO;Outras;Colisao traseira;Sem Vitimas;Pleno dia
83081072;2013-10-11;Sexta;18:30:00;RJ;101;316.0;SAO GONCALO;Falta de atencao;Colisao traseira;Sem Vitimas;Plena noite
83081106;2013-10-15;Terca;10:00:00;RJ;101;321.0;NITEROI;Falta de atencao;Colisao traseira;Sem Vitimas;Pleno dia
83081135;2013-10-15;Terca;22:00:00;RJ;101;306.0;SAO GONCALO;Falta de atencao;Colisao lateral;Sem Vitimas;Plena noite
83081224;2013-10-15;Terca;17:00:00;RJ;101;300.9;SAO GONCALO;Outras;Queda de motocicleta / bicicleta / veiculo;Com Vitimas Feridas;Pleno dia
83081305;2013-10-16;Quarta;08:05:00;RJ;101;305.0;SAO GONCALO;Outras;Colisao traseira;Sem Vitimas;Pleno dia
83081306;2013-10-16;Quarta;09:00:00;RJ;101;303.0;SAO GONCALO;Falta de atencao;Colisao traseira;Sem Vitimas;Pleno dia
83081450;2013-10-12;Sabado;15:53:00;RJ;101;327.0;NITEROI;Falta de atencao;Colisao traseira;Sem Vitimas;Pleno dia
83081597;2013-10-16;Quarta;18:19:00;RJ;101;323.0;NITEROI;Outras;Colisao traseira;Sem Vitimas;Plena noite
83081755;2013-10-16;Quarta;19:40:00;RJ;101;322.0;NITEROI;Outras;Colisao com objeto fixo;Com Vitimas Feridas;Plena noite
83081925;2013-10-17;Quinta;09:45:00;RJ;101;319.0;SAO GONCALO;Falta de atencao;Colisao com objeto fixo;Sem Vitimas;Pleno dia
83082173;2013-10-17;Quinta;19:00:00;RJ;101;322.0;NITEROI;Nao guardar distancia de seguranca;Colisao lateral;Sem Vitimas;Plena noite
83082289;2013-10-17;Quinta;22:00:00;RJ;101;334.0;RIO DE JANEIRO;Outras;Colisao lateral;Sem Vitimas;Plena noite
83082310;2013-10-13;Domingo;21:30:00;RJ;101;301.0;SAO GONCALO;Outras;Colisao traseira;Sem Vitimas;Plena noite
83082356;2013-10-18;Sexta;02:55:00;RJ;101;310.0;SAO GONCALO;Outras;Colisao com objeto fixo;Sem Vitimas;Plena noite
83082386;2013-10-09;Quarta;22:40:00;RJ;101;315.0;SAO GONCALO;Falta de atencao;Colisao traseira;Sem Vitimas;Plena noite
83082590;2013-10-18;Sexta;13:00:00;RJ;101;300.0;SAO GONCALO;Falta de atencao;Colisao lateral;Sem Vitimas;Pleno dia
83082620;2013-10-18;Sexta;14:36:00;RJ;101;309.0;SAO GONCALO;Outras;Colisao lateral;Sem Vitimas;Pleno dia
83082685;2013-10-18;Sexta;15:56:00;RJ;101;323.0;NITEROI;Outras;Queda de motocicleta / bicicleta / veiculo;Com Vitimas Feridas;Pleno dia
83082722;2013-10-18;Sexta;18:28:00;RJ;101;322.0;NITEROI;Outras;Colisao lateral;Sem Vitimas;Plena noite
83082821;2013-10-18;Sexta;16:45:00;RJ;101;304.0;SAO GONCALO;Falta de atencao;Colisao traseira;Com Vitimas Feridas;Pleno dia
83082838;2013-10-18;Sexta;21:50:00;RJ;101;324.0;NITEROI;Outras;Colisao traseira;Sem Vitimas;Plena noite
83082882;2013-10-18;Sexta;22:00:00;RJ;101;312.0;SAO GONCALO;Outras;Colisao traseira;Sem Vitimas;Plena noite
83082980;2013-10-19;Sabado;06:30:00;RJ;101;322.0;NITEROI;Falta de atencao;Colisao lateral;Sem Vitimas;Pleno dia
83083031;2013-10-19;Sabado;09:00:00;RJ;101;324.0;NITEROI;Falta de atencao;Colisao traseira;Sem Vitimas;Pleno dia
83083036;2013-10-19;Sabado;09:00:00;RJ;101;318.0;SAO GONCALO;Falta de atencao;Colisao traseira;Sem Vitimas;Pleno dia
83083074;2013-10-15;Terca;14:50:00;RJ;101;321.0;NITEROI;Outras;Colisao lateral;Sem Vitimas;Pleno dia
83083135;2013-10-19;Sabado;11:00:00;RJ;101;322.0;NITEROI;Falta de atencao;Colisao lateral;Sem Vitimas;Pleno dia
83083171;2013-09-29;Domingo;07:30:00;RJ;101;321.0;NITEROI;Outras;Colisao lateral;Sem Vitimas;Pleno dia
83083198;2013-10-19;Sabado;12:15:00;RJ;101;301.0;SAO GONCALO;Falta de atencao;Colisao traseira;Sem Vitimas;Pleno dia
83083433;2013-10-20;Domingo;06:40:00;RJ;101;322.0;NITEROI;Outras;Colisao com objeto fixo;Sem Vitimas;Pleno dia
83083742;2013-10-20;Domingo;20:09:00;RJ;101;322.0;NITEROI;Falta de atencao;Colisao lateral;Sem Vitimas;Plena noite
83083760;2013-10-12;Sabado;13:03:00;RJ;101;322.0;NITEROI;Nao guardar distancia de seguranca;Colisao lateral;Sem Vitimas;Pleno dia
83083794;2013-09-26;Quinta;09:00:00;RJ;101;333.2;NITEROI;Nao guardar distancia de seguranca;Colisao traseira;Sem Vitimas;Pleno dia
83083798;2013-09-21;Sabado;17:00:00;RJ;101;324.0;NITEROI;Nao guardar distancia de seguranca;Colisao traseira;Sem Vitimas;Pleno dia
83083822;2013-09-22;Domingo;01:45:00;RJ;101;330.0;NITEROI;Nao guardar distancia de seguranca;Colisao traseira;Com Vitimas Feridas;Plena noite
83083828;2013-10-21;Segunda;01:00:00;RJ;101;302.0;SAO GONCALO;Outras;Colisao lateral;Com Vitimas Feridas;Plena noite
83084416;2013-10-18;Sexta;05:15:00;RJ;101;310.0;SAO GONCALO;Outras;Colisao traseira;Sem Vitimas;Amanhecer
83084430;2013-10-22;Terca;10:00:00;RJ;101;328.0;NITEROI;Falta de atencao;Colisao traseira;Com Vitimas Feridas;Amanhecer
83084553;2013-10-22;Terca;10:25:00;RJ;101;300.0;SAO GONCALO;Velocidade incompativel;Colisao traseira;Com Vitimas Feridas;Pleno dia
83084607;2013-10-22;Terca;17:20:00;RJ;101;327.0;NITEROI;Outras;Colisao traseira;Sem Vitimas;Pleno dia
83084645;2013-10-22;Terca;19:00:00;RJ;101;322.0;NITEROI;Outras;Colisao com objeto fixo;Sem Vitimas;Anoitecer
83084736;2013-10-15;Terca;07:50:00;RJ;101;319.0;SAO GONCALO;Falta de atencao;Colisao lateral;Sem Vitimas;Pleno dia
83085125;2013-10-23;Quarta;19:15:00;RJ;101;322.0;NITEROI;Outras;Colisao traseira;Sem Vitimas;Pleno dia
83085355;2013-10-17;Quinta;00:10:00;RJ;101;307.0;SAO GONCALO;Falta de atencao;Saida de Pista;Com Vitimas Feridas;Plena noite
83085486;2013-10-24;Quinta;07:40:00;RJ;101;334.0;RIO DE JANEIRO;Outras;Colisao traseira;Sem Vitimas;Pleno dia
83085611;2013-10-24;Quinta;16:00:00;RJ;101;316.0;SAO GONCALO;Falta de atencao;Colisao traseira;Sem Vitimas;Pleno dia
83085717;2013-10-24;Quinta;19:00:00;RJ;101;318.0;SAO GONCALO;Outras;Saida de Pista;Sem Vitimas;Pleno dia
83085748;2013-10-24;Quinta;21:16:00;RJ;101;306.0;SAO GONCALO;Defeito mecanico em veiculo;Colisao traseira;Sem Vitimas;Plena noite
83085792;2013-10-24;Quinta;18:55:00;RJ;101;322.0;NITEROI;Outras;Colisao lateral;Sem Vitimas;Pleno dia
83085886;2013-10-21;Segunda;16:00:00;RJ;101;328.0;RIO DE JANEIRO;Outras;Colisao traseira;Sem Vitimas;Pleno dia
83085892;2013-10-17;Quinta;14:15:00;RJ;101;322.0;SAO GONCALO;Outras;Colisao traseira;Sem Vitimas;Pleno dia
83085948;2013-10-21;Segunda;13:05:00;RJ;101;302.0;SAO GONCALO;Outras;Colisao lateral;Sem Vitimas;Pleno dia
83086047;2013-10-25;Sexta;09:30:00;RJ;101;306.0;SAO GONCALO;Falta de atencao;Colisao frontal;Com Vitimas Feridas;Pleno dia
83086048;2013-10-25;Sexta;13:00:00;RJ;101;323.0;NITEROI;Nao guardar distancia de seguranca;Colisao traseira;Sem Vitimas;Pleno dia
83086067;2013-10-25;Sexta;07:00:00;RJ;101;315.0;SAO GONCALO;Outras;Colisao traseira;Sem Vitimas;Pleno dia
83086153;2013-10-25;Sexta;16:50:00;RJ;101;321.0;NITEROI;Defeito mecanico em veiculo;Colisao lateral;Sem Vitimas;Pleno dia
83086223;2013-10-25;Sexta;20:00:00;RJ;101;322.0;NITEROI;Nao guardar distancia de seguranca;Colisao lateral;Sem Vitimas;Plena noite
83086235;2013-10-25;Sexta;15:00:00;RJ;101;302.0;SAO GONCALO;Outras;Colisao traseira;Sem Vitimas;Pleno dia
83086555;2013-10-26;Sabado;06:40:00;RJ;101;304.0;SAO GONCALO;Outras;Capotamento;Sem Vitimas;Pleno dia
83086568;2013-10-26;Sabado;11:50:00;RJ;101;321.5;NITEROI;Outras;Colisao traseira;Sem Vitimas;Pleno dia
83086702;2013-10-26;Sabado;17:00:00;RJ;101;322.0;NITEROI;Nao guardar distancia de seguranca;Colisao traseira;Sem Vitimas;Pleno dia
83086717;2013-10-26;Sabado;19:15:00;RJ;101;321.5;NITEROI;Falta de atencao;Atropelamento de pessoa;Sem Vitimas;Plena noite
83086961;2013-10-27;Domingo;10:44:00;RJ;101;322.0;NITEROI;Outras;Colisao traseira;Sem Vitimas;Pleno dia
83086968;2013-10-27;Domingo;12:00:00;RJ;101;327.0;NITEROI;Falta de atencao;Colisao lateral;Sem Vitimas;Pleno dia
83087031;2013-10-27;Domingo;14:30:00;RJ;101;323.0;NITEROI;Falta de atencao;Colisao lateral;Sem Vitimas;Pleno dia
83087061;2013-10-27;Domingo;17:10:00;RJ;101;301.0;SAO GONCALO;Falta de atencao;Colisao traseira;Sem Vitimas;Pleno dia
83087125;2013-10-24;Quinta;20:10:00;RJ;101;334.0;RIO DE JANEIRO;Outras;Danos Eventuais;Sem Vitimas;Plena noite
83087139;2013-10-27;Domingo;17:55:00;RJ;101;310.0;SAO GONCALO;Falta de atencao;Colisao traseira;Com Vitimas Feridas;Anoitecer
83087278;2013-10-28;Segunda;06:10:00;RJ;101;309.0;SAO GONCALO;Outras;Capotamento;Com Vitimas Feridas;Amanhecer
83087279;2013-10-28;Segunda;06:05:00;RJ;101;318.0;SAO GONCALO;Outras;Saida de Pista;Ignorado;Pleno dia
83087392;2013-10-28;Segunda;11:10:00;RJ;101;313.0;SAO GONCALO;Falta de atencao;Atropelamento de pessoa;Com Vitimas Feridas;Pleno dia
83087422;2013-10-28;Segunda;11:20:00;RJ;101;322.0;NITEROI;Nao guardar distancia de seguranca;Colisao traseira;Sem Vitimas;Pleno dia
83087424;2013-10-24;Quinta;20:00:00;RJ;101;328.0;RIO DE JANEIRO;Outras;Colisao com objeto fixo;Sem Vitimas;Plena noite
83087589;2013-10-28;Segunda;19:00:00;RJ;101;319.0;SAO GONCALO;Outras;Colisao traseira;Sem Vitimas;Anoitecer
83087612;2013-10-28;Segunda;18:30:00;RJ;101;319.0;SAO GONCALO;Falta de atencao;Colisao traseira;Sem Vitimas;Pleno dia
83087780;2013-10-25;Sexta;14:00:00;RJ;101;328.0;NITEROI;Defeito mecanico em veiculo;Colisao traseira;Sem Vitimas;Pleno dia
83087786;2013-10-26;Sabado;02:00:00;RJ;101;333.0;RIO DE JANEIRO;Falta de atencao;Colisao traseira;Sem Vitimas;Plena noite
83087947;2013-10-29;Terca;12:22:00;RJ;101;326.0;NITEROI;Outras;Colisao traseira;Sem Vitimas;Pleno dia
83087983;2013-10-25;Sexta;16:20:00;RJ;101;326.0;NITEROI;Nao guardar distancia de seguranca;Colisao traseira;Sem Vitimas;Pleno dia
83088005;2013-10-29;Terca;09:50:00;RJ;101;321.0;NITEROI;Falta de atencao;Colisao lateral;Sem Vitimas;Pleno dia
83088034;2013-10-21;Segunda;09:00:00;RJ;101;315.0;SAO GONCALO;Outras;Colisao traseira;Sem Vitimas;Pleno dia
83088070;2013-10-29;Terca;15:40:00;RJ;101;320.0;SAO GONCALO;Outras;Colisao traseira;Sem Vitimas;Pleno dia
83088102;2013-10-29;Terca;07:50:00;RJ;101;321.0;NITEROI;Outras;Colisao traseira;Sem Vitimas;Pleno dia
83088150;2013-10-29;Terca;18:50:00;RJ;101;314.0;SAO GONCALO;Falta de atencao;Colisao traseira;Sem Vitimas;Plena noite
83088525;2013-10-30;Quarta;15:22:00;RJ;101;299.0;SAO GONCALO;Defeito mecanico em veiculo;Colisao traseira;Sem Vitimas;Pleno dia
83088577;2013-10-30;Quarta;17:30:00;RJ;101;306.0;SAO GONCALO;Outras;Saida de Pista;Com Vitimas Feridas;Pleno dia
83088835;2013-10-31;Quinta;05:45:00;RJ;101;322.0;NITEROI;Outras;Colisao lateral;Sem Vitimas;Amanhecer
83088838;2013-10-27;Domingo;12:00:00;RJ;101;321.0;NITEROI;Outras;Colisao traseira;Com Vitimas Feridas;Pleno dia
83088845;2013-10-27;Domingo;07:55:00;RJ;101;323.0;NITEROI;Outras;Colisao traseira;Com Vitimas Feridas;Pleno dia
83088914;2013-10-27;Domingo;07:45:00;RJ;101;323.0;NITEROI;Outras;Colisao traseira;Sem Vitimas;Pleno dia
83089089;2013-10-23;Quarta;19:30:00;RJ;101;316.0;SAO GONCALO;Falta de atencao;Colisao Transversal;Com Vitimas Feridas;Plena noite
83089124;2013-10-31;Quinta;08:10:00;RJ;101;318.0;SAO GONCALO;Outras;Colisao lateral;Sem Vitimas;Pleno dia
83089130;2013-10-31;Quinta;06:00:00;RJ;101;319.0;SAO GONCALO;Nao guardar distancia de seguranca;Colisao traseira;Sem Vitimas;Pleno dia
83089193;2013-10-31;Quinta;08:00:00;RJ;101;320.0;NITEROI;Outras;Colisao lateral;Sem Vitimas;Pleno dia
83089306;2013-10-28;Segunda;23:30:00;RJ;101;304.0;SAO GONCALO;Animais na Pista;Atropelamento de animal;Com Vitimas Feridas;Plena noite
83089326;2013-11-01;Sexta;07:05:00;RJ;101;325.0;NITEROI;Outras;Colisao lateral;Sem Vitimas;Pleno dia
83089332;2013-11-01;Sexta;07:00:00;RJ;101;319.0;SAO GONCALO;Falta de atencao;Colisao traseira;Com Vitimas Feridas;Pleno dia
83089383;2013-10-28;Segunda;18:30:00;RJ;101;325.0;NITEROI;Falta de atencao;Colisao lateral;Com Vitimas Feridas;Pleno dia
83089606;2013-11-01;Sexta;18:45:00;RJ;101;328.0;RIO DE JANEIRO;Dormindo;Colisao traseira;Sem Vitimas;Anoitecer
83089712;2013-11-01;Sexta;21:00:00;RJ;101;313.0;SAO GONCALO;Falta de atencao;Colisao traseira;Sem Vitimas;Plena noite
83089748;2013-11-01;Sexta;23:30:00;RJ;101;322.0;NITEROI;Nao guardar distancia de seguranca;Colisao lateral;Sem Vitimas;Plena noite
83089835;2013-10-29;Terca;18:20:00;RJ;101;321.0;NITEROI;Outras;Colisao lateral;Com Vitimas Feridas;Anoitecer
83089977;2013-11-02;Sabado;13:00:00;RJ;101;322.0;NITEROI;Nao guardar distancia de seguranca;Colisao traseira;Sem Vitimas;Pleno dia
83090001;2013-11-02;Sabado;07:10:00;RJ;101;322.0;NITEROI;Outras;Colisao traseira;Sem Vitimas;Pleno dia
83090082;2013-11-02;Sabado;17:00:00;RJ;101;328.0;NITEROI;Outras;Colisao traseira;Com Vitimas Feridas;Pleno dia
83090515;2013-11-03;Domingo;18:20:00;RJ;101;306.0;SAO GONCALO;Outras;Colisao traseira;Sem Vitimas;Pleno dia
83090555;2013-11-03;Domingo;18:50:00;RJ;101;325.0;NITEROI;Outras;Colisao lateral;Sem Vitimas;Anoitecer
83090571;2013-11-03;Domingo;20:00:00;RJ;101;309.0;SAO GONCALO;Outras;Colisao lateral;Sem Vitimas;Plena noite
83090596;2013-11-03;Domingo;21:00:00;RJ;101;307.0;SAO GONCALO;Outras;Colisao traseira;Sem Vitimas;Plena noite
83090600;2013-11-03;Domingo;21:20:00;RJ;101;308.0;SAO GONCALO;Nao guardar distancia de seguranca;Colisao traseira;Sem Vitimas;Plena noite
83090792;2013-10-31;Quinta;14:00:00;RJ;101;319.0;SAO GONCALO;Falta de atencao;Colisao traseira;Com Vitimas Feridas;Pleno dia
83090850;2013-11-04;Segunda;09:00:00;RJ;101;319.0;NITEROI;Outras;Colisao traseira;Sem Vitimas;Pleno dia
83090885;2013-11-04;Segunda;09:20:00;RJ;101;332.0;RIO DE JANEIRO;Outras;Colisao traseira;Sem Vitimas;Pleno dia
83091403;2013-11-02;Sabado;14:20:00;RJ;101;321.0;NITEROI;Outras;Colisao traseira;Sem Vitimas;Pleno dia
83091481;2013-11-01;Sexta;22:50:00;RJ;101;320.0;NITEROI;Nao guardar distancia de seguranca;Colisao traseira;Com Vitimas Feridas;Pleno dia
83091928;2013-11-03;Domingo;00:10:00;RJ;101;309.0;SAO GONCALO;Animais na Pista;Capotamento;Sem Vitimas;Plena noite
83091952;2013-11-04;Segunda;15:00:00;RJ;101;320.0;NITEROI;Nao guardar distancia de seguranca;Colisao traseira;Sem Vitimas;Pleno dia
83092107;2013-11-06;Quarta;12:40:00;RJ;101;303.0;SAO GONCALO;Nao guardar distancia de seguranca;Colisao traseira;Sem Vitimas;Pleno dia
83092112;2013-10-29;Terca;20:20:00;RJ;101;317.0;SAO GONCALO;Outras;Colisao traseira;Sem Vitimas;Plena noite
83092129;2013-11-06;Quarta;08:00:00;RJ;101;317.0;SAO GONCALO;Falta de atencao;Colisao traseira;Sem Vitimas;Pleno dia
83092151;2013-11-06;Quarta;11:30:00;RJ;101;317.0;SAO GONCALO;Velocidade incompativel;Colisao lateral;Sem Vitimas;Amanhecer
83092386;2013-11-06;Quarta;12:30:00;RJ;101;303.0;SAO GONCALO;Nao guardar distancia de seguranca;Colisao traseira;Sem Vitimas;Pleno dia
83092608;2013-11-07;Quinta;13:15:00;RJ;101;322.0;NITEROI;Outras;Colisao lateral;Sem Vitimas;Pleno dia
83092678;2013-11-04;Segunda;18:40:00;RJ;101;332.0;RIO DE JANEIRO;Outras;Colisao lateral;Com Vitimas Feridas;Anoitecer
83092698;2013-11-04;Segunda;18:40:00;RJ;101;329.0;RIO DE JANEIRO;Outras;Colisao traseira;Sem Vitimas;Anoitecer
83092810;2013-11-04;Segunda;07:00:00;RJ;101;321.0;NITEROI;Outras;Colisao traseira;Com Vitimas Feridas;Pleno dia
83092836;2013-11-04;Segunda;20:20:00;RJ;101;322.0;NITEROI;Outras;Colisao lateral;Sem Vitimas;Plena noite
83093122;2013-11-04;Segunda;15:55:00;RJ;101;321.0;NITEROI;Outras;Colisao traseira;Com Vitimas Feridas;Pleno dia
83093143;2013-11-04;Segunda;09:00:00;RJ;101;327.0;RIO DE JANEIRO;Outras;Colisao traseira;Sem Vitimas;Pleno dia
83093168;2013-10-31;Quinta;22:30:00;RJ;101;326.0;NITEROI;Outras;Colisao traseira;Sem Vitimas;Plena noite
83093304;2013-11-08;Sexta;11:40:00;RJ;101;305.0;SAO GONCALO;Outras;Colisao traseira;Sem Vitimas;Pleno dia
83093429;2013-11-08;Sexta;16:40:00;RJ;101;328.0;RIO DE JANEIRO;Outras;Colisao traseira;Sem Vitimas;Pleno dia
83093470;2013-11-08;Sexta;16:38:00;RJ;101;328.0;RIO DE JANEIRO;Outras;Colisao lateral;Sem Vitimas;Pleno dia
83093516;2013-11-08;Sexta;14:00:00;RJ;101;303.0;SAO GONCALO;Outras;Colisao traseira;Sem Vitimas;Pleno dia
83093533;2013-11-08;Sexta;15:00:00;RJ;101;307.0;SAO GONCALO;Outras;Colisao lateral;Com Vitimas Feridas;Pleno dia
83093570;2013-11-08;Sexta;22:56:00;RJ;101;312.0;SAO GONCALO;Outras;Colisao lateral;Sem Vitimas;Plena noite
83093583;2013-11-09;Sabado;04:10:00;RJ;101;322.0;NITEROI;Falta de atencao;Colisao traseira;Sem Vitimas;Plena noite
83093663;2013-11-05;Terca;08:15:00;RJ;101;325.0;NITEROI;Nao guardar distancia de seguranca;Colisao traseira;Com Vitimas Feridas;Pleno dia
83093693;2013-11-09;Sabado;10:45:00;RJ;101;322.0;NITEROI;Outras;Colisao lateral;Com Vitimas Feridas;Pleno dia
83093704;2013-11-05;Terca;15:45:00;RJ;101;324.2;NITEROI;Falta de atencao;Colisao traseira;Com Vitimas Feridas;Pleno dia
83093729;2013-11-09;Sabado;12:35:00;RJ;101;319.0;NITEROI;Outras;Colisao traseira;Sem Vitimas;Pleno dia
83093733;2013-11-09;Sabado;11:00:00;RJ;101;318.0;SAO GONCALO;Outras;Colisao traseira;Sem Vitimas;Pleno dia
83093800;2013-11-09;Sabado;14:40:00;RJ;101;303.0;SAO GONCALO;Outras;Colisao traseira;Sem Vitimas;Pleno dia
83093830;2013-11-09;Sabado;16:30:00;RJ;101;311.0;SAO GONCALO;Outras;Colisao traseira;Sem Vitimas;Pleno dia
83093845;2013-11-09;Sabado;14:00:00;RJ;101;316.0;SAO GONCALO;Outras;Colisao traseira;Com Vitimas Feridas;Pleno dia
83093926;2013-11-09;Sabado;19:25:00;RJ;101;319.0;NITEROI;Outras;Colisao lateral;Sem Vitimas;Plena noite
83093953;2013-11-09;Sabado;20:43:00;RJ;101;319.0;SAO GONCALO;Nao guardar distancia de seguranca;Colisao traseira;Sem Vitimas;Plena noite
83094093;2013-11-09;Sabado;20:30:00;RJ;101;313.0;SAO GONCALO;Outras;Colisao traseira;Sem Vitimas;Plena noite
83094249;2013-11-06;Quarta;22:40:00;RJ;101;328.0;NITEROI;Outras;Colisao traseira;Sem Vitimas;Plena noite
83094408;2013-11-07;Quinta;00:10:00;RJ;101;319.0;SAO GONCALO;Outras;Colisao frontal;Sem Vitimas;Plena noite
83094447;2013-11-10;Domingo;18:41:00;RJ;101;302.0;SAO GONCALO;Outras;Colisao traseira;Sem Vitimas;Pleno dia
83094528;2013-11-11;Segunda;04:20:00;RJ;101;321.0;NITEROI;Outras;Saida de Pista;Com Vitimas Feridas;Plena noite
83094566;2013-11-11;Segunda;07:05:00;RJ;101;322.0;NITEROI;Outras;Colisao traseira;Sem Vitimas;Pleno dia
83094592;2013-11-11;Segunda;08:50:00;RJ;101;327.0;NITEROI;Outras;Colisao lateral;Sem Vitimas;Pleno dia
83094764;2013-11-11;Segunda;16:30:00;RJ;101;332.0;RIO DE JANEIRO;Outras;Colisao traseira;Sem Vitimas;Pleno dia
83094765;2013-11-11;Segunda;15:40:00;RJ;101;327.0;RIO DE JANEIRO;Outras;Colisao traseira;Sem Vitimas;Pleno dia
83094841;2013-11-11;Segunda;18:38:00;RJ;101;304.0;SAO GONCALO;Falta de atencao;Colisao traseira;Sem Vitimas;Pleno dia
83094858;2013-11-11;Segunda;17:30:00;RJ;101;327.0;NITEROI;Outras;Colisao traseira;Sem Vitimas;Pleno dia
83094965;2013-11-12;Terca;07:28:00;RJ;101;325.0;NITEROI;Falta de atencao;Colisao traseira;Com Vitimas Feridas;Pleno dia
83094966;2013-11-04;Segunda;06:20:00;RJ;101;317.0;SAO GONCALO;Outras;Colisao lateral;Com Vitimas Feridas;Amanhecer
83094980;2013-11-12;Terca;07:32:00;RJ;101;322.0;NITEROI;Outras;Colisao traseira;Sem Vitimas;Pleno dia
83095001;2013-11-08;Sexta;12:10:00;RJ;101;326.0;NITEROI;Nao guardar distancia de seguranca;Colisao lateral;Sem Vitimas;Pleno dia
83095005;2013-11-12;Terca;08:09:00;RJ;101;322.0;NITEROI;Outras;Colisao traseira;Sem Vitimas;Pleno dia
83095013;2013-11-08;Sexta;16:19:00;RJ;101;332.0;RIO DE JANEIRO;Outras;Colisao traseira;Sem Vitimas;Pleno dia
83095060;2013-11-12;Terca;16:45:00;RJ;101;326.0;NITEROI;Outras;Colisao traseira;Sem Vitimas;Pleno dia
83095102;2013-11-12;Terca;14:40:00;RJ;101;308.5;SAO GONCALO;Outras;Colisao com objeto fixo;Sem Vitimas;Pleno dia
83095182;2013-11-12;Terca;20:50:00;RJ;101;322.0;NITEROI;Outras;Colisao lateral;Sem Vitimas;Plena noite
83095184;2013-11-12;Terca;21:20:00;RJ;101;313.0;SAO GONCALO;Outras;Colisao traseira;Com Vitimas Feridas;Plena noite
83095307;2013-11-13;Quarta;07:15:00;RJ;101;305.0;SAO GONCALO;Falta de atencao;Atropelamento de pessoa;Com Vitimas Feridas;Pleno dia
83095335;2013-11-09;Sabado;05:30:00;RJ;101;322.0;NITEROI;Outras;Queda de motocicleta / bicicleta / veiculo;Com Vitimas Feridas;Pleno dia
83095376;2013-11-09;Sabado;23:00:00;RJ;101;321.0;NITEROI;Nao guardar distancia de seguranca;Colisao lateral;Sem Vitimas;Plena noite
83095438;2013-11-13;Quarta;12:00:00;RJ;101;300.0;SAO GONCALO;Outras;Colisao traseira;Sem Vitimas;Pleno dia
83095491;2013-11-09;Sabado;20:50:00;RJ;101;323.3;NITEROI;Defeito mecanico em veiculo;Danos Eventuais;Sem Vitimas;Plena noite
83095496;2013-11-09;Sabado;22:30:00;RJ;101;320.0;NITEROI;Falta de atencao;Colisao lateral;Sem Vitimas;Plena noite
83095527;2013-11-09;Sabado;22:40:00;RJ;101;321.0;NITEROI;Falta de atencao;Colisao lateral;Sem Vitimas;Plena noite
83095603;2013-11-13;Quarta;19:20:00;RJ;101;309.9;SAO GONCALO;Outras;Colisao traseira;Sem Vitimas;Plena noite
83095621;2013-11-13;Quarta;19:26:00;RJ;101;326.0;RIO DE JANEIRO;Falta de atencao;Colisao traseira;Sem Vitimas;Plena noite
83095710;2013-11-13;Quarta;23:45:00;RJ;101;318.0;SAO GONCALO;Outras;Saida de Pista;Sem Vitimas;Plena noite
83095904;2013-11-10;Domingo;07:00:00;RJ;101;333.0;RIO DE JANEIRO;Velocidade incompativel;Colisao com objeto fixo;Com Vitimas Feridas;Pleno dia
83095940;2013-11-14;Quinta;11:30:00;RJ;101;334.0;RIO DE JANEIRO;Outras;Colisao traseira;Sem Vitimas;Pleno dia
83096041;2013-11-14;Quinta;05:10:00;RJ;101;303.0;SAO GONCALO;Ultrapassagem indevida;Colisao lateral;Com Vitimas Feridas;Amanhecer
83096153;2013-07-29;Segunda;20:00:00;RJ;101;306.0;SAO GONCALO;Outras;Saida de Pista;Com Vitimas Feridas;Plena noite
83096155;2013-11-14;Quinta;18:00:00;RJ;101;332.0;NITEROI;Outras;Colisao traseira;Sem Vitimas;Pleno dia
83096362;2013-11-15;Sexta;02:30:00;RJ;101;330.0;RIO DE JANEIRO;Outras;Colisao traseira;Sem Vitimas;Plena noite
83096405;2013-11-15;Sexta;05:30:00;RJ;101;334.0;RIO DE JANEIRO;Outras;Colisao lateral;Sem Vitimas;Amanhecer
83096461;2013-11-15;Sexta;07:15:00;RJ;101;322.0;NITEROI;Outras;Colisao traseira;Sem Vitimas;Pleno dia
83096788;2013-11-15;Sexta;15:40:00;RJ;101;330.0;RIO DE JANEIRO;Outras;Colisao traseira;Sem Vitimas;Pleno dia
83096820;2013-11-15;Sexta;16:55:00;RJ;101;299.0;SAO GONCALO;Outras;Colisao traseira;Sem Vitimas;Pleno dia
83096827;2013-11-15;Sexta;16:00:00;RJ;101;322.0;NITEROI;Outras;Colisao traseira;Sem Vitimas;Pleno dia
83096859;2013-11-15;Sexta;17:30:00;RJ;101;305.0;SAO GONCALO;Falta de atencao;Colisao traseira;Sem Vitimas;Pleno dia
83096965;2013-11-15;Sexta;20:15:00;RJ;101;304.0;SAO GONCALO;Outras;Colisao traseira;Com Vitimas Feridas;Pleno dia
83097123;2013-11-15;Sexta;19:25:00;RJ;101;304.0;SAO GONCALO;Outras;Atropelamento de pessoa;Com Vitimas Fatais;Plena noite
83097459;2013-11-16;Sabado;20:15:00;RJ;101;322.0;NITEROI;Outras;Colisao lateral;Sem Vitimas;Plena noite
83097477;2013-11-16;Sabado;11:00:00;RJ;101;310.9;SAO GONCALO;Outras;Colisao lateral;Com Vitimas Feridas;Pleno dia
83097642;2013-11-15;Sexta;05:30:00;RJ;101;322.0;NITEROI;Outras;Colisao traseira;Sem Vitimas;Plena noite
83097882;2013-11-17;Domingo;12:50:00;RJ;101;322.0;NITEROI;Outras;Queda de motocicleta / bicicleta / veiculo;Sem Vitimas;Pleno dia
83098326;2013-11-15;Sexta;02:00:00;RJ;101;300.0;SAO GONCALO;Nao guardar distancia de seguranca;Colisao traseira;Sem Vitimas;Plena noite
83098343;2013-11-14;Quinta;19:30:00;RJ;101;305.0;SAO GONCALO;Outras;Colisao com objeto fixo;Sem Vitimas;Plena noite
83098373;2013-11-18;Segunda;08:00:00;RJ;101;318.0;SAO GONCALO;Falta de atencao;Colisao traseira;Sem Vitimas;Pleno dia
83098681;2013-11-18;Segunda;16:25:00;RJ;101;322.0;NITEROI;Nao guardar distancia de seguranca;Colisao traseira;Sem Vitimas;Pleno dia
83099046;2013-11-19;Terca;07:00:00;RJ;101;317.0;SAO GONCALO;Falta de atencao;Colisao traseira;Sem Vitimas;Pleno dia
83099123;2013-11-19;Terca;09:30:00;RJ;101;326.0;NITEROI;Outras;Incendio;Sem Vitimas;Pleno dia
83099181;2013-11-19;Terca;11:45:00;RJ;101;322.0;NITEROI;Outras;Colisao lateral;Sem Vitimas;Pleno dia
83099346;2013-11-19;Terca;16:20:00;RJ;101;321.0;NITEROI;Outras;Colisao traseira;Sem Vitimas;Pleno dia
83099425;2013-11-19;Terca;19:04:00;RJ;101;334.0;RIO DE JANEIRO;Outras;Colisao traseira;Com Vitimas Feridas;Anoitecer
83099911;2013-11-20;Quarta;17:35:00;RJ;101;305.0;SAO GONCALO;Outras;Colisao com objeto fixo;Com Vitimas Feridas;Pleno dia
83099982;2013-11-16;Sabado;21:40:00;RJ;101;321.0;NITEROI;Outras;Colisao traseira;Sem Vitimas;Plena noite
83100390;2013-11-21;Quinta;08:16:00;RJ;101;331.0;NITEROI;Nao guardar distancia de seguranca;Colisao traseira;Sem Vitimas;Pleno dia
83100432;2013-11-21;Quinta;14:27:00;RJ;101;312.0;SAO GONCALO;Outras;Colisao lateral;Com Vitimas Feridas;Pleno dia
83100453;2013-11-18;Segunda;19:10:00;RJ;101;322.0;NITEROI;Outras;Colisao lateral;Sem Vitimas;Plena noite
83100499;2013-11-21;Quinta;08:10:00;RJ;101;316.0;SAO GONCALO;Falta de atencao;Colisao Transversal;Com Vitimas Feridas;Pleno dia
83100513;2013-11-21;Quinta;19:10:00;RJ;101;322.0;NITEROI;Defeito mecanico em veiculo;Colisao lateral;Sem Vitimas;Plena noite
83100598;2013-11-21;Quinta;23:00:00;RJ;101;321.0;NITEROI;Nao guardar distancia de seguranca;Colisao lateral;Sem Vitimas;Plena noite
83100699;2013-11-18;Segunda;11:05:00;RJ;101;304.0;SAO GONCALO;Defeito mecanico em veiculo;Colisao traseira;Sem Vitimas;Pleno dia
83101023;2013-11-10;Domingo;21:21:00;RJ;101;302.0;SAO GONCALO;Outras;Colisao traseira;Sem Vitimas;Plena noite
83101340;2013-11-23;Sabado;10:59:00;RJ;101;317.0;SAO GONCALO;Outras;Colisao com objeto fixo;Sem Vitimas;Pleno dia
83101341;2013-11-07;Quinta;09:15:00;RJ;101;315.0;SAO GONCALO;Nao guardar distancia de seguranca;Colisao lateral;Com Vitimas Feridas;Pleno dia
83101401;2013-11-23;Sabado;13:50:00;RJ;101;312.0;SAO GONCALO;Outras;Colisao traseira;Sem Vitimas;Pleno dia
83101907;2013-11-20;Quarta;14:00:00;RJ;101;334.0;RIO DE JANEIRO;Outras;Danos Eventuais;Sem Vitimas;Pleno dia
83102184;2013-11-25;Segunda;05:50:00;RJ;101;308.0;SAO GONCALO;Outras;Colisao frontal;Sem Vitimas;Amanhecer
83102199;2013-11-25;Segunda;06:10:00;RJ;101;307.0;SAO GONCALO;Outras;Colisao traseira;Com Vitimas Feridas;Amanhecer
83102287;2013-11-22;Sexta;16:30:00;RJ;101;321.0;NITEROI;Outras;Colisao Transversal;Sem Vitimas;Pleno dia
83102509;2013-11-25;Segunda;15:20:00;RJ;101;322.0;NITEROI;Outras;Colisao traseira;Com Vitimas Feridas;Pleno dia
83102517;2013-11-25;Segunda;17:30:00;RJ;101;316.0;SAO GONCALO;Outras;Colisao Transversal;Com Vitimas Feridas;Pleno dia
83102540;2013-11-25;Segunda;17:48:00;RJ;101;322.0;NITEROI;Outras;Colisao lateral;Sem Vitimas;Anoitecer
83102577;2013-11-25;Segunda;18:35:00;RJ;101;321.0;NITEROI;Outras;Queda de motocicleta / bicicleta / veiculo;Com Vitimas Feridas;Pleno dia
83102832;2013-11-22;Sexta;12:50:00;RJ;101;306.0;SAO GONCALO;Falta de atencao;Colisao traseira;Sem Vitimas;Pleno dia
83103149;2013-11-26;Terca;14:35:00;RJ;101;304.0;SAO GONCALO;Outras;Atropelamento de pessoa;Com Vitimas Fatais;Pleno dia
83103356;2013-11-24;Domingo;23:30:00;RJ;101;321.0;NITEROI;Velocidade incompativel;Colisao com objeto fixo;Com Vitimas Feridas;Plena noite
83103400;2013-11-27;Quarta;07:00:00;RJ;101;331.0;RIO DE JANEIRO;Ingestao de alcool;Colisao traseira;Sem Vitimas;Pleno dia
83103469;2013-11-27;Quarta;07:00:00;RJ;101;317.0;SAO GONCALO;Desobediencia a sinalizacao;Colisao traseira;Com Vitimas Feridas;Pleno dia
83103527;2013-11-27;Quarta;12:45:00;RJ;101;321.0;NITEROI;Falta de atencao;Colisao traseira;Sem Vitimas;Pleno dia
83103570;2013-11-27;Quarta;06:45:00;RJ;101;327.0;RIO DE JANEIRO;Outras;Colisao lateral;Sem Vitimas;Pleno dia
83103734;2013-11-27;Quarta;19:12:00;RJ;101;329.0;RIO DE JANEIRO;Outras;Colisao lateral;Sem Vitimas;Plena noite
83103737;2013-11-27;Quarta;18:32:00;RJ;101;322.0;NITEROI;Outras;Colisao lateral;Com Vitimas Feridas;Anoitecer
83103755;2013-11-27;Quarta;20:00:00;RJ;101;322.0;NITEROI;Outras;Colisao lateral;Sem Vitimas;Plena noite
83103807;2013-11-27;Quarta;23:00:00;RJ;101;326.0;NITEROI;Outras;Colisao lateral;Sem Vitimas;Pleno dia
83103846;2013-11-28;Quinta;00:55:00;RJ;101;302.0;SAO GONCALO;Outras;Colisao traseira;Sem Vitimas;Plena noite
83103987;2013-11-25;Segunda;05:50:00;RJ;101;308.0;SAO GONCALO;Nao guardar distancia de seguranca;Colisao traseira;Sem Vitimas;Amanhecer
83104062;2013-11-28;Quinta;10:40:00;RJ;101;329.0;RIO DE JANEIRO;Outras;Colisao traseira;Sem Vitimas;Pleno dia
83104506;2013-11-30;Sabado;21:30:00;RJ;101;311.0;NITEROI;Nao guardar distancia de seguranca;Colisao lateral;Sem Vitimas;Plena noite
83104641;2013-12-01;Domingo;05:00:00;RJ;101;311.0;SAO GONCALO;Velocidade incompativel;Saida de Pista;Com Vitimas Feridas;Plena noite
83104938;2013-11-28;Quinta;17:40:00;RJ;101;311.0;SAO GONCALO;Outras;Colisao traseira;Sem Vitimas;Pleno dia
83104947;2013-12-01;Domingo;17:50:00;RJ;101;319.0;SAO GONCALO;Outras;Colisao traseira;Sem Vitimas;Pleno dia
83104955;2013-11-27;Quarta;01:30:00;RJ;101;320.0;NITEROI;Falta de atencao;Colisao lateral;Sem Vitimas;Plena noite
83104975;2013-12-01;Domingo;18:40:00;RJ;101;308.0;SAO GONCALO;Outras;Colisao traseira;Sem Vitimas;Pleno dia
83105059;2013-12-01;Domingo;18:50:00;RJ;101;317.0;SAO GONCALO;Outras;Colisao lateral;Com Vitimas Feridas;Pleno dia
83105251;2013-12-02;Segunda;06:50:00;RJ;101;324.0;NITEROI;Nao guardar distancia de seguranca;Colisao lateral;Sem Vitimas;Pleno dia
83105455;2013-12-02;Segunda;11:50:00;RJ;101;319.0;SAO GONCALO;Outras;Colisao traseira;Sem Vitimas;Pleno dia
83105614;2013-11-28;Quinta;06:20:00;RJ;101;323.0;RIO DE JANEIRO;Outras;Colisao traseira;Sem Vitimas;Pleno dia
83105707;2013-11-09;Sabado;00:51:00;RJ;101;310.0;SAO GONCALO;Defeito mecanico em veiculo;Colisao com objeto fixo;Sem Vitimas;Plena noite
83105720;2013-12-02;Segunda;12:30:00;RJ;101;316.0;SAO GONCALO;Falta de atencao;Colisao traseira;Com Vitimas Feridas;Pleno dia
83105785;2013-11-28;Quinta;19:00:00;RJ;101;317.8;SAO GONCALO;Outras;Colisao lateral;Com Vitimas Feridas;Anoitecer
83105942;2013-12-02;Segunda;07:40:00;RJ;101;333.0;RIO DE JANEIRO;Falta de atencao;Colisao lateral;Sem Vitimas;Pleno dia
83106006;2013-12-02;Segunda;08:50:00;RJ;101;322.0;NITEROI;Outras;Colisao traseira;Sem Vitimas;Pleno dia
83106247;2013-11-29;Sexta;19:15:00;RJ;101;322.0;NITEROI;Falta de atencao;Colisao lateral;Sem Vitimas;Anoitecer
83106254;2013-11-25;Segunda;18:29:00;RJ;101;324.0;NITEROI;Falta de atencao;Colisao lateral;Sem Vitimas;Pleno dia
83106266;2013-11-29;Sexta;15:30:00;RJ;101;329.0;NITEROI;Falta de atencao;Colisao traseira;Sem Vitimas;Pleno dia
83106374;2013-11-29;Sexta;08:20:00;RJ;101;322.0;NITEROI;Falta de atencao;Colisao traseira;Com Vitimas Feridas;Pleno dia
83106724;2013-11-29;Sexta;17:00:00;RJ;101;322.0;NITEROI;Falta de atencao;Colisao traseira;Sem Vitimas;Pleno dia
83106889;2013-11-30;Sabado;16:30:00;RJ;101;334.0;RIO DE JANEIRO;Outras;Colisao lateral;Sem Vitimas;Pleno dia
83107084;2013-11-30;Sabado;07:00:00;RJ;101;330.0;RIO DE JANEIRO;Ingestao de alcool;Colisao com objeto fixo;Sem Vitimas;Anoitecer
83107145;2013-11-30;Sabado;20:00:00;RJ;101;314.0;SAO GONCALO;Outras;Colisao traseira;Sem Vitimas;Plena noite
83107254;2013-12-04;Quarta;13:45:00;RJ;101;322.0;NITEROI;Outras;Colisao lateral;Sem Vitimas;Pleno dia
83107263;2013-12-04;Quarta;10:00:00;RJ;101;328.0;NITEROI;Outras;Colisao traseira;Sem Vitimas;Pleno dia
83107522;2013-12-05;Quinta;06:50:00;RJ;101;316.0;SAO GONCALO;Falta de atencao;Colisao traseira;Sem Vitimas;Pleno dia
83107723;2013-11-29;Sexta;23:49:00;RJ;101;322.0;NITEROI;Outras;Colisao lateral;Sem Vitimas;Plena noite
83107776;2013-12-05;Quinta;15:30:00;RJ;101;314.0;SAO GONCALO;Outras;Colisao lateral;Com Vitimas Feridas;Pleno dia
83107794;2013-12-05;Quinta;16:21:00;RJ;101;321.0;NITEROI;Outras;Colisao traseira;Sem Vitimas;Pleno dia
83107855;2013-12-05;Quinta;18:30:00;RJ;101;328.0;RIO DE JANEIRO;Outras;Colisao traseira;Sem Vitimas;Pleno dia
83107888;2013-12-05;Quinta;18:15:00;RJ;101;330.0;RIO DE JANEIRO;Nao guardar distancia de seguranca;Colisao lateral;Com Vitimas Feridas;Pleno dia
83108077;2013-12-06;Sexta;06:30:00;RJ;101;321.0;NITEROI;Outras;Colisao lateral;Sem Vitimas;Amanhecer
83108085;2013-12-06;Sexta;05:50:00;RJ;101;323.0;NITEROI;Falta de atencao;Colisao traseira;Sem Vitimas;Pleno dia
83108234;2013-12-06;Sexta;14:20:00;RJ;101;308.0;SAO GONCALO;Nao guardar distancia de seguranca;Colisao traseira;Sem Vitimas;Pleno dia
83108393;2013-12-02;Segunda;21:00:00;RJ;101;322.0;NITEROI;Outras;Danos Eventuais;Sem Vitimas;Plena noite
83108413;2013-12-06;Sexta;21:10:00;RJ;101;313.0;SAO GONCALO;Outras;Colisao lateral;Sem Vitimas;Plena noite
83108494;2013-12-06;Sexta;17:00:00;RJ;101;310.0;SAO GONCALO;Outras;Colisao traseira;Com Vitimas Feridas;Pleno dia
83108552;2013-12-07;Sabado;01:20:00;RJ;101;321.0;NITEROI;Falta de atencao;Capotamento;Sem Vitimas;Plena noite
83108599;2013-11-29;Sexta;13:45:00;RJ;101;322.0;NITEROI;Falta de atencao;Colisao lateral;Sem Vitimas;Pleno dia
83108940;2013-12-07;Sabado;12:50:00;RJ;101;306.0;SAO GONCALO;Outras;Colisao traseira;Sem Vitimas;Pleno dia
83109239;2013-12-04;Quarta;21:00:00;RJ;101;313.0;SAO GONCALO;Animais na Pista;Saida de Pista;Sem Vitimas;Plena noite
83109447;2013-12-04;Quarta;17:40:00;RJ;101;315.0;SAO GONCALO;Nao guardar distancia de seguranca;Colisao traseira;Sem Vitimas;Anoitecer
83109508;2013-12-08;Domingo;16:10:00;RJ;101;306.0;SAO GONCALO;Falta de atencao;Colisao traseira;Sem Vitimas;Pleno dia
83109535;2013-12-08;Domingo;15:45:00;RJ;101;328.0;RIO DE JANEIRO;Nao guardar distancia de seguranca;Colisao traseira;Sem Vitimas;Pleno dia
83109565;2013-12-08;Domingo;18:00:00;RJ;101;304.0;SAO GONCALO;Falta de atencao;Colisao traseira;Sem Vitimas;Pleno dia
83109791;2013-12-09;Segunda;06:30:00;RJ;101;326.0;NITEROI;Outras;Colisao traseira;Sem Vitimas;Pleno dia
83109847;2013-12-09;Segunda;08:30:00;RJ;101;317.0;SAO GONCALO;Outras;Colisao lateral;Com Vitimas Feridas;Pleno dia
83109849;2013-12-06;Sexta;20:15:00;RJ;101;323.0;NITEROI;Outras;Colisao lateral;Sem Vitimas;Plena noite
83109852;2013-12-09;Segunda;08:20:00;RJ;101;310.0;SAO GONCALO;Falta de atencao;Colisao lateral;Sem Vitimas;Pleno dia
83110008;2013-12-09;Segunda;12:25:00;RJ;101;327.0;NITEROI;Outras;Colisao lateral;Sem Vitimas;Pleno dia
83110063;2013-12-09;Segunda;08:01:00;RJ;101;322.0;NITEROI;Dormindo;Colisao traseira;Com Vitimas Feridas;Pleno dia
83110239;2013-12-09;Segunda;18:50:00;RJ;101;321.0;SAO GONCALO;Nao guardar distancia de seguranca;Colisao lateral;Com Vitimas Feridas;Pleno dia
83110346;2013-12-10;Terca;10:00:00;RJ;101;320.0;NITEROI;Nao guardar distancia de seguranca;Colisao traseira;Sem Vitimas;Pleno dia
83110429;2013-12-10;Terca;08:40:00;RJ;101;324.0;RIO DE JANEIRO;Outras;Colisao traseira;Sem Vitimas;Pleno dia
83110645;2013-12-10;Terca;18:30:00;RJ;101;318.0;SAO GONCALO;Outras;Colisao traseira;Sem Vitimas;Plena noite
83110848;2013-12-08;Domingo;05:00:00;RJ;101;318.0;SAO GONCALO;Outras;Colisao traseira;Com Vitimas Feridas;Amanhecer
83110892;2013-12-06;Sexta;11:30:00;RJ;101;318.0;SAO GONCALO;Outras;Danos Eventuais;Sem Vitimas;Pleno dia
83110924;2013-12-11;Quarta;09:28:00;RJ;101;321.0;NITEROI;Outras;Colisao lateral;Sem Vitimas;Pleno dia
83110934;2013-12-08;Domingo;16:40:00;RJ;101;307.0;SAO GONCALO;Falta de atencao;Colisao traseira;Sem Vitimas;Pleno dia
83111052;2013-12-06;Sexta;21:00:00;RJ;101;326.0;NITEROI;Outras;Colisao traseira;Com Vitimas Feridas;Plena noite
83111141;2013-12-02;Segunda;07:00:00;RJ;101;322.0;NITEROI;Outras;Danos Eventuais;Sem Vitimas;Pleno dia
83111215;2013-12-11;Quarta;18:30:00;RJ;101;310.0;SAO GONCALO;Outras;Colisao traseira;Sem Vitimas;Anoitecer
83111498;2013-12-05;Quinta;21:19:00;RJ;101;321.0;NITEROI;Outras;Colisao lateral;Sem Vitimas;Plena noite
83111651;2013-11-30;Sabado;23:00:00;RJ;101;311.1;SAO GONCALO;Falta de atencao;Colisao traseira;Com Vitimas Feridas;Plena noite
83111663;2013-12-09;Segunda;22:10:00;RJ;101;333.0;NITEROI;Outras;Colisao lateral;Sem Vitimas;Plena noite
83112208;2013-12-09;Segunda;23:59:00;RJ;101;304.0;SAO GONCALO;Falta de atencao;Colisao frontal;Sem Vitimas;Plena noite
83112281;2013-12-09;Segunda;09:10:00;RJ;101;315.0;SAO GONCALO;Defeito mecanico em veiculo;Queda de motocicleta / bicicleta / veiculo;Com Vitimas Feridas;Pleno dia
83112369;2013-12-09;Segunda;09:10:00;RJ;101;310.0;SAO GONCALO;Outras;Colisao com objeto movel;Sem Vitimas;Pleno dia
83112400;2013-12-09;Segunda;01:00:00;RJ;101;310.0;SAO GONCALO;Nao guardar distancia de seguranca;Colisao traseira;Sem Vitimas;Plena noite
83112538;2013-12-13;Sexta;22:35:00;RJ;101;321.0;NITEROI;Outras;Colisao lateral;Sem Vitimas;Plena noite
83112660;2013-12-14;Sabado;04:40:00;RJ;101;313.0;SAO GONCALO;Outras;Saida de Pista;Com Vitimas Feridas;Amanhecer
83112712;2013-12-14;Sabado;07:20:00;RJ;101;312.0;SAO GONCALO;Outras;Colisao traseira;Sem Vitimas;Pleno dia
83112725;2013-12-11;Quarta;19:15:00;RJ;101;321.8;NITEROI;Outras;Colisao lateral;Sem Vitimas;Plena noite
83112734;2013-12-14;Sabado;06:45:00;RJ;101;319.0;SAO GONCALO;Outras;Colisao traseira;Sem Vitimas;Pleno dia
83112770;2013-12-14;Sabado;10:00:00;RJ;101;300.0;SAO GONCALO;Falta de atencao;Colisao traseira;Sem Vitimas;Pleno dia
83112817;2013-12-14;Sabado;11:30:00;RJ;101;310.0;SAO GONCALO;Outras;Colisao traseira;Sem Vitimas;Pleno dia
83112966;2013-12-14;Sabado;16:00:00;RJ;101;309.0;SAO GONCALO;Desobediencia a sinalizacao;Colisao traseira;Com Vitimas Feridas;Pleno dia
83112995;2013-12-14;Sabado;17:53:00;RJ;101;323.0;NITEROI;Falta de atencao;Colisao traseira;Sem Vitimas;Pleno dia
83113077;2013-12-10;Terca;11:00:00;RJ;101;308.7;SAO GONCALO;Falta de atencao;Colisao traseira;Com Vitimas Feridas;Pleno dia
83113129;2013-12-14;Sabado;22:40:00;RJ;101;309.0;SAO GONCALO;Desobediencia a sinalizacao;Colisao traseira;Sem Vitimas;Plena noite
83113258;2013-12-10;Terca;20:00:00;RJ;101;328.0;RIO DE JANEIRO;Falta de atencao;Colisao traseira;Com Vitimas Feridas;Plena noite
83113306;2013-12-12;Quinta;19:00:00;RJ;101;322.0;NITEROI;Outras;Colisao traseira;Sem Vitimas;Anoitecer
83113438;2013-12-10;Terca;11:00:00;RJ;101;322.0;NITEROI;Falta de atencao;Colisao traseira;Sem Vitimas;Pleno dia
83113857;2013-12-16;Segunda;09:00:00;RJ;101;322.0;NITEROI;Falta de atencao;Colisao traseira;Sem Vitimas;Pleno dia
83113922;2013-12-16;Segunda;09:00:00;RJ;101;322.0;NITEROI;Outras;Colisao traseira;Sem Vitimas;Pleno dia
83114008;2013-12-16;Segunda;10:30:00;RJ;101;319.0;SAO GONCALO;Falta de atencao;Colisao lateral;Sem Vitimas;Pleno dia
83114364;2013-12-16;Segunda;23:30:00;RJ;101;304.0;SAO GONCALO;Animais na Pista;Atropelamento de animal;Sem Vitimas;Plena noite
83114393;2013-12-17;Terca;04:00:00;RJ;101;311.0;SAO GONCALO;Outras;Colisao com objeto fixo;Ignorado;Amanhecer
83114609;2013-12-17;Terca;13:45:00;RJ;101;321.0;NITEROI;Outras;Colisao lateral;Sem Vitimas;Pleno dia
83114638;2013-12-17;Terca;14:00:00;RJ;101;303.0;SAO GONCALO;Outras;Colisao traseira;Sem Vitimas;Pleno dia
83114647;2013-12-17;Terca;14:30:00;RJ;101;309.0;SAO GONCALO;Outras;Colisao traseira;Sem Vitimas;Pleno dia
83114664;2013-12-17;Terca;13:00:00;RJ;101;322.0;NITEROI;Outras;Colisao traseira;Com Vitimas Feridas;Pleno dia
83114929;2013-12-18;Quarta;02:20:00;RJ;101;323.0;NITEROI;Outras;Colisao traseira;Sem Vitimas;Plena noite
83115209;2013-12-09;Segunda;21:50:00;RJ;101;321.0;NITEROI;Falta de atencao;Queda de motocicleta / bicicleta / veiculo;Com Vitimas Feridas;Plena noite
83115291;2013-12-18;Quarta;16:30:00;RJ;101;305.0;SAO GONCALO;Outras;Colisao traseira;Sem Vitimas;Pleno dia
83115317;2013-12-18;Quarta;17:20:00;RJ;101;327.0;NITEROI;Nao guardar distancia de seguranca;Colisao traseira;Sem Vitimas;Pleno dia
83115325;2013-12-14;Sabado;05:15:00;RJ;101;333.0;RIO DE JANEIRO;Outras;Colisao com objeto fixo;Com Vitimas Feridas;Plena noite
83115331;2013-12-18;Quarta;18:50:00;RJ;101;302.0;SAO GONCALO;Falta de atencao;Colisao traseira;Sem Vitimas;Anoitecer
83115341;2013-12-18;Quarta;17:20:00;RJ;101;327.0;NITEROI;Falta de atencao;Colisao traseira;Sem Vitimas;Pleno dia
83115346;2013-12-16;Segunda;20:00:00;RJ;101;334.0;RIO DE JANEIRO;Outras;Colisao traseira;Sem Vitimas;Plena noite
83115526;2013-12-19;Quinta;03:30:00;RJ;101;307.5;SAO GONCALO;Outras;Atropelamento de pessoa;Com Vitimas Fatais;Plena noite
83115636;2013-12-15;Domingo;22:10:00;RJ;101;320.0;NITEROI;Falta de atencao;Colisao lateral;Sem Vitimas;Plena noite
83115903;2013-12-19;Quinta;16:50:00;RJ;101;327.0;NITEROI;Nao guardar distancia de seguranca;Colisao traseira;Sem Vitimas;Pleno dia
83116288;2013-12-20;Sexta;10:30:00;RJ;101;300.0;SAO GONCALO;Outras;Colisao traseira;Sem Vitimas;Pleno dia
83116393;2013-12-16;Segunda;20:00:00;RJ;101;324.0;NITEROI;Falta de atencao;Colisao traseira;Sem Vitimas;Plena noite
83116395;2013-12-20;Sexta;14:15:00;RJ;101;322.0;NITEROI;Outras;Colisao traseira;Sem Vitimas;Pleno dia
83116400;2013-12-20;Sexta;07:30:00;RJ;101;319.0;SAO GONCALO;Outras;Colisao traseira;Com Vitimas Feridas;Pleno dia
83116620;2013-12-20;Sexta;06:30:00;RJ;101;320.0;NITEROI;Outras;Colisao lateral;Sem Vitimas;Pleno dia
83116705;2013-12-20;Sexta;23:00:00;RJ;101;324.0;NITEROI;Nao guardar distancia de seguranca;Colisao traseira;Sem Vitimas;Plena noite
83116713;2013-12-20;Sexta;16:47:00;RJ;101;331.0;RIO DE JANEIRO;Outras;Colisao com objeto fixo;Com Vitimas Feridas;Pleno dia
83116865;2013-12-18;Quarta;04:00:00;RJ;101;326.0;NITEROI;Outras;Colisao lateral;Sem Vitimas;Plena noite
83116898;2013-12-21;Sabado;07:30:00;RJ;101;330.0;RIO DE JANEIRO;Outras;Colisao traseira;Sem Vitimas;Pleno dia
83116935;2013-12-21;Sabado;08:45:00;RJ;101;322.0;NITEROI;Outras;Colisao traseira;Sem Vitimas;Pleno dia
83117149;2013-12-21;Sabado;13:56:00;RJ;101;334.0;RIO DE JANEIRO;Outras;Queda de motocicleta / bicicleta / veiculo;Com Vitimas Feridas;Pleno dia
83117221;2013-12-21;Sabado;15:00:00;RJ;101;303.0;SAO GONCALO;Outras;Colisao traseira;Sem Vitimas;Pleno dia
83117365;2013-12-21;Sabado;20:40:00;RJ;101;322.0;NITEROI;Outras;Colisao traseira;Sem Vitimas;Plena noite
83117694;2013-12-22;Domingo;11:50:00;RJ;101;302.0;SAO GONCALO;Outras;Saida de Pista;Sem Vitimas;Pleno dia
83117770;2013-12-18;Quarta;14:15:00;RJ;101;323.0;NITEROI;Outras;Colisao com objeto movel;Sem Vitimas;Pleno dia
83117781;2013-12-22;Domingo;13:30:00;RJ;101;326.0;NITEROI;Outras;Colisao traseira;Sem Vitimas;Pleno dia
83117824;2013-12-18;Quarta;23:15:00;RJ;101;322.0;NITEROI;Falta de atencao;Colisao lateral;Sem Vitimas;Plena noite
83118071;2013-12-15;Domingo;22:00:00;RJ;101;321.0;NITEROI;Falta de atencao;Colisao traseira;Sem Vitimas;Plena noite
83118073;2013-12-19;Quinta;17:18:00;RJ;101;332.2;RIO DE JANEIRO;Falta de atencao;Colisao traseira;Com Vitimas Feridas;Pleno dia
83118955;2013-12-20;Sexta;15:00:00;RJ;101;334.0;RIO DE JANEIRO;Outras;Colisao traseira;Sem Vitimas;Pleno dia
83119319;2013-12-16;Segunda;07:30:00;RJ;101;319.0;SAO GONCALO;Outras;Colisao lateral;Sem Vitimas;Amanhecer
83119653;2013-12-25;Quarta;16:28:00;RJ;101;322.0;NITEROI;Outras;Colisao traseira;Sem Vitimas;Pleno dia
83119874;2013-12-25;Quarta;22:50:00;RJ;101;313.0;SAO GONCALO;Outras;Capotamento;Com Vitimas Feridas;Plena noite
83120045;2013-12-22;Domingo;06:15:00;RJ;101;333.0;RIO DE JANEIRO;Outras;Capotamento;Com Vitimas Feridas;Pleno dia
83120166;2013-12-22;Domingo;08:00:00;RJ;101;323.0;NITEROI;Outras;Colisao lateral;Sem Vitimas;Pleno dia
83120183;2013-12-26;Quinta;11:50:00;RJ;101;322.0;NITEROI;Falta de atencao;Colisao traseira;Sem Vitimas;Pleno dia
83120292;2013-12-26;Quinta;17:30:00;RJ;101;312.0;SAO GONCALO;Outras;Colisao traseira;Sem Vitimas;Pleno dia
83120321;2013-12-26;Quinta;16:30:00;RJ;101;322.0;NITEROI;Falta de atencao;Colisao traseira;Sem Vitimas;Pleno dia
83120516;2013-12-26;Quinta;22:30:00;RJ;101;312.0;SAO GONCALO;Outras;Colisao traseira;Sem Vitimas;Plena noite
83120553;2013-12-26;Quinta;20:20:00;RJ;101;325.0;NITEROI;Falta de atencao;Colisao traseira;Sem Vitimas;Plena noite
83120639;2013-12-27;Sexta;07:30:00;RJ;101;322.0;NITEROI;Outras;Colisao lateral;Sem Vitimas;Pleno dia
83120664;2013-12-23;Segunda;12:20:00;RJ;101;327.7;RIO DE JANEIRO;Falta de atencao;Colisao lateral;Sem Vitimas;Pleno dia
83120678;2013-12-23;Segunda;19:00:00;RJ;101;322.2;NITEROI;Falta de atencao;Colisao lateral;Sem Vitimas;Anoitecer
83120711;2013-12-27;Sexta;09:00:00;RJ;101;300.0;SAO GONCALO;Falta de atencao;Colisao traseira;Com Vitimas Feridas;Pleno dia
83120739;2013-12-27;Sexta;10:15:00;RJ;101;322.0;NITEROI;Desobediencia a sinalizacao;Colisao lateral;Sem Vitimas;Pleno dia
83120803;2013-12-27;Sexta;12:30:00;RJ;101;329.0;RIO DE JANEIRO;Falta de atencao;Colisao traseira;Sem Vitimas;Pleno dia
83121021;2013-12-27;Sexta;06:20:00;RJ;101;329.0;RIO DE JANEIRO;Nao guardar distancia de seguranca;Colisao traseira;Com Vitimas Feridas;Pleno dia
83121057;2013-12-27;Sexta;20:00:00;RJ;101;306.0;SAO GONCALO;Outras;Colisao traseira;Sem Vitimas;Plena noite
83121235;2013-12-24;Terca;23:00:00;RJ;101;323.0;NITEROI;Falta de atencao;Colisao traseira;Com Vitimas Feridas;Plena noite
83121244;2013-12-20;Sexta;17:00:00;RJ;101;325.0;NITEROI;Falta de atencao;Colisao traseira;Sem Vitimas;Pleno dia
83121294;2013-12-28;Sabado;09:00:00;RJ;101;328.0;NITEROI;Nao guardar distancia de seguranca;Colisao traseira;Sem Vitimas;Pleno dia
83121396;2013-12-24;Terca;16:00:00;RJ;101;328.0;NITEROI;Outras;Colisao traseira;Sem Vitimas;Pleno dia
83121415;2013-12-28;Sabado;12:16:00;RJ;101;333.0;RIO DE JANEIRO;Falta de atencao;Colisao traseira;Sem Vitimas;Pleno dia
83121763;2013-12-29;Domingo;07:55:00;RJ;101;322.0;NITEROI;Outras;Colisao traseira;Sem Vitimas;Pleno dia
83122197;2013-12-26;Quinta;23:40:00;RJ;101;334.0;NITEROI;Outras;Tombamento;Com Vitimas Feridas;Plena noite
83122218;2013-12-26;Quinta;19:55:00;RJ;101;334.0;RIO DE JANEIRO;Outras;Colisao lateral;Com Vitimas Feridas;Plena noite
83122231;2013-12-26;Quinta;17:30:00;RJ;101;308.7;SAO GONCALO;Falta de atencao;Colisao traseira;Sem Vitimas;Pleno dia
83122275;2013-12-26;Quinta;18:45:00;RJ;101;326.0;NITEROI;Outras;Colisao traseira;Sem Vitimas;Anoitecer
83122298;2013-12-26;Quinta;13:20:00;RJ;101;322.0;NITEROI;Outras;Colisao lateral;Sem Vitimas;Pleno dia
83122361;2013-12-30;Segunda;11:15:00;RJ;101;305.0;SAO GONCALO;Falta de atencao;Colisao traseira;Sem Vitimas;Pleno dia
83122525;2013-12-30;Segunda;15:50:00;RJ;101;318.0;SAO GONCALO;Outras;Colisao lateral;Com Vitimas Feridas;Pleno dia
83122562;2013-12-30;Segunda;18:00:00;RJ;101;333.0;RIO DE JANEIRO;Outras;Colisao traseira;Sem Vitimas;Pleno dia
83122911;2013-12-31;Terca;10:25:00;RJ;101;334.0;RIO DE JANEIRO;Outras;Colisao lateral;Sem Vitimas;Pleno dia
83123055;2013-12-31;Terca;16:00:00;RJ;101;318.0;SAO GONCALO;Falta de atencao;Colisao traseira;Com Vitimas Feridas;Pleno dia
83123068;2013-12-28;Sabado;13:40:00;RJ;101;328.0;NITEROI;Outras;Colisao traseira;Sem Vitimas;Pleno dia
83123098;2013-12-31;Terca;17:53:00;RJ;101;330.0;RIO DE JANEIRO;Outras;Colisao traseira;Sem Vitimas;Pleno dia
83123107;2013-12-31;Terca;12:15:00;RJ;101;333.3;RIO DE JANEIRO;Falta de atencao;Colisao traseira;Com Vitimas Feridas;Pleno dia
83123131;2013-12-31;Terca;19:40:00;RJ;101;313.0;SAO GONCALO;Outras;Colisao traseira;Sem Vitimas;Anoitecer
83123177;2013-12-31;Terca;20:40:00;RJ;101;319.0;SAO GONCALO;Outras;Colisao traseira;Sem Vitimas;Plena noite
83123345;2013-12-28;Sabado;12:40:00;RJ;101;331.0;RIO DE JANEIRO;Falta de atencao;Colisao traseira;Sem Vitimas;Pleno dia
83123789;2013-12-29;Domingo;13:30:00;RJ;101;321.0;NITEROI;Outras;Colisao com objeto fixo;Sem Vitimas;Pleno dia
83123799;2013-12-29;Domingo;12:40:00;RJ;101;322.0;NITEROI;Outras;Colisao traseira;Sem Vitimas;Pleno dia
83124147;2013-12-10;Terca;16:00:00;RJ;101;330.0;RIO DE JANEIRO;Outras;Colisao traseira;Sem Vitimas;Pleno dia
83124557;2013-12-30;Segunda;22:20:00;RJ;101;328.0;RIO DE JANEIRO;Outras;Colisao traseira;Sem Vitimas;Pleno dia
83125059;2013-12-27;Sexta;21:15:00;RJ;101;334.0;RIO DE JANEIRO;Outras;Queda de motocicleta / bicicleta / veiculo;Com Vitimas Feridas;Plena noite
83126393;2013-12-30;Segunda;16:00:00;RJ;101;327.0;NITEROI;Outras;Colisao lateral;Com Vitimas Feridas;Pleno dia
83127038;2013-09-06;Sexta;23:00:00;RJ;101;322.0;NITEROI;Falta de atencao;Colisao traseira;Sem Vitimas;Plena noite
83127284;2013-12-28;Sabado;15:59:00;RJ;101;329.0;NITEROI;Falta de atencao;Colisao traseira;Sem Vitimas;Pleno dia
83130190;2013-04-07;Domingo;04:45:00;RJ;101;306.0;SAO GONCALO;Outras;Atropelamento de pessoa;Com Vitimas Fatais;Plena noite
83130222;2013-12-31;Terca;08:00:00;RJ;101;319.0;SAO GONCALO;Falta de atencao;Colisao traseira;Sem Vitimas;Pleno dia
83160535;2013-03-12;Terca;17:00:00;RJ;101;322.0;NITEROI;Outras;Colisao lateral;Sem Vitimas;Pleno dia
83166531;2013-03-13;Quarta;00:30:00;RJ;101;321.0;NITEROI;Outras;Queda de motocicleta / bicicleta / veiculo;Com Vitimas Feridas;Plena noite
83194854;2013-12-12;Quinta;13:00:00;RJ;101;328.0;RIO DE JANEIRO;Falta de atencao;Capotamento;Sem Vitimas;Pleno dia
83206462;2013-12-16;Segunda;21:45:00;RJ;101;310.0;SAO GONCALO;Outras;Colisao traseira;Sem Vitimas;Plena noite
83211174;2013-06-29;Sabado;19:40:00;RJ;101;309.0;SAO GONCALO;Nao guardar distancia de seguranca;Colisao traseira;Com Vitimas Feridas;Plena noite
83218352;2013-03-10;Domingo;19:20:00;RJ;101;322.0;NITEROI;Outras;Colisao traseira;Com Vitimas Feridas;Plena noite
83219428;2013-07-14;Domingo;07:45:00;RJ;101;309.0;SAO GONCALO;Outras;Colisao traseira;Sem Vitimas;Pleno dia
83252967;2013-12-25;Quarta;11:00:00;RJ;101;326.0;RIO DE JANEIRO;Outras;Queda de motocicleta / bicicleta / veiculo;Com Vitimas Feridas;Pleno dia
83267763;2013-11-13;Quarta;21:45:00;RJ;101;303.0;SAO GONCALO;Outras;Capotamento;Com Vitimas Fatais;Plena noite
83359447;2013-05-09;Quinta;18:00:00;RJ;101;327.0;NITEROI;Falta de atencao;Colisao Transversal;Sem Vitimas;Plena noite
83368625;2013-12-01;Domingo;17:43:00;RJ;101;303.8;SAO GONCALO;Outras;Queda de motocicleta / bicicleta / veiculo;Com Vitimas Feridas;Anoitecer
83382670;2013-12-01;Domingo;17:43:00;RJ;101;303.0;SAO GONCALO;Falta de atencao;Queda de motocicleta / bicicleta / veiculo;Com Vitimas Feridas;Pleno dia
