id;data_inversa;dia_semana;horario;uf;br;km;municipio;causa_acidente;tipo_acidente;classificacao_acidente;fase_dia
636545;02/01/2010;Sabado;12:00:00;RJ;101;304.0;SAO GONCALO;Outras;Atropelamento de pessoa;Com Vitimas Feridas;Pleno dia
637339;03/01/2010;Domingo;21:20:00;RJ;101;305.0;SAO GONCALO;Outras;Atropelamento de pessoa;Com Vitimas Feridas;Plena noite
637431;04/01/2010;Segunda;05:00:00;RJ;101;306.0;SAO GONCALO;Outras;Atropelamento de animal;Sem Vitimas;Amanhecer
637435;04/01/2010;Segunda;05:53:00;RJ;101;305.0;SAO GONCALO;Outras;Colisao traseira;Sem Vitimas;Amanhecer
637548;04/01/2010;Segunda;10:50:00;RJ;101;322.0;NITEROI;Desobediencia a sinalizacao;Colisao lateral;Sem Vitimas;Pleno dia
638059;05/01/2010;Terca;05:09:00;RJ;101;331.0;RIO DE JANEIRO;Falta de atencao;Colisao traseira;Sem Vitimas;Plena noite
638069;05/01/2010;Terca;06:00:00;RJ;101;310.0;SAO GONCALO;Outras;Colisao lateral;Sem Vitimas;Amanhecer
638163;05/01/2010;Terca;09:17:00;RJ;101;327.0;NITEROI;Falta de atencao;Colisao traseira;Com Vitimas Feridas;Pleno dia
638327;05/01/2010;Terca;12:50:00;RJ;101;325.0;NITEROI;Falta de atencao;Colisao traseira;Sem Vitimas;Pleno dia
638353;05/01/2010;Terca;16:05:00;RJ;101;322.0;NITEROI;Falta de atencao;Colisao traseira;Sem Vitimas;Pleno dia
638454;05/01/2010;Terca;20:37:00;RJ;101;306.0;SAO GONCALO;Outras;Colisao traseira;Sem Vitimas;Plena noite
638466;05/01/2010;Terca;19:20:00;RJ;101;320.0;NITEROI;Nao guardar distancia de seguranca;Colisao lateral;Sem Vitimas;Plena noite
639245;07/01/2010;Quinta;11:00:00;RJ;101;307.0;SAO GONCALO;Outras;Colisao com objeto fixo;Sem Vitimas;Pleno dia
639305;07/01/2010;Quinta;11:18:00;RJ;101;332.0;RIO DE JANEIRO;Outras;Colisao traseira;Sem Vitimas;Pleno dia
639329;07/01/2010;Quinta;14:00:00;RJ;101;328.0;NITEROI;Outras;Colisao traseira;Sem Vitimas;Pleno dia
639488;07/01/2010;Quinta;19:00:00;RJ;101;327.0;RIO DE JANEIRO;Outras;Colisao traseira;Sem Vitimas;Anoitecer
639532;07/01/2010;Quinta;20:27:00;RJ;101;333.0;RIO DE JANEIRO;Outras;Colisao traseira;Sem Vitimas;Plena noite
639867;04/01/2010;Segunda;10:54:00;RJ;101;332.0;RIO DE JANEIRO;Outras;Queda de motocicleta / bicicleta / veiculo;Sem Vitimas;Pleno dia
639905;08/01/2010;Sexta;15:30:00;RJ;101;327.0;RIO DE JANEIRO;Falta de atencao;Colisao traseira;Sem Vitimas;Pleno dia
640263;09/01/2010;Sabado;10:30:00;RJ;101;317.0;SAO GONCALO;Nao guardar distancia de seguranca;Colisao traseira;Com Vitimas Feridas;Pleno dia
640274;09/01/2010;Sabado;11:30:00;RJ;101;321.0;NITEROI;Outras;Colisao lateral;Sem Vitimas;Pleno dia
640291;09/01/2010;Sabado;12:00:00;RJ;101;331.0;NITEROI;Nao guardar distancia de seguranca;Colisao traseira;Sem Vitimas;Pleno dia
640401;09/01/2010;Sabado;15:05:00;RJ;101;320.0;NITEROI;Outras;Capotamento;Com Vitimas Feridas;Pleno dia
640419;09/01/2010;Sabado;17:25:00;RJ;101;323.0;NITEROI;Nao guardar distancia de seguranca;Colisao lateral;Sem Vitimas;Pleno dia
640667;10/01/2010;Domingo;08:15:00;RJ;101;299.0;SAO GONCALO;Dormindo;Colisao lateral;Sem Vitimas;Pleno dia
640699;10/01/2010;Domingo;07:15:00;RJ;101;312.0;SAO GONCALO;Outras;Saida de Pista;Com Vitimas Feridas;Pleno dia
640713;10/01/2010;Domingo;09:30:00;RJ;101;306.0;SAO GONCALO;Nao guardar distancia de seguranca;Colisao com bicicleta;Com Vitimas Fatais;Pleno dia
640715;06/01/2010;Quarta;18:00:00;RJ;101;321.0;NITEROI;Falta de atencao;Colisao lateral;Sem Vitimas;Anoitecer
640993;11/01/2010;Segunda;00:30:00;RJ;101;311.0;SAO GONCALO;Dormindo;Colisao com objeto fixo;Sem Vitimas;Plena noite
641055;11/01/2010;Segunda;07:00:00;RJ;101;320.0;NITEROI;Falta de atencao;Colisao traseira;Sem Vitimas;Pleno dia
641182;11/01/2010;Segunda;11:00:00;RJ;101;327.0;NITEROI;Outras;Colisao traseira;Sem Vitimas;Pleno dia
641228;11/01/2010;Segunda;10:39:00;RJ;101;327.0;NITEROI;Falta de atencao;Colisao traseira;Sem Vitimas;Pleno dia
641257;11/01/2010;Segunda;14:28:00;RJ;101;328.0;RIO DE JANEIRO;Outras;Colisao traseira;Sem Vitimas;Pleno dia
641396;11/01/2010;Segunda;15:00:00;RJ;101;308.0;SAO GONCALO;Outras;Colisao traseira;Com Vitimas Feridas;Pleno dia
641604;12/01/2010;Terca;08:00:00;RJ;101;322.0;NITEROI;Falta de atencao;Colisao lateral;Sem Vitimas;Pleno dia
641624;12/01/2010;Terca;08:15:00;RJ;101;322.0;NITEROI;Falta de atencao;Colisao lateral;Sem Vitimas;Pleno dia
641643;12/01/2010;Terca;09:40:00;RJ;101;322.0;NITEROI;Falta de atencao;Colisao lateral;Sem Vitimas;Pleno dia
641681;12/01/2010;Terca;11:20:00;RJ;101;322.0;NITEROI;Falta de atencao;Colisao lateral;Sem Vitimas;Pleno dia
641697;12/01/2010;Terca;10:17:00;RJ;101;333.0;RIO DE JANEIRO;Falta de atencao;Colisao traseira;Sem Vitimas;Pleno dia
641704;12/01/2010;Terca;11:50:00;RJ;101;316.0;SAO GONCALO;Outras;Colisao traseira;Sem Vitimas;Pleno dia
642278;13/01/2010;Quarta;16:00:00;RJ;101;322.0;NITEROI;Falta de atencao;Colisao traseira;Sem Vitimas;Pleno dia
642336;13/01/2010;Quarta;19:00:00;RJ;101;323.0;NITEROI;Dormindo;Colisao traseira;Sem Vitimas;Pleno dia
642449;13/01/2010;Quarta;22:53:00;RJ;101;323.0;NITEROI;Outras;Colisao lateral;Sem Vitimas;Plena noite
642737;14/01/2010;Quinta;13:50:00;RJ;101;308.0;SAO GONCALO;Falta de atencao;Saida de Pista;Sem Vitimas;Pleno dia
642823;14/01/2010;Quinta;18:42:00;RJ;101;322.0;NITEROI;Falta de atencao;Colisao traseira;Sem Vitimas;Anoitecer
642876;14/01/2010;Quinta;19:10:00;RJ;101;320.0;NITEROI;Outras;Colisao traseira;Sem Vitimas;Anoitecer
642883;06/01/2010;Quarta;11:45:00;RJ;101;326.0;NITEROI;Outras;Queda de motocicleta / bicicleta / veiculo;Com Vitimas Feridas;Pleno dia
643028;11/01/2010;Segunda;13:00:00;RJ;101;318.0;SAO GONCALO;Outras;Colisao traseira;Sem Vitimas;Pleno dia
643083;15/01/2010;Sexta;08:10:00;RJ;101;326.0;NITEROI;Falta de atencao;Colisao traseira;Sem Vitimas;Pleno dia
643130;15/01/2010;Sexta;11:00:00;RJ;101;333.0;RIO DE JANEIRO;Outras;Colisao traseira;Sem Vitimas;Pleno dia
643197;15/01/2010;Sexta;14:50:00;RJ;101;322.0;NITEROI;Outras;Colisao traseira;Sem Vitimas;Pleno dia
643417;15/01/2010;Sexta;22:30:00;RJ;101;316.0;SAO GONCALO;Outras;Saida de Pista;Sem Vitimas;Plena noite
643446;16/01/2010;Sabado;00:01:00;RJ;101;318.0;SAO GONCALO;Falta de atencao;Saida de Pista;Sem Vitimas;Plena noite
643449;16/01/2010;Sabado;00:10:00;RJ;101;333.0;RIO DE JANEIRO;Outras;Colisao com objeto fixo;Sem Vitimas;Plena noite
643639;16/01/2010;Sabado;11:41:00;RJ;101;324.0;NITEROI;Outras;Colisao com objeto fixo;Sem Vitimas;Pleno dia
643651;16/01/2010;Sabado;13:30:00;RJ;101;303.0;SAO GONCALO;Falta de atencao;Colisao frontal;Sem Vitimas;Pleno dia
643689;16/01/2010;Sabado;14:40:00;RJ;101;310.7;SAO GONCALO;Outras;Colisao frontal;Com Vitimas Feridas;Pleno dia
643782;16/01/2010;Sabado;18:00:00;RJ;101;321.0;NITEROI;Falta de atencao;Colisao traseira;Sem Vitimas;Pleno dia
643788;16/01/2010;Sabado;19:00:00;RJ;101;328.0;NITEROI;Falta de atencao;Colisao traseira;Sem Vitimas;Plena noite
644155;17/01/2010;Domingo;14:25:00;RJ;101;312.5;SAO GONCALO;Outras;Colisao traseira;Sem Vitimas;Pleno dia
644330;13/01/2010;Quarta;06:05:00;RJ;101;321.0;NITEROI;Outras;Atropelamento de pessoa;Com Vitimas Feridas;Amanhecer
644449;14/01/2010;Quinta;20:45:00;RJ;101;325.0;NITEROI;Outras;Colisao traseira;Sem Vitimas;Plena noite
644661;18/01/2010;Segunda;12:15:00;RJ;101;307.0;SAO GONCALO;Outras;Colisao traseira;Sem Vitimas;Pleno dia
644868;15/01/2010;Sexta;12:30:00;RJ;101;323.0;NITEROI;Outras;Colisao traseira;Sem Vitimas;Pleno dia
645187;19/01/2010;Terca;17:15:00;RJ;101;322.0;NITEROI;Outras;Colisao com objeto fixo;Sem Vitimas;Pleno dia
645198;16/01/2010;Sabado;03:10:00;RJ;101;327.0;NITEROI;Outras;Queda de motocicleta / bicicleta / veiculo;Com Vitimas Fatais;Plena noite
645542;20/01/2010;Quarta;10:15:00;RJ;101;322.0;NITEROI;Falta de atencao;Colisao lateral;Sem Vitimas;Pleno dia
645590;20/01/2010;Quarta;15:30:00;RJ;101;319.0;SAO GONCALO;Outras;Colisao traseira;Sem Vitimas;Pleno dia
645624;20/01/2010;Quarta;18:20:00;RJ;101;320.0;NITEROI;Outras;Colisao lateral;Sem Vitimas;Pleno dia
646093;21/01/2010;Quinta;17:15:00;RJ;101;334.0;RIO DE JANEIRO;Falta de atencao;Colisao traseira;Sem Vitimas;Pleno dia
646098;21/01/2010;Quinta;07:50:00;RJ;101;308.0;SAO GONCALO;Falta de atencao;Colisao traseira;Sem Vitimas;Pleno dia
646111;21/01/2010;Quinta;18:10:00;RJ;101;322.0;NITEROI;Falta de atencao;Colisao lateral;Sem Vitimas;Pleno dia
646135;21/01/2010;Quinta;16:02:00;RJ;101;334.0;RIO DE JANEIRO;Nao guardar distancia de seguranca;Colisao traseira;Com Vitimas Feridas;Pleno dia
646458;02/01/2010;Sabado;21:15:00;RJ;101;316.0;SAO GONCALO;Outras;Atropelamento de pessoa;Com Vitimas Feridas;Plena noite
646506;22/01/2010;Sexta;13:29:00;RJ;101;330.0;RIO DE JANEIRO;Falta de atencao;Colisao traseira;Sem Vitimas;Pleno dia
646566;22/01/2010;Sexta;13:30:00;RJ;101;322.0;NITEROI;Outras;Colisao lateral;Sem Vitimas;Pleno dia
646585;18/01/2010;Segunda;12:00:00;RJ;101;334.0;RIO DE JANEIRO;Outras;Colisao traseira;Sem Vitimas;Pleno dia
646693;22/01/2010;Sexta;19:00:00;RJ;101;334.0;RIO DE JANEIRO;Outras;Colisao lateral;Sem Vitimas;Plena noite
646822;15/01/2010;Sexta;21:45:00;RJ;101;316.0;SAO GONCALO;Outras;Atropelamento de pessoa;Com Vitimas Fatais;Plena noite
646953;22/01/2010;Sexta;20:00:00;RJ;101;314.0;SAO GONCALO;Outras;Colisao lateral;Sem Vitimas;Plena noite
646976;24/01/2010;Domingo;10:50:00;RJ;101;321.0;NITEROI;Falta de atencao;Colisao lateral;Sem Vitimas;Pleno dia
647407;25/01/2010;Segunda;06:20:00;RJ;101;319.0;NITEROI;Outras;Colisao traseira;Sem Vitimas;Pleno dia
647411;21/01/2010;Quinta;18:00:00;RJ;101;319.0;NITEROI;Outras;Colisao traseira;Sem Vitimas;Anoitecer
647439;25/01/2010;Segunda;08:07:00;RJ;101;333.0;RIO DE JANEIRO;Nao guardar distancia de seguranca;Colisao traseira;Sem Vitimas;Pleno dia
647531;22/01/2010;Sexta;01:00:00;RJ;101;322.0;NITEROI;Outras;Colisao lateral;Sem Vitimas;Plena noite
647819;25/01/2010;Segunda;18:35:00;RJ;101;304.0;SAO GONCALO;Outras;Colisao traseira;Sem Vitimas;Anoitecer
647820;25/01/2010;Segunda;18:00:00;RJ;101;322.0;NITEROI;Outras;Colisao com objeto fixo;Sem Vitimas;Pleno dia
647824;25/01/2010;Segunda;18:45:00;RJ;101;326.0;NITEROI;Nao guardar distancia de seguranca;Colisao traseira;Sem Vitimas;Anoitecer
647877;21/01/2010;Quinta;09:30:00;RJ;101;322.0;NITEROI;Falta de atencao;Colisao lateral;Sem Vitimas;Pleno dia
648173;18/01/2010;Segunda;16:00:00;RJ;101;321.0;NITEROI;Outras;Colisao lateral;Sem Vitimas;Pleno dia
648260;22/01/2010;Sexta;18:00:00;RJ;101;330.0;RIO DE JANEIRO;Outras;Colisao traseira;Sem Vitimas;Pleno dia
648664;19/01/2010;Terca;11:00:00;RJ;101;304.0;SAO GONCALO;Outras;Colisao traseira;Sem Vitimas;Plena noite
648671;23/01/2010;Sabado;16:30:00;RJ;101;326.0;NITEROI;Defeito mecanico em veiculo;Colisao lateral;Sem Vitimas;Pleno dia
648703;20/01/2010;Quarta;00:30:00;RJ;101;321.0;NITEROI;Outras;Capotamento;Com Vitimas Feridas;Plena noite
648706;24/01/2010;Domingo;05:00:00;RJ;101;315.0;SAO GONCALO;Outras;Saida de Pista;Sem Vitimas;Plena noite
648711;23/01/2010;Sabado;05:45:00;RJ;101;324.0;NITEROI;Outras;Colisao traseira;Sem Vitimas;Amanhecer
648725;23/01/2010;Sabado;21:15:00;RJ;101;313.0;SAO GONCALO;Outras;Saida de Pista;Sem Vitimas;Plena noite
648727;23/01/2010;Sabado;16:20:00;RJ;101;331.0;RIO DE JANEIRO;Outras;Colisao traseira;Com Vitimas Feridas;Pleno dia
648852;25/01/2010;Segunda;08:20:00;RJ;101;326.0;NITEROI;Outras;Colisao traseira;Sem Vitimas;Pleno dia
649235;28/01/2010;Quinta;08:00:00;RJ;101;319.5;NITEROI;Outras;Colisao lateral;Com Vitimas Feridas;Pleno dia
649294;28/01/2010;Quinta;09:20:00;RJ;101;321.0;NITEROI;Outras;Colisao lateral;Sem Vitimas;Pleno dia
649326;28/01/2010;Quinta;10:20:00;RJ;101;328.0;NITEROI;Outras;Colisao traseira;Sem Vitimas;Pleno dia
649349;20/01/2010;Quarta;10:00:00;RJ;101;316.0;SAO GONCALO;Outras;Saida de Pista;Sem Vitimas;Pleno dia
649365;28/01/2010;Quinta;13:20:00;RJ;101;323.0;NITEROI;Falta de atencao;Colisao traseira;Sem Vitimas;Pleno dia
649368;23/01/2010;Sabado;09:30:00;RJ;101;327.0;NITEROI;Outras;Colisao traseira;Sem Vitimas;Pleno dia
649402;23/01/2010;Sabado;11:00:00;RJ;101;323.0;NITEROI;Outras;Colisao traseira;Sem Vitimas;Pleno dia
649519;28/01/2010;Quinta;20:30:00;RJ;101;311.0;SAO GONCALO;Outras;Colisao traseira;Sem Vitimas;Plena noite
649815;29/01/2010;Sexta;12:36:00;RJ;101;330.0;RIO DE JANEIRO;Outras;Capotamento;Com Vitimas Feridas;Pleno dia
649917;29/01/2010;Sexta;16:35:00;RJ;101;333.0;RIO DE JANEIRO;Nao guardar distancia de seguranca;Colisao traseira;Sem Vitimas;Pleno dia
649982;29/01/2010;Sexta;20:00:00;RJ;101;310.0;SAO GONCALO;Outras;Queda de motocicleta / bicicleta / veiculo;Com Vitimas Feridas;Plena noite
650039;29/01/2010;Sexta;23:10:00;RJ;101;322.0;NITEROI;Outras;Colisao lateral;Sem Vitimas;Plena noite
650124;30/01/2010;Sabado;05:30:00;RJ;101;322.0;NITEROI;Outras;Colisao traseira;Sem Vitimas;Amanhecer
650142;30/01/2010;Sabado;07:00:00;RJ;101;322.0;NITEROI;Falta de atencao;Colisao traseira;Sem Vitimas;Pleno dia
650219;30/01/2010;Sabado;08:00:00;RJ;101;324.0;NITEROI;Falta de atencao;Colisao traseira;Sem Vitimas;Pleno dia
650242;23/01/2010;Sabado;10:00:00;RJ;101;325.0;NITEROI;Outras;Colisao traseira;Sem Vitimas;Pleno dia
650576;31/01/2010;Domingo;07:30:00;RJ;101;321.0;NITEROI;Outras;Colisao traseira;Sem Vitimas;Pleno dia
650749;31/01/2010;Domingo;15:30:00;RJ;101;303.0;SAO GONCALO;Outras;Colisao lateral;Sem Vitimas;Pleno dia
650789;31/01/2010;Domingo;16:30:00;RJ;101;318.0;SAO GONCALO;Falta de atencao;Colisao traseira;Sem Vitimas;Pleno dia
650806;31/01/2010;Domingo;17:10:00;RJ;101;308.0;SAO GONCALO;Falta de atencao;Colisao traseira;Sem Vitimas;Pleno dia
650812;31/01/2010;Domingo;17:30:00;RJ;101;306.0;SAO GONCALO;Outras;Colisao traseira;Sem Vitimas;Pleno dia
650882;31/01/2010;Domingo;20:25:00;RJ;101;307.0;SAO GONCALO;Outras;Colisao lateral;Sem Vitimas;Plena noite
651099;01/02/2010;Segunda;09:23:00;RJ;101;333.0;RIO DE JANEIRO;Falta de atencao;Colisao traseira;Sem Vitimas;Pleno dia
651119;01/02/2010;Segunda;11:30:00;RJ;101;322.0;NITEROI;Outras;Colisao traseira;Sem Vitimas;Pleno dia
651160;01/02/2010;Segunda;11:42:00;RJ;101;325.0;NITEROI;Falta de atencao;Colisao traseira;Sem Vitimas;Pleno dia
651198;25/01/2010;Segunda;16:50:00;RJ;101;323.0;NITEROI;Outras;Colisao lateral;Sem Vitimas;Pleno dia
651215;01/02/2010;Segunda;14:00:00;RJ;101;320.0;NITEROI;Outras;Colisao traseira;Sem Vitimas;Pleno dia
651578;02/02/2010;Terca;09:35:00;RJ;101;306.0;SAO GONCALO;Desobediencia a sinalizacao;Colisao traseira;Com Vitimas Feridas;Pleno dia
651642;29/01/2010;Sexta;23:40:00;RJ;101;322.0;NITEROI;Outras;Colisao lateral;Sem Vitimas;Plena noite
651733;02/02/2010;Terca;18:15:00;RJ;101;322.0;NITEROI;Outras;Colisao lateral;Sem Vitimas;Pleno dia
651746;29/01/2010;Sexta;23:55:00;RJ;101;322.0;NITEROI;Outras;Colisao lateral;Sem Vitimas;Plena noite
651748;02/02/2010;Terca;18:55:00;RJ;101;313.0;SAO GONCALO;Outras;Danos Eventuais;Sem Vitimas;Pleno dia
651815;02/02/2010;Terca;21:30:00;RJ;101;303.0;SAO GONCALO;Outras;Atropelamento de pessoa;Com Vitimas Feridas;Plena noite
651858;03/02/2010;Quarta;00:10:00;RJ;101;320.5;NITEROI;Outras;Colisao traseira;Sem Vitimas;Plena noite
652024;03/02/2010;Quarta;09:50:00;RJ;101;325.0;NITEROI;Nao guardar distancia de seguranca;Colisao lateral;Sem Vitimas;Pleno dia
652044;03/02/2010;Quarta;11:30:00;RJ;101;320.0;NITEROI;Outras;Colisao traseira;Sem Vitimas;Pleno dia
652053;30/01/2010;Sabado;08:00:00;RJ;101;323.0;NITEROI;Outras;Colisao traseira;Sem Vitimas;Pleno dia
652054;03/02/2010;Quarta;08:00:00;RJ;101;333.0;RIO DE JANEIRO;Outras;Colisao traseira;Sem Vitimas;Pleno dia
652221;03/02/2010;Quarta;16:20:00;RJ;101;328.0;NITEROI;Outras;Colisao traseira;Com Vitimas Feridas;Pleno dia
652249;03/02/2010;Quarta;18:30:00;RJ;101;321.0;NITEROI;Falta de atencao;Colisao traseira;Sem Vitimas;Pleno dia
652412;04/02/2010;Quinta;06:50:00;RJ;101;334.0;RIO DE JANEIRO;Outras;Queda de motocicleta / bicicleta / veiculo;Com Vitimas Feridas;Pleno dia
652447;04/02/2010;Quinta;08:20:00;RJ;101;321.0;NITEROI;Outras;Colisao lateral;Sem Vitimas;Pleno dia
652530;04/02/2010;Quinta;12:40:00;RJ;101;324.0;NITEROI;Outras;Colisao traseira;Sem Vitimas;Pleno dia
652545;04/02/2010;Quinta;13:00:00;RJ;101;326.0;NITEROI;Outras;Colisao traseira;Sem Vitimas;Pleno dia
652559;04/02/2010;Quinta;12:30:00;RJ;101;324.0;NITEROI;Outras;Colisao com objeto fixo;Com Vitimas Feridas;Pleno dia
652679;04/02/2010;Quinta;17:50:00;RJ;101;320.0;NITEROI;Outras;Colisao traseira;Sem Vitimas;Pleno dia
652905;05/02/2010;Sexta;07:20:00;RJ;101;322.0;NITEROI;Outras;Colisao lateral;Sem Vitimas;Pleno dia
653032;05/02/2010;Sexta;13:25:00;RJ;101;323.0;NITEROI;Falta de atencao;Colisao traseira;Com Vitimas Feridas;Pleno dia
653093;05/02/2010;Sexta;15:28:00;RJ;101;321.0;NITEROI;Falta de atencao;Colisao traseira;Sem Vitimas;Pleno dia
653143;05/02/2010;Sexta;16:10:00;RJ;101;324.0;NITEROI;Outras;Colisao lateral;Sem Vitimas;Pleno dia
653292;05/02/2010;Sexta;23:00:00;RJ;101;321.0;NITEROI;Outras;Colisao lateral;Sem Vitimas;Plena noite
653468;06/02/2010;Sabado;10:45:00;RJ;101;305.0;SAO GONCALO;Outras;Saida de Pista;Sem Vitimas;Pleno dia
653498;06/02/2010;Sabado;12:20:00;RJ;101;323.0;NITEROI;Defeito mecanico em veiculo;Colisao traseira;Sem Vitimas;Pleno dia
653521;06/02/2010;Sabado;11:40:00;RJ;101;322.0;NITEROI;Falta de atencao;Colisao traseira;Sem Vitimas;Pleno dia
653611;06/02/2010;Sabado;15:41:00;RJ;101;333.0;NITEROI;Falta de atencao;Colisao traseira;Sem Vitimas;Pleno dia
653635;06/02/2010;Sabado;16:12:00;RJ;101;324.0;NITEROI;Outras;Colisao com objeto fixo;Com Vitimas Feridas;Pleno dia
653667;06/02/2010;Sabado;18:22:00;RJ;101;326.0;NITEROI;Defeito mecanico em veiculo;Queda de motocicleta / bicicleta / veiculo;Com Vitimas Feridas;Pleno dia
653774;07/02/2010;Domingo;03:50:00;RJ;101;310.0;SAO GONCALO;Outras;Colisao traseira;Sem Vitimas;Plena noite
654001;02/02/2010;Terca;17:40:00;RJ;101;323.0;NITEROI;Outras;Colisao traseira;Sem Vitimas;Pleno dia
654037;02/02/2010;Terca;21:30:00;RJ;101;322.0;NITEROI;Outras;Colisao com objeto fixo;Sem Vitimas;Plena noite
654974;09/02/2010;Terca;11:30:00;RJ;101;327.0;NITEROI;Defeito mecanico em veiculo;Incendio;Sem Vitimas;Pleno dia
654993;09/02/2010;Terca;12:30:00;RJ;101;315.0;SAO GONCALO;Outras;Colisao com objeto fixo;Sem Vitimas;Pleno dia
655030;05/02/2010;Sexta;13:30:00;RJ;101;304.0;SAO GONCALO;Outras;Colisao com objeto fixo;Com Vitimas Feridas;Pleno dia
655071;09/02/2010;Terca;15:30:00;RJ;101;322.0;NITEROI;Outras;Colisao com objeto fixo;Sem Vitimas;Pleno dia
655148;09/02/2010;Terca;17:30:00;RJ;101;327.0;NITEROI;Outras;Colisao traseira;Sem Vitimas;Pleno dia
655229;09/02/2010;Terca;20:30:00;RJ;101;322.0;NITEROI;Outras;Colisao lateral;Sem Vitimas;Pleno dia
655241;09/02/2010;Terca;20:30:00;RJ;101;324.0;NITEROI;Outras;Colisao lateral;Sem Vitimas;Plena noite
655265;09/02/2010;Terca;17:40:00;RJ;101;333.0;RIO DE JANEIRO;Outras;Colisao lateral;Sem Vitimas;Pleno dia
655286;09/02/2010;Terca;22:40:00;RJ;101;329.0;NITEROI;Outras;Colisao lateral;Sem Vitimas;Plena noite
655319;09/02/2010;Terca;23:40:00;RJ;101;322.0;NITEROI;Outras;Colisao traseira;Sem Vitimas;Plena noite
655333;10/02/2010;Quarta;01:20:00;RJ;101;321.0;NITEROI;Outras;Colisao traseira;Sem Vitimas;Plena noite
655385;10/02/2010;Quarta;05:45:00;RJ;101;316.0;SAO GONCALO;Outras;Saida de Pista;Sem Vitimas;Amanhecer
655391;02/02/2010;Terca;16:35:00;RJ;101;320.0;NITEROI;Outras;Colisao traseira;Sem Vitimas;Pleno dia
655430;10/02/2010;Quarta;07:40:00;RJ;101;321.0;NITEROI;Outras;Colisao lateral;Sem Vitimas;Pleno dia
655457;21/01/2010;Quinta;18:30:00;RJ;101;330.0;RIO DE JANEIRO;Outras;Colisao traseira;Sem Vitimas;Anoitecer
655649;10/02/2010;Quarta;17:20:00;RJ;101;317.0;SAO GONCALO;Outras;Colisao traseira;Sem Vitimas;Pleno dia
655765;10/02/2010;Quarta;19:15:00;RJ;101;328.0;NITEROI;Falta de atencao;Colisao traseira;Sem Vitimas;Plena noite
655819;06/02/2010;Sabado;19:55:00;RJ;101;323.0;NITEROI;Falta de atencao;Colisao lateral;Sem Vitimas;Plena noite
655920;11/02/2010;Quinta;07:00:00;RJ;101;320.0;NITEROI;Falta de atencao;Colisao traseira;Sem Vitimas;Pleno dia
655934;11/02/2010;Quinta;07:40:00;RJ;101;322.0;NITEROI;Falta de atencao;Colisao traseira;Sem Vitimas;Pleno dia
655966;11/02/2010;Quinta;08:50:00;RJ;101;320.0;NITEROI;Falta de atencao;Colisao lateral;Sem Vitimas;Pleno dia
656005;11/02/2010;Quinta;10:45:00;RJ;101;322.0;NITEROI;Outras;Colisao traseira;Sem Vitimas;Pleno dia
656036;11/02/2010;Quinta;11:25:00;RJ;101;304.0;SAO GONCALO;Falta de atencao;Colisao traseira;Sem Vitimas;Pleno dia
656073;03/02/2010;Quarta;12:10:00;RJ;101;322.0;NITEROI;Outras;Colisao lateral;Sem Vitimas;Pleno dia
656079;11/02/2010;Quinta;12:00:00;RJ;101;325.0;NITEROI;Falta de atencao;Colisao traseira;Sem Vitimas;Pleno dia
656189;11/02/2010;Quinta;16:27:00;RJ;101;323.0;NITEROI;Falta de atencao;Colisao traseira;Sem Vitimas;Pleno dia
656239;11/02/2010;Quinta;18:31:00;RJ;101;322.0;NITEROI;Falta de atencao;Colisao lateral;Sem Vitimas;Pleno dia
656360;08/02/2010;Segunda;10:30:00;RJ;101;323.0;NITEROI;Dormindo;Colisao lateral;Sem Vitimas;Pleno dia
656395;09/02/2010;Terca;14:05:00;RJ;101;310.0;SAO GONCALO;Outras;Colisao traseira;Sem Vitimas;Pleno dia
656483;12/02/2010;Sexta;11:50:00;RJ;101;328.0;SAO GONCALO;Outras;Colisao traseira;Sem Vitimas;Pleno dia
656629;12/02/2010;Sexta;17:15:00;RJ;101;299.0;SAO GONCALO;Falta de atencao;Colisao com objeto fixo;Sem Vitimas;Pleno dia
656635;12/02/2010;Sexta;17:00:00;RJ;101;323.0;NITEROI;Outras;Colisao traseira;Sem Vitimas;Pleno dia
656798;12/02/2010;Sexta;22:30:00;RJ;101;323.0;NITEROI;Outras;Colisao traseira;Sem Vitimas;Plena noite
656856;13/02/2010;Sabado;01:40:00;RJ;101;324.0;NITEROI;Outras;Colisao traseira;Sem Vitimas;Plena noite
656889;13/02/2010;Sabado;02:45:00;RJ;101;307.0;SAO GONCALO;Outras;Colisao lateral;Com Vitimas Feridas;Plena noite
656945;13/02/2010;Sabado;06:30:00;RJ;101;329.0;NITEROI;Outras;Colisao traseira;Sem Vitimas;Pleno dia
656993;13/02/2010;Sabado;08:00:00;RJ;101;300.0;SAO GONCALO;Outras;Colisao lateral;Sem Vitimas;Plena noite
657179;13/02/2010;Sabado;16:00:00;RJ;101;322.8;NITEROI;Outras;Colisao traseira;Sem Vitimas;Pleno dia
657303;13/02/2010;Sabado;19:30:00;RJ;101;322.0;NITEROI;Outras;Colisao traseira;Sem Vitimas;Plena noite
657328;13/02/2010;Sabado;18:40:00;RJ;101;327.0;NITEROI;Outras;Colisao traseira;Sem Vitimas;Plena noite
657357;13/02/2010;Sabado;19:48:00;RJ;101;333.0;RIO DE JANEIRO;Falta de atencao;Colisao traseira;Com Vitimas Feridas;Plena noite
657411;13/02/2010;Sabado;22:00:00;RJ;101;322.0;NITEROI;Outras;Colisao traseira;Sem Vitimas;Plena noite
657514;14/02/2010;Domingo;03:30:00;RJ;101;333.0;RIO DE JANEIRO;Outras;Colisao traseira;Com Vitimas Feridas;Plena noite
657545;14/02/2010;Domingo;06:00:00;RJ;101;323.0;NITEROI;Nao guardar distancia de seguranca;Colisao traseira;Sem Vitimas;Amanhecer
657566;14/02/2010;Domingo;07:42:00;RJ;101;325.0;NITEROI;Defeito mecanico em veiculo;Colisao traseira;Sem Vitimas;Pleno dia
657569;14/02/2010;Domingo;07:30:00;RJ;101;319.0;NITEROI;Outras;Saida de Pista;Sem Vitimas;Pleno dia
657586;14/02/2010;Domingo;08:12:00;RJ;101;333.0;RIO DE JANEIRO;Outras;Colisao traseira;Sem Vitimas;Pleno dia
657714;14/02/2010;Domingo;13:10:00;RJ;101;322.5;NITEROI;Falta de atencao;Colisao lateral;Sem Vitimas;Pleno dia
657819;14/02/2010;Domingo;07:37:00;RJ;101;326.0;NITEROI;Outras;Colisao traseira;Sem Vitimas;Pleno dia
657839;14/02/2010;Domingo;19:30:00;RJ;101;302.0;SAO GONCALO;Outras;Colisao com objeto fixo;Sem Vitimas;Anoitecer
657870;14/02/2010;Domingo;19:20:00;RJ;101;303.0;SAO GONCALO;Ingestao de alcool;Colisao com objeto fixo;Sem Vitimas;Plena noite
658209;15/02/2010;Segunda;10:25:00;RJ;101;323.0;NITEROI;Outras;Colisao traseira;Sem Vitimas;Pleno dia
658286;15/02/2010;Segunda;15:00:00;RJ;101;321.0;NITEROI;Outras;Queda de motocicleta / bicicleta / veiculo;Sem Vitimas;Pleno dia
658534;12/02/2010;Sexta;12:40:00;RJ;101;322.0;NITEROI;Nao guardar distancia de seguranca;Colisao traseira;Sem Vitimas;Pleno dia
658543;12/02/2010;Sexta;23:30:00;RJ;101;323.0;NITEROI;Outras;Colisao traseira;Sem Vitimas;Plena noite
658551;13/02/2010;Sabado;05:15:00;RJ;101;322.0;NITEROI;Outras;Colisao traseira;Sem Vitimas;Plena noite
658568;13/02/2010;Sabado;05:00:00;RJ;101;304.0;SAO GONCALO;Falta de atencao;Colisao traseira;Sem Vitimas;Plena noite
658657;13/02/2010;Sabado;05:10:00;RJ;101;300.0;SAO GONCALO;Falta de atencao;Colisao traseira;Sem Vitimas;Amanhecer
658860;16/02/2010;Terca;06:10:00;RJ;101;328.0;RIO DE JANEIRO;Outras;Colisao traseira;Sem Vitimas;Pleno dia
658864;13/02/2010;Sabado;03:20:00;RJ;101;322.0;NITEROI;Outras;Colisao traseira;Sem Vitimas;Plena noite
658866;12/02/2010;Sexta;22:00:00;RJ;101;321.0;NITEROI;Outras;Colisao lateral;Sem Vitimas;Plena noite
659106;17/02/2010;Quarta;09:00:00;RJ;101;333.0;RIO DE JANEIRO;Falta de atencao;Colisao traseira;Com Vitimas Feridas;Pleno dia
659269;17/02/2010;Quarta;12:15:00;RJ;101;334.0;RIO DE JANEIRO;Falta de atencao;Colisao traseira;Sem Vitimas;Pleno dia
659538;13/02/2010;Sabado;22:25:00;RJ;101;322.0;NITEROI;Outras;Colisao traseira;Sem Vitimas;Plena noite
659787;18/02/2010;Quinta;08:00:00;RJ;101;316.0;SAO GONCALO;Outras;Colisao lateral;Sem Vitimas;Plena noite
659789;18/02/2010;Quinta;06:35:00;RJ;101;309.0;SAO GONCALO;Falta de atencao;Colisao traseira;Sem Vitimas;Amanhecer
659843;13/02/2010;Sabado;11:40:00;RJ;101;303.0;SAO GONCALO;Falta de atencao;Colisao traseira;Sem Vitimas;Pleno dia
659907;18/02/2010;Quinta;13:00:00;RJ;101;334.0;RIO DE JANEIRO;Falta de atencao;Colisao lateral;Sem Vitimas;Pleno dia
660022;18/02/2010;Quinta;15:30:00;RJ;101;318.0;SAO GONCALO;Outras;Saida de Pista;Sem Vitimas;Pleno dia
660048;18/02/2010;Quinta;15:14:00;RJ;101;326.0;NITEROI;Outras;Colisao traseira;Sem Vitimas;Pleno dia
660249;19/02/2010;Sexta;10:54:00;RJ;101;322.0;NITEROI;Outras;Colisao com objeto fixo;Sem Vitimas;Pleno dia
660367;15/02/2010;Segunda;17:00:00;RJ;101;306.0;SAO GONCALO;Falta de atencao;Capotamento;Com Vitimas Feridas;Pleno dia
660458;12/02/2010;Sexta;06:00:00;RJ;101;324.0;NITEROI;Outras;Colisao traseira;Sem Vitimas;Pleno dia
660511;19/02/2010;Sexta;17:30:00;RJ;101;323.0;NITEROI;Nao guardar distancia de seguranca;Colisao traseira;Sem Vitimas;Amanhecer
660536;11/02/2010;Quinta;05:30:00;RJ;101;322.0;NITEROI;Falta de atencao;Colisao traseira;Sem Vitimas;Amanhecer
660585;07/02/2010;Domingo;21:30:00;RJ;101;305.0;SAO GONCALO;Outras;Atropelamento de pessoa;Com Vitimas Feridas;Plena noite
660731;12/02/2010;Sexta;09:00:00;RJ;101;334.0;RIO DE JANEIRO;Outras;Colisao Transversal;Sem Vitimas;Pleno dia
660763;16/02/2010;Terca;22:30:00;RJ;101;311.0;SAO GONCALO;Outras;Capotamento;Com Vitimas Feridas;Plena noite
660942;12/02/2010;Sexta;21:00:00;RJ;101;304.0;SAO GONCALO;Outras;Atropelamento de pessoa;Com Vitimas Feridas;Plena noite
661006;20/02/2010;Sabado;07:50:00;RJ;101;321.0;NITEROI;Outras;Colisao com objeto movel;Com Vitimas Feridas;Pleno dia
661236;21/02/2010;Domingo;10:00:00;RJ;101;307.0;SAO GONCALO;Defeito mecanico em veiculo;Saida de Pista;Sem Vitimas;Pleno dia
661361;13/02/2010;Sabado;15:15:00;RJ;101;323.0;NITEROI;Falta de atencao;Colisao traseira;Sem Vitimas;Pleno dia
661366;13/02/2010;Sabado;16:40:00;RJ;101;323.0;NITEROI;Falta de atencao;Colisao traseira;Sem Vitimas;Pleno dia
661386;13/02/2010;Sabado;17:30:00;RJ;101;323.0;NITEROI;Outras;Colisao traseira;Sem Vitimas;Pleno dia
661388;21/02/2010;Domingo;06:09:00;RJ;101;328.0;NITEROI;Outras;Colisao com objeto fixo;Sem Vitimas;Amanhecer
661842;22/02/2010;Segunda;14:40:00;RJ;101;326.0;NITEROI;Outras;Colisao lateral;Com Vitimas Feridas;Pleno dia
662167;11/02/2010;Quinta;11:25:00;RJ;101;303.0;SAO GONCALO;Outras;Colisao lateral;Sem Vitimas;Pleno dia
662376;11/02/2010;Quinta;12:33:00;RJ;101;321.0;NITEROI;Outras;Colisao lateral;Sem Vitimas;Pleno dia
662414;23/02/2010;Terca;15:00:00;RJ;101;321.0;NITEROI;Falta de atencao;Colisao traseira;Sem Vitimas;Plena noite
662453;23/02/2010;Terca;11:10:00;RJ;101;333.0;RIO DE JANEIRO;Ultrapassagem indevida;Colisao traseira;Com Vitimas Feridas;Pleno dia
662512;23/02/2010;Terca;17:50:00;RJ;101;324.0;NITEROI;Outras;Colisao lateral;Sem Vitimas;Anoitecer
662567;11/02/2010;Quinta;22:30:00;RJ;101;322.0;NITEROI;Outras;Colisao traseira;Sem Vitimas;Plena noite
662769;24/02/2010;Quarta;07:30:00;RJ;101;320.0;NITEROI;Outras;Colisao traseira;Sem Vitimas;Pleno dia
662876;24/02/2010;Quarta;13:30:00;RJ;101;321.0;NITEROI;Outras;Colisao traseira;Sem Vitimas;Pleno dia
662891;24/02/2010;Quarta;13:40:00;RJ;101;320.0;SAO GONCALO;Falta de atencao;Colisao lateral;Sem Vitimas;Pleno dia
663314;17/02/2010;Quarta;06:20:00;RJ;101;304.0;SAO GONCALO;Outras;Colisao com bicicleta;Com Vitimas Feridas;Amanhecer
663336;25/02/2010;Quinta;13:50:00;RJ;101;321.0;NITEROI;Outras;Colisao lateral;Sem Vitimas;Pleno dia
663367;25/02/2010;Quinta;12:00:00;RJ;101;315.0;SAO GONCALO;Outras;Atropelamento de pessoa;Com Vitimas Feridas;Pleno dia
663400;25/02/2010;Quinta;14:40:00;RJ;101;312.0;SAO GONCALO;Outras;Saida de Pista;Sem Vitimas;Pleno dia
663444;25/02/2010;Quinta;17:00:00;RJ;101;327.0;NITEROI;Falta de atencao;Colisao traseira;Sem Vitimas;Pleno dia
663489;25/02/2010;Quinta;10:30:00;RJ;101;319.0;SAO GONCALO;Outras;Colisao traseira;Sem Vitimas;Plena noite
663490;25/02/2010;Quinta;18:00:00;RJ;101;334.0;RIO DE JANEIRO;Outras;Colisao lateral;Sem Vitimas;Anoitecer
663544;25/02/2010;Quinta;20:30:00;RJ;101;333.0;RIO DE JANEIRO;Falta de atencao;Colisao traseira;Sem Vitimas;Plena noite
663568;25/02/2010;Quinta;21:20:00;RJ;101;326.0;NITEROI;Outras;Colisao traseira;Sem Vitimas;Plena noite
663701;22/02/2010;Segunda;07:15:00;RJ;101;322.0;NITEROI;Nao guardar distancia de seguranca;Colisao lateral;Com Vitimas Feridas;Pleno dia
663813;26/02/2010;Sexta;11:30:00;RJ;101;300.0;SAO GONCALO;Outras;Saida de Pista;Sem Vitimas;Pleno dia
663891;26/02/2010;Sexta;14:20:00;RJ;101;322.0;NITEROI;Nao guardar distancia de seguranca;Colisao traseira;Sem Vitimas;Pleno dia
663904;26/02/2010;Sexta;14:15:00;RJ;101;322.0;NITEROI;Outras;Colisao lateral;Sem Vitimas;Pleno dia
663976;26/02/2010;Sexta;18:10:00;RJ;101;322.0;NITEROI;Outras;Colisao lateral;Sem Vitimas;Anoitecer
663984;26/02/2010;Sexta;18:30:00;RJ;101;322.0;NITEROI;Falta de atencao;Colisao lateral;Sem Vitimas;Anoitecer
664057;26/02/2010;Sexta;19:20:00;RJ;101;332.0;RIO DE JANEIRO;Nao guardar distancia de seguranca;Colisao traseira;Sem Vitimas;Plena noite
664114;26/02/2010;Sexta;19:00:00;RJ;101;320.0;NITEROI;Falta de atencao;Colisao traseira;Sem Vitimas;Amanhecer
664423;27/02/2010;Sabado;10:30:00;RJ;101;323.0;NITEROI;Outras;Colisao traseira;Sem Vitimas;Pleno dia
664461;27/02/2010;Sabado;19:17:00;RJ;101;321.0;NITEROI;Outras;Colisao lateral;Sem Vitimas;Plena noite
664473;27/02/2010;Sabado;15:25:00;RJ;101;322.0;NITEROI;Outras;Colisao com objeto fixo;Sem Vitimas;Pleno dia
664877;28/02/2010;Domingo;15:50:00;RJ;101;306.0;SAO GONCALO;Outras;Colisao lateral;Sem Vitimas;Pleno dia
665200;01/03/2010;Segunda;08:30:00;RJ;101;312.0;SAO GONCALO;Dormindo;Colisao com objeto fixo;Sem Vitimas;Pleno dia
665239;01/03/2010;Segunda;07:50:00;RJ;101;316.2;SAO GONCALO;Nao guardar distancia de seguranca;Colisao traseira;Sem Vitimas;Pleno dia
665249;01/03/2010;Segunda;09:50:00;RJ;101;306.0;SAO GONCALO;Outras;Colisao com objeto fixo;Sem Vitimas;Pleno dia
665254;01/03/2010;Segunda;09:20:00;RJ;101;322.0;NITEROI;Outras;Colisao traseira;Sem Vitimas;Pleno dia
665303;01/03/2010;Segunda;10:31:00;RJ;101;325.0;NITEROI;Falta de atencao;Colisao traseira;Sem Vitimas;Pleno dia
665384;01/03/2010;Segunda;13:00:00;RJ;101;328.0;RIO DE JANEIRO;Falta de atencao;Colisao traseira;Sem Vitimas;Pleno dia
665416;01/03/2010;Segunda;12:50:00;RJ;101;328.0;RIO DE JANEIRO;Outras;Capotamento;Com Vitimas Feridas;Pleno dia
665417;01/03/2010;Segunda;12:00:00;RJ;101;328.0;RIO DE JANEIRO;Outras;Colisao lateral;Sem Vitimas;Pleno dia
665467;01/03/2010;Segunda;15:00:00;RJ;101;322.0;NITEROI;Outras;Colisao traseira;Sem Vitimas;Pleno dia
665475;01/03/2010;Segunda;13:29:00;RJ;101;325.0;RIO DE JANEIRO;Falta de atencao;Colisao traseira;Sem Vitimas;Pleno dia
665484;26/02/2010;Sexta;00:23:00;RJ;101;322.0;NITEROI;Outras;Colisao lateral;Sem Vitimas;Plena noite
665891;02/03/2010;Terca;09:40:00;RJ;101;330.0;NITEROI;Falta de atencao;Colisao traseira;Sem Vitimas;Pleno dia
665921;02/03/2010;Terca;11:50:00;RJ;101;322.0;NITEROI;Desobediencia a sinalizacao;Colisao lateral;Sem Vitimas;Pleno dia
665976;02/03/2010;Terca;12:40:00;RJ;101;301.0;SAO GONCALO;Outras;Capotamento;Com Vitimas Feridas;Pleno dia
666082;02/03/2010;Terca;15:45:00;RJ;101;322.0;NITEROI;Outras;Colisao Transversal;Sem Vitimas;Pleno dia
666100;02/03/2010;Terca;16:27:00;RJ;101;320.0;NITEROI;Outras;Colisao lateral;Com Vitimas Feridas;Pleno dia
666480;03/03/2010;Quarta;13:00:00;RJ;101;330.0;RIO DE JANEIRO;Defeito mecanico em veiculo;Colisao traseira;Sem Vitimas;Pleno dia
666535;03/03/2010;Quarta;14:27:00;RJ;101;300.0;SAO GONCALO;Outras;Colisao traseira;Sem Vitimas;Pleno dia
666680;27/02/2010;Sabado;22:50:00;RJ;101;320.0;NITEROI;Outras;Danos Eventuais;Sem Vitimas;Plena noite
667045;04/03/2010;Quinta;12:20:00;RJ;101;308.0;NITEROI;Velocidade incompativel;Saida de Pista;Sem Vitimas;Pleno dia
667092;04/03/2010;Quinta;15:16:00;RJ;101;327.0;NITEROI;Outras;Colisao traseira;Com Vitimas Feridas;Pleno dia
667485;03/03/2010;Quarta;18:09:00;RJ;101;317.0;SAO GONCALO;Nao guardar distancia de seguranca;Colisao traseira;Sem Vitimas;Plena noite
667555;05/03/2010;Sexta;14:45:00;RJ;101;318.0;SAO GONCALO;Outras;Colisao lateral;Com Vitimas Feridas;Pleno dia
667765;05/03/2010;Sexta;23:00:00;RJ;101;321.0;NITEROI;Outras;Colisao lateral;Sem Vitimas;Plena noite
667821;06/03/2010;Sabado;02:40:00;RJ;101;312.9;SAO GONCALO;Outras;Colisao traseira;Sem Vitimas;Plena noite
667883;06/03/2010;Sabado;07:00:00;RJ;101;322.0;NITEROI;Falta de atencao;Colisao traseira;Sem Vitimas;Pleno dia
667904;06/03/2010;Sabado;05:40:00;RJ;101;321.0;NITEROI;Velocidade incompativel;Capotamento;Com Vitimas Feridas;Amanhecer
667968;06/03/2010;Sabado;10:30:00;RJ;101;327.0;NITEROI;Falta de atencao;Colisao lateral;Sem Vitimas;Plena noite
668025;06/03/2010;Sabado;14:15:00;RJ;101;304.0;SAO GONCALO;Outras;Colisao com objeto fixo;Sem Vitimas;Pleno dia
668073;06/03/2010;Sabado;15:28:00;RJ;101;324.0;NITEROI;Falta de atencao;Colisao traseira;Com Vitimas Feridas;Pleno dia
668091;06/03/2010;Sabado;05:40:00;RJ;101;321.0;NITEROI;Defeito mecanico em veiculo;Colisao traseira;Sem Vitimas;Amanhecer
668593;27/02/2010;Sabado;23:00:00;RJ;101;320.0;NITEROI;Falta de atencao;Colisao lateral;Com Vitimas Feridas;Amanhecer
668630;04/03/2010;Quinta;01:50:00;RJ;101;299.5;SAO GONCALO;Outras;Colisao com objeto fixo;Sem Vitimas;Plena noite
668666;03/03/2010;Quarta;07:30:00;RJ;101;308.0;SAO GONCALO;Outras;Colisao traseira;Sem Vitimas;Pleno dia
669474;01/03/2010;Segunda;10:00:00;RJ;101;312.0;SAO GONCALO;Falta de atencao;Colisao traseira;Sem Vitimas;Pleno dia
669574;05/03/2010;Sexta;14:00:00;RJ;101;320.0;NITEROI;Outras;Atropelamento de pessoa;Com Vitimas Fatais;Pleno dia
669591;09/03/2010;Terca;12:00:00;RJ;101;328.0;NITEROI;Outras;Colisao traseira;Sem Vitimas;Pleno dia
669608;09/03/2010;Terca;15:45:00;RJ;101;323.0;NITEROI;Falta de atencao;Colisao traseira;Sem Vitimas;Pleno dia
669807;07/03/2010;Domingo;00:33:00;RJ;101;332.7;RIO DE JANEIRO;Falta de atencao;Colisao com objeto fixo;Sem Vitimas;Plena noite
670160;10/03/2010;Quarta;19:00:00;RJ;101;321.0;NITEROI;Falta de atencao;Colisao lateral;Sem Vitimas;Plena noite
670221;10/03/2010;Quarta;20:30:00;RJ;101;321.0;NITEROI;Falta de atencao;Colisao traseira;Sem Vitimas;Plena noite
670343;07/03/2010;Domingo;23:50:00;RJ;101;308.0;SAO GONCALO;Outras;Colisao lateral;Sem Vitimas;Plena noite
670535;11/03/2010;Quinta;13:00:00;RJ;101;329.0;RIO DE JANEIRO;Falta de atencao;Colisao traseira;Sem Vitimas;Pleno dia
670708;13/03/2010;Sabado;17:10:00;RJ;101;316.0;SAO GONCALO;Outras;Colisao frontal;Com Vitimas Fatais;Anoitecer
670818;13/03/2010;Sabado;20:20:00;RJ;101;312.0;SAO GONCALO;Outras;Colisao com objeto movel;Sem Vitimas;Plena noite
670945;14/03/2010;Domingo;06:20:00;RJ;101;325.0;NITEROI;Outras;Colisao com bicicleta;Sem Vitimas;Pleno dia
670958;14/03/2010;Domingo;06:26:00;RJ;101;324.0;NITEROI;Velocidade incompativel;Capotamento;Com Vitimas Feridas;Amanhecer
671133;14/03/2010;Domingo;16:29:00;RJ;101;325.0;NITEROI;Outras;Atropelamento de pessoa;Com Vitimas Feridas;Pleno dia
671179;14/03/2010;Domingo;17:30:00;RJ;101;320.2;NITEROI;Falta de atencao;Saida de Pista;Sem Vitimas;Plena noite
671574;13/03/2010;Sabado;06:50:00;RJ;101;315.0;SAO GONCALO;Outras;Colisao traseira;Com Vitimas Feridas;Pleno dia
671588;12/03/2010;Sexta;23:00:00;RJ;101;322.0;NITEROI;Outras;Colisao lateral;Sem Vitimas;Plena noite
671715;15/03/2010;Segunda;13:30:00;RJ;101;306.0;SAO GONCALO;Outras;Colisao traseira;Sem Vitimas;Pleno dia
672105;12/03/2010;Sexta;21:30:00;RJ;101;321.0;NITEROI;Outras;Colisao lateral;Sem Vitimas;Plena noite
672134;09/03/2010;Terca;00:10:00;RJ;101;329.0;RIO DE JANEIRO;Ingestao de alcool;Colisao traseira;Sem Vitimas;Plena noite
672942;13/03/2010;Sabado;13:30:00;RJ;101;334.0;RIO DE JANEIRO;Falta de atencao;Colisao traseira;Sem Vitimas;Pleno dia
673001;17/03/2010;Quarta;07:50:00;RJ;101;315.0;SAO GONCALO;Outras;Colisao traseira;Sem Vitimas;Pleno dia
673191;15/03/2010;Segunda;18:45:00;RJ;101;330.0;RIO DE JANEIRO;Falta de atencao;Colisao traseira;Sem Vitimas;Plena noite
673388;17/03/2010;Quarta;20:30:00;RJ;101;319.0;SAO GONCALO;Nao guardar distancia de seguranca;Colisao traseira;Sem Vitimas;Anoitecer
673980;14/03/2010;Domingo;22:00:00;RJ;101;333.0;RIO DE JANEIRO;Nao guardar distancia de seguranca;Colisao traseira;Sem Vitimas;Plena noite
674019;18/03/2010;Quinta;21:50:00;RJ;101;308.0;SAO GONCALO;Animais na Pista;Atropelamento de animal;Com Vitimas Feridas;Plena noite
674093;15/03/2010;Segunda;07:40:00;RJ;101;319.0;SAO GONCALO;Outras;Colisao lateral;Com Vitimas Feridas;Pleno dia
674100;15/03/2010;Segunda;12:00:00;RJ;101;313.0;SAO GONCALO;Outras;Saida de Pista;Sem Vitimas;Pleno dia
674584;16/03/2010;Terca;06:40:00;RJ;101;317.0;SAO GONCALO;Outras;Colisao lateral;Sem Vitimas;Pleno dia
674589;13/03/2010;Sabado;08:50:00;RJ;101;321.0;NITEROI;Outras;Colisao lateral;Sem Vitimas;Pleno dia
674645;20/03/2010;Sabado;08:00:00;RJ;101;314.0;SAO GONCALO;Outras;Colisao traseira;Sem Vitimas;Pleno dia
674758;20/03/2010;Sabado;12:10:00;RJ;101;319.0;SAO GONCALO;Outras;Colisao com objeto fixo;Sem Vitimas;Pleno dia
674793;19/03/2010;Sexta;15:00:00;RJ;101;313.0;SAO GONCALO;Nao guardar distancia de seguranca;Colisao lateral;Sem Vitimas;Pleno dia
674853;14/03/2010;Domingo;20:49:00;RJ;101;334.0;RIO DE JANEIRO;Nao guardar distancia de seguranca;Colisao traseira;Sem Vitimas;Plena noite
674891;19/03/2010;Sexta;00:50:00;RJ;101;329.0;NITEROI;Outras;Colisao com objeto fixo;Com Vitimas Feridas;Plena noite
674958;20/03/2010;Sabado;07:00:00;RJ;101;308.0;SAO GONCALO;Falta de atencao;Colisao traseira;Sem Vitimas;Pleno dia
675012;20/03/2010;Sabado;18:15:00;RJ;101;313.0;SAO GONCALO;Ingestao de alcool;Colisao com bicicleta;Com Vitimas Feridas;Anoitecer
675384;21/03/2010;Domingo;19:30:00;RJ;101;319.0;SAO GONCALO;Outras;Colisao traseira;Sem Vitimas;Plena noite
675542;22/03/2010;Segunda;06:00:00;RJ;101;299.0;SAO GONCALO;Outras;Colisao com objeto fixo;Sem Vitimas;Amanhecer
675572;22/03/2010;Segunda;07:45:00;RJ;101;316.0;SAO GONCALO;Outras;Colisao traseira;Sem Vitimas;Pleno dia
675626;20/03/2010;Sabado;03:45:00;RJ;101;312.0;SAO GONCALO;Outras;Colisao traseira;Com Vitimas Feridas;Plena noite
675647;21/03/2010;Domingo;04:30:00;RJ;101;328.0;RIO DE JANEIRO;Outras;Colisao traseira;Sem Vitimas;Pleno dia
675891;22/03/2010;Segunda;19:30:00;RJ;101;317.0;SAO GONCALO;Outras;Colisao traseira;Sem Vitimas;Plena noite
676340;23/03/2010;Terca;10:00:00;RJ;101;318.0;SAO GONCALO;Outras;Colisao traseira;Com Vitimas Feridas;Pleno dia
676414;23/03/2010;Terca;18:25:00;RJ;101;321.0;NITEROI;Outras;Colisao lateral;Sem Vitimas;Plena noite
676606;20/03/2010;Sabado;07:15:00;RJ;101;320.0;NITEROI;Outras;Queda de motocicleta / bicicleta / veiculo;Com Vitimas Feridas;Pleno dia
676643;20/03/2010;Sabado;10:30:00;RJ;101;322.0;NITEROI;Outras;Colisao traseira;Sem Vitimas;Pleno dia
676665;12/03/2010;Sexta;23:00:00;RJ;101;334.0;RIO DE JANEIRO;Outras;Colisao lateral;Sem Vitimas;Plena noite
676697;12/03/2010;Sexta;12:30:00;RJ;101;332.0;NITEROI;Outras;Queda de motocicleta / bicicleta / veiculo;Com Vitimas Feridas;Pleno dia
677329;13/03/2010;Sabado;11:45:00;RJ;101;320.0;NITEROI;Falta de atencao;Colisao lateral;Sem Vitimas;Pleno dia
677351;17/03/2010;Quarta;20:45:00;RJ;101;322.0;SAO GONCALO;Outras;Colisao lateral;Sem Vitimas;Plena noite
677520;25/03/2010;Quinta;22:10:00;RJ;101;305.0;SAO GONCALO;Outras;Capotamento;Com Vitimas Feridas;Plena noite
677587;26/03/2010;Sexta;06:00:00;RJ;101;312.0;SAO GONCALO;Outras;Saida de Pista;Sem Vitimas;Amanhecer
677642;26/03/2010;Sexta;09:20:00;RJ;101;322.0;NITEROI;Falta de atencao;Colisao lateral;Sem Vitimas;Pleno dia
677682;18/03/2010;Quinta;17:30:00;RJ;101;328.0;RIO DE JANEIRO;Outras;Colisao traseira;Sem Vitimas;Anoitecer
677834;26/03/2010;Sexta;14:46:00;RJ;101;326.0;RIO DE JANEIRO;Outras;Colisao traseira;Sem Vitimas;Pleno dia
677939;26/03/2010;Sexta;21:20:00;RJ;101;325.0;NITEROI;Nao guardar distancia de seguranca;Colisao lateral;Sem Vitimas;Plena noite
677990;22/03/2010;Segunda;17:34:00;RJ;101;334.0;RIO DE JANEIRO;Outras;Colisao traseira;Sem Vitimas;Anoitecer
677999;26/03/2010;Sexta;23:30:00;RJ;101;321.0;NITEROI;Outras;Colisao lateral;Sem Vitimas;Plena noite
678092;23/03/2010;Terca;10:00:00;RJ;101;320.0;NITEROI;Falta de atencao;Colisao lateral;Sem Vitimas;Pleno dia
678102;23/03/2010;Terca;21:00:00;RJ;101;322.2;NITEROI;Falta de atencao;Colisao traseira;Sem Vitimas;Plena noite
678124;27/03/2010;Sabado;08:00:00;RJ;101;327.0;NITEROI;Falta de atencao;Colisao traseira;Sem Vitimas;Plena noite
678131;15/03/2010;Segunda;15:30:00;RJ;101;329.0;RIO DE JANEIRO;Outras;Colisao lateral;Com Vitimas Feridas;Pleno dia
678197;15/03/2010;Segunda;17:00:00;RJ;101;319.0;NITEROI;Falta de atencao;Colisao lateral;Com Vitimas Feridas;Pleno dia
678221;19/03/2010;Sexta;17:59:00;RJ;101;322.0;NITEROI;Desobediencia a sinalizacao;Colisao lateral;Com Vitimas Feridas;Plena noite
678239;27/03/2010;Sabado;15:00:00;RJ;101;323.0;NITEROI;Outras;Colisao traseira;Sem Vitimas;Pleno dia
678259;23/03/2010;Terca;22:00:00;RJ;101;323.0;NITEROI;Falta de atencao;Colisao com objeto fixo;Sem Vitimas;Plena noite
678267;23/03/2010;Terca;21:55:00;RJ;101;321.0;NITEROI;Nao guardar distancia de seguranca;Colisao traseira;Sem Vitimas;Plena noite
678268;27/03/2010;Sabado;14:00:00;RJ;101;323.0;NITEROI;Falta de atencao;Colisao traseira;Com Vitimas Feridas;Pleno dia
678305;27/03/2010;Sabado;16:15:00;RJ;101;317.0;SAO GONCALO;Outras;Saida de Pista;Sem Vitimas;Pleno dia
678428;27/03/2010;Sabado;18:00:00;RJ;101;300.0;SAO GONCALO;Outras;Queda de motocicleta / bicicleta / veiculo;Com Vitimas Feridas;Anoitecer
678576;25/03/2010;Quinta;07:19:00;RJ;101;324.0;NITEROI;Outras;Colisao lateral;Sem Vitimas;Pleno dia
678614;22/03/2010;Segunda;09:40:00;RJ;101;326.0;RIO DE JANEIRO;Outras;Colisao lateral;Sem Vitimas;Pleno dia
678644;28/03/2010;Domingo;09:55:00;RJ;101;307.0;SAO GONCALO;Outras;Colisao frontal;Com Vitimas Feridas;Pleno dia
678814;28/03/2010;Domingo;09:00:00;RJ;101;307.0;SAO GONCALO;Outras;Capotamento;Com Vitimas Feridas;Pleno dia
678904;28/03/2010;Domingo;23:20:00;RJ;101;328.0;NITEROI;Outras;Colisao com objeto fixo;Sem Vitimas;Plena noite
678959;24/03/2010;Quarta;17:20:00;RJ;101;328.0;NITEROI;Outras;Colisao traseira;Sem Vitimas;Plena noite
679018;29/03/2010;Segunda;07:06:00;RJ;101;327.0;NITEROI;Falta de atencao;Colisao traseira;Sem Vitimas;Pleno dia
679105;19/03/2010;Sexta;15:20:00;RJ;101;317.0;SAO GONCALO;Outras;Danos Eventuais;Sem Vitimas;Pleno dia
679167;17/03/2010;Quarta;19:40:00;RJ;101;320.0;NITEROI;Outras;Colisao lateral;Sem Vitimas;Anoitecer
679201;29/03/2010;Segunda;13:45:00;RJ;101;307.0;SAO GONCALO;Outras;Colisao traseira;Com Vitimas Feridas;Pleno dia
679253;29/03/2010;Segunda;14:30:00;RJ;101;317.0;SAO GONCALO;Outras;Capotamento;Sem Vitimas;Pleno dia
679285;25/03/2010;Quinta;09:25:00;RJ;101;321.0;NITEROI;Outras;Colisao lateral;Sem Vitimas;Pleno dia
679302;29/03/2010;Segunda;18:00:00;RJ;101;321.0;NITEROI;Falta de atencao;Colisao lateral;Sem Vitimas;Anoitecer
679596;30/03/2010;Terca;08:40:00;RJ;101;330.0;RIO DE JANEIRO;Falta de atencao;Colisao traseira;Sem Vitimas;Amanhecer
679606;26/03/2010;Sexta;08:30:00;RJ;101;334.0;RIO DE JANEIRO;Outras;Colisao traseira;Sem Vitimas;Pleno dia
679614;30/03/2010;Terca;07:20:00;RJ;101;318.0;SAO GONCALO;Outras;Atropelamento de pessoa;Com Vitimas Feridas;Amanhecer
679721;26/03/2010;Sexta;15:10:00;RJ;101;333.0;RIO DE JANEIRO;Outras;Colisao frontal;Sem Vitimas;Pleno dia
679742;30/03/2010;Terca;08:20:00;RJ;101;322.0;NITEROI;Falta de atencao;Colisao traseira;Sem Vitimas;Pleno dia
679826;30/03/2010;Terca;17:10:00;RJ;101;321.0;NITEROI;Nao guardar distancia de seguranca;Colisao traseira;Sem Vitimas;Plena noite
679879;30/03/2010;Terca;21:00:00;RJ;101;317.0;SAO GONCALO;Outras;Queda de motocicleta / bicicleta / veiculo;Com Vitimas Feridas;Plena noite
679971;31/03/2010;Quarta;02:20:00;RJ;101;320.0;NITEROI;Outras;Colisao com objeto fixo;Sem Vitimas;Plena noite
680041;19/03/2010;Sexta;20:00:00;RJ;101;321.0;NITEROI;Outras;Colisao traseira;Sem Vitimas;Plena noite
680109;23/03/2010;Terca;22:00:00;RJ;101;329.0;SAO GONCALO;Falta de atencao;Colisao traseira;Com Vitimas Feridas;Plena noite
680250;31/03/2010;Quarta;16:15:00;RJ;101;321.0;NITEROI;Outras;Colisao lateral;Sem Vitimas;Pleno dia
680288;19/03/2010;Sexta;16:30:00;RJ;101;320.0;SAO GONCALO;Outras;Colisao traseira;Sem Vitimas;Pleno dia
680517;31/03/2010;Quarta;19:00:00;RJ;101;300.0;SAO GONCALO;Outras;Colisao lateral;Sem Vitimas;Plena noite
680669;31/03/2010;Quarta;19:40:00;RJ;101;321.0;NITEROI;Falta de atencao;Colisao traseira;Sem Vitimas;Plena noite
680717;01/04/2010;Quinta;14:00:00;RJ;101;322.0;NITEROI;Outras;Colisao traseira;Sem Vitimas;Pleno dia
680718;29/03/2010;Segunda;04:45:00;RJ;101;321.0;NITEROI;Outras;Colisao traseira;Com Vitimas Feridas;Amanhecer
680835;28/03/2010;Domingo;14:00:00;RJ;101;299.0;SAO GONCALO;Falta de atencao;Colisao traseira;Sem Vitimas;Pleno dia
680970;01/04/2010;Quinta;22:40:00;RJ;101;314.0;SAO GONCALO;Outras;Saida de Pista;Sem Vitimas;Plena noite
680986;24/03/2010;Quarta;17:25:00;RJ;101;331.0;NITEROI;Outras;Colisao lateral;Sem Vitimas;Anoitecer
681020;01/04/2010;Quinta;18:37:00;RJ;101;333.0;RIO DE JANEIRO;Outras;Colisao lateral;Com Vitimas Feridas;Plena noite
681060;02/04/2010;Sexta;03:20:00;RJ;101;311.0;SAO GONCALO;Outras;Saida de Pista;Sem Vitimas;Plena noite
681073;01/04/2010;Quinta;15:15:00;RJ;101;330.0;RIO DE JANEIRO;Outras;Colisao traseira;Sem Vitimas;Pleno dia
681090;01/04/2010;Quinta;17:40:00;RJ;101;305.0;SAO GONCALO;Falta de atencao;Colisao lateral;Sem Vitimas;Plena noite
681128;02/04/2010;Sexta;05:57:00;RJ;101;329.0;NITEROI;Falta de atencao;Colisao traseira;Sem Vitimas;Pleno dia
681328;29/03/2010;Segunda;15:45:00;RJ;101;328.0;NITEROI;Outras;Colisao lateral;Sem Vitimas;Pleno dia
681437;31/03/2010;Quarta;16:00:00;RJ;101;307.0;SAO GONCALO;Outras;Colisao lateral;Sem Vitimas;Pleno dia
681447;02/04/2010;Sexta;19:00:00;RJ;101;322.0;NITEROI;Falta de atencao;Colisao traseira;Sem Vitimas;Plena noite
681539;02/04/2010;Sexta;22:00:00;RJ;101;306.8;SAO GONCALO;Outras;Colisao traseira;Com Vitimas Feridas;Plena noite
681592;03/04/2010;Sabado;04:35:00;RJ;101;319.5;NITEROI;Dormindo;Saida de Pista;Sem Vitimas;Plena noite
681595;31/03/2010;Quarta;02:00:00;RJ;101;320.0;NITEROI;Outras;Colisao com objeto fixo;Sem Vitimas;Plena noite
681846;03/04/2010;Sabado;16:20:00;RJ;101;316.0;SAO GONCALO;Outras;Colisao lateral;Sem Vitimas;Pleno dia
682113;31/03/2010;Quarta;18:00:00;RJ;101;322.0;NITEROI;Falta de atencao;Colisao traseira;Sem Vitimas;Plena noite
682179;04/04/2010;Domingo;10:21:00;RJ;101;319.0;SAO GONCALO;Outras;Colisao Transversal;Com Vitimas Feridas;Pleno dia
682303;04/04/2010;Domingo;15:30:00;RJ;101;319.0;SAO GONCALO;Outras;Saida de Pista;Sem Vitimas;Pleno dia
682461;04/04/2010;Domingo;18:30:00;RJ;101;322.0;NITEROI;Outras;Colisao com objeto fixo;Sem Vitimas;Plena noite
682636;01/04/2010;Quinta;12:50:00;RJ;101;322.0;NITEROI;Nao guardar distancia de seguranca;Colisao traseira;Sem Vitimas;Pleno dia
682676;01/04/2010;Quinta;20:30:00;RJ;101;304.0;SAO GONCALO;Outras;Colisao traseira;Sem Vitimas;Plena noite
682830;01/04/2010;Quinta;15:30:00;RJ;101;327.0;RIO DE JANEIRO;Outras;Colisao traseira;Sem Vitimas;Pleno dia
682885;30/03/2010;Terca;00:05:00;RJ;101;321.0;NITEROI;Ingestao de alcool;Colisao traseira;Com Vitimas Feridas;Plena noite
682968;05/04/2010;Segunda;14:20:00;RJ;101;327.0;NITEROI;Outras;Colisao traseira;Sem Vitimas;Pleno dia
683025;05/04/2010;Segunda;11:50:00;RJ;101;328.0;RIO DE JANEIRO;Outras;Colisao traseira;Com Vitimas Feridas;Pleno dia
683132;05/04/2010;Segunda;19:30:00;RJ;101;307.0;SAO GONCALO;Outras;Colisao traseira;Sem Vitimas;Plena noite
683465;06/04/2010;Terca;09:45:00;RJ;101;322.0;NITEROI;Falta de atencao;Colisao lateral;Sem Vitimas;Pleno dia
683500;04/04/2010;Domingo;00:15:00;RJ;101;327.0;NITEROI;Outras;Colisao lateral;Sem Vitimas;Plena noite
683511;06/04/2010;Terca;10:10:00;RJ;101;307.0;SAO GONCALO;Outras;Colisao com objeto fixo;Sem Vitimas;Pleno dia
683518;06/04/2010;Terca;11:00:00;RJ;101;302.0;SAO GONCALO;Outras;Capotamento;Com Vitimas Feridas;Pleno dia
683536;06/04/2010;Terca;12:10:00;RJ;101;309.0;SAO GONCALO;Outras;Saida de Pista;Sem Vitimas;Pleno dia
683992;07/04/2010;Quarta;06:30:00;RJ;101;331.5;RIO DE JANEIRO;Outras;Colisao traseira;Sem Vitimas;Pleno dia
684010;26/03/2010;Sexta;22:40:00;RJ;101;320.0;NITEROI;Outras;Colisao lateral;Sem Vitimas;Plena noite
684221;30/03/2010;Terca;12:23:00;RJ;101;326.0;NITEROI;Outras;Colisao traseira;Com Vitimas Feridas;Anoitecer
684390;07/04/2010;Quarta;23:10:00;RJ;101;307.0;SAO GONCALO;Outras;Saida de Pista;Ignorado;Plena noite
684463;04/04/2010;Domingo;23:30:00;RJ;101;333.0;RIO DE JANEIRO;Outras;Colisao lateral;Sem Vitimas;Plena noite
684482;19/03/2010;Sexta;17:45:00;RJ;101;322.0;NITEROI;Outras;Colisao lateral;Sem Vitimas;Anoitecer
684515;23/03/2010;Terca;07:00:00;RJ;101;327.0;NITEROI;Outras;Colisao traseira;Sem Vitimas;Amanhecer
684572;08/04/2010;Quinta;09:35:00;RJ;101;311.0;SAO GONCALO;Falta de atencao;Colisao com bicicleta;Sem Vitimas;Pleno dia
684652;08/04/2010;Quinta;10:40:00;RJ;101;318.0;SAO GONCALO;Falta de atencao;Colisao traseira;Sem Vitimas;Pleno dia
684665;23/03/2010;Terca;18:00:00;RJ;101;327.0;NITEROI;Outras;Colisao traseira;Sem Vitimas;Anoitecer
684705;08/04/2010;Quinta;14:49:00;RJ;101;321.0;NITEROI;Falta de atencao;Colisao traseira;Sem Vitimas;Pleno dia
684839;08/04/2010;Quinta;17:30:00;RJ;101;299.0;SAO GONCALO;Falta de atencao;Colisao traseira;Sem Vitimas;Anoitecer
685202;09/04/2010;Sexta;10:45:00;RJ;101;303.0;SAO GONCALO;Outras;Colisao traseira;Sem Vitimas;Pleno dia
685216;27/03/2010;Sabado;22:29:00;RJ;101;334.0;RIO DE JANEIRO;Falta de atencao;Colisao lateral;Sem Vitimas;Plena noite
685472;09/04/2010;Sexta;21:15:00;RJ;101;303.0;SAO GONCALO;Outras;Colisao lateral;Com Vitimas Feridas;Plena noite
685814;10/04/2010;Sabado;17:30:00;RJ;101;317.0;SAO GONCALO;Outras;Colisao traseira;Sem Vitimas;Anoitecer
685889;10/04/2010;Sabado;20:40:00;RJ;101;307.0;SAO GONCALO;Outras;Colisao traseira;Com Vitimas Feridas;Plena noite
685984;11/04/2010;Domingo;01:45:00;RJ;101;309.0;SAO GONCALO;Defeito na via;Saida de Pista;Sem Vitimas;Pleno dia
686170;07/04/2010;Quarta;18:45:00;RJ;101;321.0;NITEROI;Outras;Colisao traseira;Sem Vitimas;Anoitecer
686408;09/04/2010;Sexta;19:00:00;RJ;101;321.0;NITEROI;Outras;Colisao lateral;Sem Vitimas;Plena noite
686629;12/04/2010;Segunda;12:00:00;RJ;101;319.0;NITEROI;Defeito mecanico em veiculo;Incendio;Sem Vitimas;Pleno dia
686860;12/04/2010;Segunda;20:40:00;RJ;101;299.0;SAO GONCALO;Outras;Capotamento;Sem Vitimas;Plena noite
686938;12/04/2010;Segunda;20:30:00;RJ;101;316.0;SAO GONCALO;Outras;Derramamento de Carga;Sem Vitimas;Plena noite
686942;12/04/2010;Segunda;18:15:00;RJ;101;321.0;NITEROI;Outras;Derramamento de Carga;Sem Vitimas;Anoitecer
686992;09/04/2010;Sexta;21:10:00;RJ;101;323.0;NITEROI;Outras;Colisao traseira;Sem Vitimas;Plena noite
686995;01/04/2010;Quinta;15:20:00;RJ;101;328.0;RIO DE JANEIRO;Outras;Colisao traseira;Sem Vitimas;Pleno dia
687008;10/04/2010;Sabado;22:10:00;RJ;101;321.0;NITEROI;Outras;Colisao lateral;Sem Vitimas;Plena noite
687050;01/04/2010;Quinta;07:20:00;RJ;101;317.0;SAO GONCALO;Outras;Colisao traseira;Sem Vitimas;Amanhecer
687054;13/04/2010;Terca;09:00:00;RJ;101;322.0;NITEROI;Outras;Colisao com objeto fixo;Sem Vitimas;Pleno dia
687168;13/04/2010;Terca;12:22:00;RJ;101;320.0;NITEROI;Outras;Colisao traseira;Sem Vitimas;Pleno dia
687271;05/04/2010;Segunda;19:30:00;RJ;101;321.0;NITEROI;Outras;Colisao traseira;Sem Vitimas;Anoitecer
687363;13/04/2010;Terca;20:00:00;RJ;101;317.0;SAO GONCALO;Outras;Colisao lateral;Sem Vitimas;Plena noite
687494;14/04/2010;Quarta;06:45:00;RJ;101;313.0;SAO GONCALO;Outras;Saida de Pista;Sem Vitimas;Pleno dia
687535;10/04/2010;Sabado;14:00:00;RJ;101;326.0;NITEROI;Outras;Colisao lateral;Sem Vitimas;Pleno dia
687605;12/04/2010;Segunda;21:00:00;RJ;101;330.0;NITEROI;Falta de atencao;Colisao lateral;Com Vitimas Feridas;Plena noite
687668;10/04/2010;Sabado;15:30:00;RJ;101;323.0;NITEROI;Outras;Colisao traseira;Sem Vitimas;Pleno dia
687706;14/04/2010;Quarta;17:40:00;RJ;101;321.0;NITEROI;Falta de atencao;Colisao lateral;Sem Vitimas;Anoitecer
687738;14/04/2010;Quarta;18:20:00;RJ;101;334.0;RIO DE JANEIRO;Falta de atencao;Colisao lateral;Sem Vitimas;Plena noite
687859;14/04/2010;Quarta;23:30:00;RJ;101;314.0;SAO GONCALO;Outras;Capotamento;Sem Vitimas;Plena noite
687965;11/04/2010;Domingo;13:40:00;RJ;101;322.0;NITEROI;Outras;Queda de motocicleta / bicicleta / veiculo;Com Vitimas Feridas;Pleno dia
688052;11/04/2010;Domingo;12:00:00;RJ;101;322.0;NITEROI;Outras;Colisao traseira;Sem Vitimas;Pleno dia
688279;09/04/2010;Sexta;17:45:00;RJ;101;322.0;NITEROI;Outras;Colisao traseira;Sem Vitimas;Pleno dia
688288;09/04/2010;Sexta;23:30:00;RJ;101;327.0;NITEROI;Outras;Colisao lateral;Sem Vitimas;Plena noite
688345;16/04/2010;Sexta;00:10:00;RJ;101;301.0;SAO GONCALO;Outras;Atropelamento de pessoa;Com Vitimas Fatais;Plena noite
688434;14/04/2010;Quarta;14:20:00;RJ;101;328.0;NITEROI;Outras;Colisao traseira;Sem Vitimas;Pleno dia
688553;12/04/2010;Segunda;17:06:00;RJ;101;323.0;NITEROI;Outras;Colisao traseira;Com Vitimas Feridas;Anoitecer
688682;16/04/2010;Sexta;18:30:00;RJ;101;308.0;SAO GONCALO;Ultrapassagem indevida;Queda de motocicleta / bicicleta / veiculo;Com Vitimas Feridas;Plena noite
688710;12/04/2010;Segunda;15:00:00;RJ;101;329.0;NITEROI;Outras;Colisao lateral;Sem Vitimas;Pleno dia
689070;10/04/2010;Sabado;04:00:00;RJ;101;328.0;RIO DE JANEIRO;Outras;Colisao traseira;Sem Vitimas;Plena noite
689338;14/04/2010;Quarta;22:51:00;RJ;101;309.0;SAO GONCALO;Outras;Colisao com objeto fixo;Sem Vitimas;Plena noite
689344;14/04/2010;Quarta;22:51:00;RJ;101;309.0;SAO GONCALO;Outras;Colisao com objeto fixo;Sem Vitimas;Plena noite
689426;18/04/2010;Domingo;12:10:00;RJ;101;303.0;SAO GONCALO;Outras;Colisao frontal;Sem Vitimas;Pleno dia
689752;15/04/2010;Quinta;16:10:00;RJ;101;322.0;NITEROI;Outras;Colisao lateral;Sem Vitimas;Pleno dia
689796;19/04/2010;Segunda;09:30:00;RJ;101;317.0;SAO GONCALO;Outras;Colisao traseira;Sem Vitimas;Pleno dia
689815;19/04/2010;Segunda;06:00:00;RJ;101;307.0;SAO GONCALO;Animais na Pista;Atropelamento de animal;Sem Vitimas;Amanhecer
689884;04/04/2010;Domingo;03:18:00;RJ;101;330.0;RIO DE JANEIRO;Outras;Capotamento;Com Vitimas Feridas;Plena noite
690174;16/04/2010;Sexta;19:00:00;RJ;101;322.0;NITEROI;Falta de atencao;Colisao lateral;Sem Vitimas;Plena noite
690177;16/04/2010;Sexta;09:25:00;RJ;101;332.0;RIO DE JANEIRO;Outras;Colisao traseira;Sem Vitimas;Pleno dia
690474;20/04/2010;Terca;15:47:00;RJ;101;330.0;NITEROI;Nao guardar distancia de seguranca;Colisao traseira;Sem Vitimas;Pleno dia
690497;31/03/2010;Quarta;19:30:00;RJ;101;323.0;NITEROI;Outras;Colisao traseira;Com Vitimas Feridas;Plena noite
690580;20/04/2010;Terca;19:50:00;RJ;101;322.0;RIO DE JANEIRO;Outras;Colisao lateral;Sem Vitimas;Plena noite
690604;16/04/2010;Sexta;12:30:00;RJ;101;314.0;SAO GONCALO;Outras;Queda de motocicleta / bicicleta / veiculo;Com Vitimas Feridas;Pleno dia
690699;17/04/2010;Sabado;15:50:00;RJ;101;321.0;NITEROI;Outras;Colisao traseira;Sem Vitimas;Pleno dia
691181;22/04/2010;Quinta;06:20:00;RJ;101;310.0;SAO GONCALO;Outras;Queda de motocicleta / bicicleta / veiculo;Com Vitimas Feridas;Pleno dia
691274;20/04/2010;Terca;20:35:00;RJ;101;322.0;NITEROI;Falta de atencao;Colisao lateral;Com Vitimas Feridas;Plena noite
691277;22/04/2010;Quinta;07:30:00;RJ;101;323.0;NITEROI;Falta de atencao;Colisao com objeto fixo;Com Vitimas Feridas;Pleno dia
691424;22/04/2010;Quinta;16:45:00;RJ;101;309.0;SAO GONCALO;Outras;Queda de motocicleta / bicicleta / veiculo;Com Vitimas Feridas;Pleno dia
691450;22/04/2010;Quinta;18:00:00;RJ;101;322.0;NITEROI;Falta de atencao;Colisao lateral;Sem Vitimas;Plena noite
691466;22/04/2010;Quinta;16:50:00;RJ;101;315.0;SAO GONCALO;Outras;Colisao traseira;Sem Vitimas;Pleno dia
691498;22/04/2010;Quinta;18:45:00;RJ;101;321.0;NITEROI;Outras;Colisao lateral;Sem Vitimas;Plena noite
691595;22/04/2010;Quinta;22:30:00;RJ;101;321.0;NITEROI;Falta de atencao;Colisao lateral;Sem Vitimas;Plena noite
691680;19/04/2010;Segunda;15:40:00;RJ;101;322.0;NITEROI;Outras;Colisao lateral;Sem Vitimas;Pleno dia
691681;19/04/2010;Segunda;23:00:00;RJ;101;322.0;RIO DE JANEIRO;Outras;Colisao traseira;Sem Vitimas;Plena noite
691701;19/04/2010;Segunda;20:00:00;RJ;101;330.0;RIO DE JANEIRO;Outras;Colisao traseira;Sem Vitimas;Plena noite
692598;16/04/2010;Sexta;09:20:00;RJ;101;319.0;SAO GONCALO;Outras;Colisao traseira;Sem Vitimas;Plena noite
693051;25/04/2010;Domingo;19:00:00;RJ;101;329.0;RIO DE JANEIRO;Outras;Colisao traseira;Com Vitimas Feridas;Plena noite
693058;25/04/2010;Domingo;22:30:00;RJ;101;334.0;RIO DE JANEIRO;Outras;Colisao traseira;Sem Vitimas;Plena noite
693086;25/04/2010;Domingo;23:45:00;RJ;101;325.0;NITEROI;Outras;Colisao com objeto movel;Sem Vitimas;Plena noite
693136;26/04/2010;Segunda;06:20:00;RJ;101;307.5;SAO GONCALO;Outras;Colisao traseira;Sem Vitimas;Pleno dia
693190;26/04/2010;Segunda;07:45:00;RJ;101;322.0;NITEROI;Outras;Colisao Transversal;Sem Vitimas;Pleno dia
693209;17/04/2010;Sabado;19:30:00;RJ;101;319.0;SAO GONCALO;Outras;Colisao traseira;Sem Vitimas;Plena noite
693490;26/04/2010;Segunda;19:00:00;RJ;101;321.0;NITEROI;Falta de atencao;Colisao traseira;Sem Vitimas;Plena noite
693521;09/04/2010;Sexta;21:20:00;RJ;101;322.0;NITEROI;Outras;Colisao Transversal;Sem Vitimas;Plena noite
693717;27/04/2010;Terca;06:50:00;RJ;101;316.0;SAO GONCALO;Outras;Colisao traseira;Com Vitimas Feridas;Amanhecer
693836;27/04/2010;Terca;14:05:00;RJ;101;303.5;SAO GONCALO;Outras;Atropelamento de pessoa;Com Vitimas Feridas;Pleno dia
693866;27/04/2010;Terca;07:30:00;RJ;101;334.0;RIO DE JANEIRO;Outras;Colisao lateral;Sem Vitimas;Pleno dia
693886;27/04/2010;Terca;08:40:00;RJ;101;323.0;NITEROI;Outras;Colisao traseira;Sem Vitimas;Pleno dia
694001;27/04/2010;Terca;21:00:00;RJ;101;322.0;NITEROI;Outras;Colisao lateral;Sem Vitimas;Plena noite
694047;25/04/2010;Domingo;09:30:00;RJ;101;329.0;NITEROI;Outras;Colisao traseira;Sem Vitimas;Pleno dia
694122;28/04/2010;Quarta;06:00:00;RJ;101;304.0;SAO GONCALO;Outras;Saida de Pista;Sem Vitimas;Pleno dia
694138;28/04/2010;Quarta;06:15:00;RJ;101;318.0;SAO GONCALO;Nao guardar distancia de seguranca;Colisao traseira;Sem Vitimas;Pleno dia
694331;28/04/2010;Quarta;08:48:00;RJ;101;319.0;SAO GONCALO;Desobediencia a sinalizacao;Atropelamento de pessoa;Com Vitimas Feridas;Pleno dia
694688;28/04/2010;Quarta;07:00:00;RJ;101;327.0;RIO DE JANEIRO;Falta de atencao;Colisao traseira;Sem Vitimas;Pleno dia
694786;29/04/2010;Quinta;17:45:00;RJ;101;319.0;SAO GONCALO;Outras;Colisao traseira;Sem Vitimas;Plena noite
694912;30/04/2010;Sexta;00:10:00;RJ;101;318.0;SAO GONCALO;Outras;Colisao traseira;Sem Vitimas;Plena noite
694973;30/04/2010;Sexta;06:00:00;RJ;101;318.0;RIO DE JANEIRO;Defeito mecanico em veiculo;Saida de Pista;Sem Vitimas;Pleno dia
695007;03/04/2010;Sabado;09:00:00;RJ;101;310.0;SAO GONCALO;Outras;Saida de Pista;Sem Vitimas;Pleno dia
695026;23/04/2010;Sexta;05:35:00;RJ;101;323.0;NITEROI;Outras;Colisao traseira;Com Vitimas Feridas;Plena noite
695159;30/04/2010;Sexta;15:30:00;RJ;101;323.0;NITEROI;Falta de atencao;Colisao traseira;Sem Vitimas;Pleno dia
695322;30/04/2010;Sexta;20:50:00;RJ;101;319.0;SAO GONCALO;Nao guardar distancia de seguranca;Colisao traseira;Sem Vitimas;Plena noite
695341;30/04/2010;Sexta;22:00:00;RJ;101;308.0;NITEROI;Outras;Colisao lateral;Sem Vitimas;Plena noite
695487;27/04/2010;Terca;14:00:00;RJ;101;322.0;NITEROI;Outras;Colisao lateral;Sem Vitimas;Pleno dia
695509;27/04/2010;Terca;19:20:00;RJ;101;322.0;NITEROI;Outras;Atropelamento de pessoa;Com Vitimas Feridas;Plena noite
695515;01/05/2010;Sabado;07:30:00;RJ;101;310.0;SAO GONCALO;Outras;Colisao lateral;Sem Vitimas;Pleno dia
695526;27/04/2010;Terca;13:30:00;RJ;101;332.0;RIO DE JANEIRO;Outras;Colisao traseira;Sem Vitimas;Pleno dia
695623;01/05/2010;Sabado;13:20:00;RJ;101;330.0;RIO DE JANEIRO;Outras;Colisao lateral;Sem Vitimas;Pleno dia
695628;01/05/2010;Sabado;06:38:00;RJ;101;322.0;NITEROI;Outras;Colisao com objeto fixo;Sem Vitimas;Pleno dia
695694;01/05/2010;Sabado;15:00:00;RJ;101;319.0;NITEROI;Falta de atencao;Colisao lateral;Sem Vitimas;Pleno dia
696038;02/05/2010;Domingo;09:50:00;RJ;101;322.0;NITEROI;Outras;Colisao com objeto fixo;Sem Vitimas;Pleno dia
696207;02/05/2010;Domingo;18:00:00;RJ;101;303.0;SAO GONCALO;Ultrapassagem indevida;Saida de Pista;Sem Vitimas;Plena noite
696416;03/05/2010;Segunda;04:20:00;RJ;101;305.0;SAO GONCALO;Outras;Atropelamento de animal;Sem Vitimas;Plena noite
696418;29/04/2010;Quinta;19:00:00;RJ;101;319.0;SAO GONCALO;Outras;Colisao traseira;Sem Vitimas;Anoitecer
696480;01/05/2010;Sabado;03:30:00;RJ;101;322.0;NITEROI;Outras;Colisao traseira;Sem Vitimas;Plena noite
696482;03/05/2010;Segunda;08:00:00;RJ;101;325.0;RIO DE JANEIRO;Outras;Capotamento;Com Vitimas Feridas;Pleno dia
696493;03/05/2010;Segunda;08:00:00;RJ;101;322.0;NITEROI;Outras;Colisao traseira;Sem Vitimas;Pleno dia
696554;03/05/2010;Segunda;11:00:00;RJ;101;319.0;SAO GONCALO;Outras;Capotamento;Com Vitimas Feridas;Pleno dia
696591;03/05/2010;Segunda;10:00:00;RJ;101;322.0;NITEROI;Outras;Colisao traseira;Sem Vitimas;Pleno dia
696668;03/05/2010;Segunda;14:50:00;RJ;101;311.0;SAO GONCALO;Dormindo;Colisao traseira;Sem Vitimas;Pleno dia
696753;03/05/2010;Segunda;16:30:00;RJ;101;315.0;SAO GONCALO;Outras;Colisao traseira;Sem Vitimas;Pleno dia
696808;03/05/2010;Segunda;15:00:00;RJ;101;312.5;SAO GONCALO;Outras;Colisao traseira;Sem Vitimas;Pleno dia
696851;03/05/2010;Segunda;17:40:00;RJ;101;312.0;SAO GONCALO;Outras;Colisao traseira;Sem Vitimas;Anoitecer
697054;04/05/2010;Terca;06:30:00;RJ;101;322.0;NITEROI;Outras;Colisao traseira;Sem Vitimas;Amanhecer
697077;04/05/2010;Terca;07:30:00;RJ;101;334.0;RIO DE JANEIRO;Outras;Colisao traseira;Sem Vitimas;Pleno dia
697288;04/05/2010;Terca;14:30:00;RJ;101;322.0;NITEROI;Defeito mecanico em veiculo;Colisao traseira;Sem Vitimas;Pleno dia
697356;04/05/2010;Terca;16:40:00;RJ;101;320.0;NITEROI;Nao guardar distancia de seguranca;Colisao traseira;Sem Vitimas;Pleno dia
697518;04/05/2010;Terca;21:45:00;RJ;101;333.0;RIO DE JANEIRO;Outras;Colisao traseira;Sem Vitimas;Plena noite
697633;01/05/2010;Sabado;17:25:00;RJ;101;330.0;RIO DE JANEIRO;Outras;Colisao lateral;Sem Vitimas;Pleno dia
697650;11/04/2010;Domingo;23:45:00;RJ;101;334.0;RIO DE JANEIRO;Outras;Colisao traseira;Sem Vitimas;Plena noite
697654;05/05/2010;Quarta;07:20:00;RJ;101;317.0;SAO GONCALO;Outras;Colisao traseira;Sem Vitimas;Pleno dia
697659;05/05/2010;Quarta;06:30:00;RJ;101;317.0;SAO GONCALO;Outras;Colisao traseira;Com Vitimas Feridas;Pleno dia
697739;05/05/2010;Quarta;10:00:00;RJ;101;318.0;SAO GONCALO;Outras;Saida de Pista;Sem Vitimas;Pleno dia
697946;05/05/2010;Quarta;12:55:00;RJ;101;322.0;NITEROI;Outras;Colisao traseira;Sem Vitimas;Pleno dia
697978;05/05/2010;Quarta;18:20:00;RJ;101;322.0;NITEROI;Outras;Colisao lateral;Sem Vitimas;Anoitecer
698022;05/05/2010;Quarta;19:30:00;RJ;101;319.0;SAO GONCALO;Falta de atencao;Atropelamento de pessoa;Com Vitimas Fatais;Plena noite
698539;06/05/2010;Quinta;22:00:00;RJ;101;322.0;NITEROI;Falta de atencao;Colisao traseira;Sem Vitimas;Plena noite
698700;07/05/2010;Sexta;06:05:00;RJ;101;327.0;NITEROI;Nao guardar distancia de seguranca;Colisao traseira;Com Vitimas Feridas;Amanhecer
698801;07/05/2010;Sexta;13:40:00;RJ;101;319.0;SAO GONCALO;Outras;Colisao traseira;Sem Vitimas;Pleno dia
698824;30/01/2010;Sabado;17:40:00;RJ;101;331.0;RIO DE JANEIRO;Outras;Colisao com objeto movel;Com Vitimas Feridas;Pleno dia
698956;07/05/2010;Sexta;09:40:00;RJ;101;315.0;SAO GONCALO;Outras;Saida de Pista;Com Vitimas Feridas;Pleno dia
699174;08/05/2010;Sabado;02:45:00;RJ;101;325.0;NITEROI;Outras;Colisao com objeto fixo;Com Vitimas Feridas;Plena noite
699195;08/05/2010;Sabado;04:15:00;RJ;101;314.0;SAO GONCALO;Outras;Capotamento;Sem Vitimas;Plena noite
699303;08/05/2010;Sabado;06:10:00;RJ;101;311.0;SAO GONCALO;Outras;Capotamento;Com Vitimas Fatais;Pleno dia
699390;08/05/2010;Sabado;06:30:00;RJ;101;311.0;SAO GONCALO;Outras;Colisao traseira;Sem Vitimas;Pleno dia
699504;08/05/2010;Sabado;17:50:00;RJ;101;321.0;NITEROI;Outras;Colisao traseira;Sem Vitimas;Anoitecer
699654;08/05/2010;Sabado;22:50:00;RJ;101;322.0;NITEROI;Nao guardar distancia de seguranca;Colisao traseira;Sem Vitimas;Plena noite
699656;08/05/2010;Sabado;15:00:00;RJ;101;323.0;NITEROI;Outras;Colisao traseira;Sem Vitimas;Pleno dia
699679;08/05/2010;Sabado;23:00:00;RJ;101;330.0;RIO DE JANEIRO;Outras;Colisao com objeto fixo;Sem Vitimas;Plena noite
699831;09/05/2010;Domingo;09:00:00;RJ;101;308.5;SAO GONCALO;Falta de atencao;Colisao traseira;Sem Vitimas;Pleno dia
699877;09/05/2010;Domingo;05:40:00;RJ;101;306.5;SAO GONCALO;Outras;Colisao frontal;Com Vitimas Feridas;Plena noite
699903;05/05/2010;Quarta;10:50:00;RJ;101;327.0;NITEROI;Outras;Colisao traseira;Com Vitimas Feridas;Pleno dia
700051;05/05/2010;Quarta;18:20:00;RJ;101;321.0;NITEROI;Falta de atencao;Colisao lateral;Sem Vitimas;Anoitecer
700191;09/05/2010;Domingo;20:20:00;RJ;101;323.0;NITEROI;Falta de atencao;Colisao traseira;Sem Vitimas;Plena noite
700215;09/05/2010;Domingo;20:30:00;RJ;101;323.0;NITEROI;Falta de atencao;Colisao traseira;Sem Vitimas;Anoitecer
700371;06/05/2010;Quinta;17:40:00;RJ;101;303.2;SAO GONCALO;Outras;Colisao traseira;Sem Vitimas;Anoitecer
700417;06/05/2010;Quinta;09:00:00;RJ;101;326.0;NITEROI;Outras;Queda de motocicleta / bicicleta / veiculo;Com Vitimas Feridas;Pleno dia
700423;09/05/2010;Domingo;03:30:00;RJ;101;308.5;SAO GONCALO;Outras;Colisao Transversal;Com Vitimas Feridas;Plena noite
700646;06/05/2010;Quinta;18:40:00;RJ;101;303.0;SAO GONCALO;Outras;Colisao traseira;Com Vitimas Feridas;Plena noite
700857;10/05/2010;Segunda;08:45:00;RJ;101;310.0;SAO GONCALO;Outras;Colisao lateral;Sem Vitimas;Pleno dia
700867;10/05/2010;Segunda;21:25:00;RJ;101;313.0;SAO GONCALO;Outras;Colisao lateral;Sem Vitimas;Plena noite
700927;03/05/2010;Segunda;12:20:00;RJ;101;322.0;NITEROI;Outras;Colisao lateral;Sem Vitimas;Pleno dia
701055;11/05/2010;Terca;06:40:00;RJ;101;327.0;NITEROI;Outras;Colisao traseira;Sem Vitimas;Pleno dia
701169;29/03/2010;Segunda;17:00:00;RJ;101;319.0;NITEROI;Ultrapassagem indevida;Colisao traseira;Sem Vitimas;Pleno dia
701333;11/05/2010;Terca;16:10:00;RJ;101;327.0;RIO DE JANEIRO;Outras;Colisao traseira;Sem Vitimas;Pleno dia
701444;07/05/2010;Sexta;11:00:00;RJ;101;332.0;RIO DE JANEIRO;Outras;Colisao traseira;Sem Vitimas;Pleno dia
701477;11/05/2010;Terca;20:10:00;RJ;101;304.0;SAO GONCALO;Outras;Colisao lateral;Sem Vitimas;Plena noite
701640;12/05/2010;Quarta;05:03:00;RJ;101;333.0;RIO DE JANEIRO;Outras;Colisao com objeto fixo;Sem Vitimas;Amanhecer
701915;09/05/2010;Domingo;05:20:00;RJ;101;332.0;RIO DE JANEIRO;Outras;Colisao traseira;Com Vitimas Feridas;Amanhecer
701933;12/05/2010;Quarta;16:45:00;RJ;101;323.0;NITEROI;Nao guardar distancia de seguranca;Colisao traseira;Sem Vitimas;Pleno dia
701985;12/05/2010;Quarta;05:00:00;RJ;101;309.0;SAO GONCALO;Outras;Saida de Pista;Sem Vitimas;Amanhecer
702047;09/05/2010;Domingo;21:30:00;RJ;101;331.0;RIO DE JANEIRO;Outras;Colisao traseira;Sem Vitimas;Plena noite
702200;09/05/2010;Domingo;22:30:00;RJ;101;302.0;SAO GONCALO;Falta de atencao;Atropelamento de pessoa;Com Vitimas Fatais;Plena noite
702202;09/05/2010;Domingo;17:00:00;RJ;101;322.0;NITEROI;Outras;Colisao lateral;Sem Vitimas;Pleno dia
702209;10/05/2010;Segunda;03:00:00;RJ;101;321.0;NITEROI;Outras;Colisao com objeto fixo;Sem Vitimas;Plena noite
702271;13/05/2010;Quinta;07:30:00;RJ;101;334.0;RIO DE JANEIRO;Outras;Colisao lateral;Sem Vitimas;Pleno dia
702423;12/05/2010;Quarta;16:40:00;RJ;101;324.0;NITEROI;Outras;Colisao traseira;Sem Vitimas;Pleno dia
702498;13/05/2010;Quinta;15:45:00;RJ;101;333.5;RIO DE JANEIRO;Outras;Colisao lateral;Sem Vitimas;Pleno dia
702512;13/05/2010;Quinta;12:10:00;RJ;101;319.0;NITEROI;Outras;Saida de Pista;Com Vitimas Fatais;Pleno dia
702570;13/05/2010;Quinta;17:10:00;RJ;101;317.0;SAO GONCALO;Outras;Colisao lateral;Sem Vitimas;Anoitecer
702630;13/05/2010;Quinta;15:58:00;RJ;101;333.5;RIO DE JANEIRO;Outras;Colisao lateral;Sem Vitimas;Pleno dia
702787;14/05/2010;Sexta;07:25:00;RJ;101;314.0;SAO GONCALO;Outras;Colisao lateral;Com Vitimas Feridas;Pleno dia
702963;10/05/2010;Segunda;08:00:00;RJ;101;311.0;SAO GONCALO;Outras;Queda de motocicleta / bicicleta / veiculo;Com Vitimas Feridas;Pleno dia
702998;14/05/2010;Sexta;15:51:00;RJ;101;323.0;NITEROI;Nao guardar distancia de seguranca;Colisao traseira;Sem Vitimas;Pleno dia
703122;10/05/2010;Segunda;16:20:00;RJ;101;313.0;SAO GONCALO;Outras;Colisao lateral;Sem Vitimas;Pleno dia
703250;11/05/2010;Terca;18:30:00;RJ;101;322.0;NITEROI;Outras;Colisao lateral;Sem Vitimas;Plena noite
703283;12/05/2010;Quarta;06:30:00;RJ;101;324.0;NITEROI;Outras;Colisao lateral;Sem Vitimas;Pleno dia
703295;15/05/2010;Sabado;08:00:00;RJ;101;311.0;SAO GONCALO;Outras;Colisao lateral;Sem Vitimas;Pleno dia
703416;15/05/2010;Sabado;13:05:00;RJ;101;315.0;SAO GONCALO;Outras;Saida de Pista;Sem Vitimas;Pleno dia
703586;15/05/2010;Sabado;21:30:00;RJ;101;311.5;SAO GONCALO;Outras;Capotamento;Sem Vitimas;Plena noite
703610;15/05/2010;Sabado;22:40:00;RJ;101;330.0;RIO DE JANEIRO;Outras;Colisao lateral;Sem Vitimas;Plena noite
703651;16/05/2010;Domingo;01:15:00;RJ;101;313.0;SAO GONCALO;Outras;Colisao frontal;Com Vitimas Feridas;Plena noite
703729;14/05/2010;Sexta;16:50:00;RJ;101;328.0;RIO DE JANEIRO;Outras;Colisao traseira;Sem Vitimas;Pleno dia
703748;14/05/2010;Sexta;06:50:00;RJ;101;321.0;NITEROI;Outras;Colisao traseira;Com Vitimas Feridas;Pleno dia
703753;12/05/2010;Quarta;16:45:00;RJ;101;324.0;NITEROI;Outras;Colisao traseira;Sem Vitimas;Pleno dia
703768;12/05/2010;Quarta;19:30:00;RJ;101;332.0;RIO DE JANEIRO;Outras;Colisao traseira;Sem Vitimas;Plena noite
703784;16/05/2010;Domingo;09:45:00;RJ;101;307.5;SAO GONCALO;Outras;Colisao com objeto fixo;Com Vitimas Feridas;Pleno dia
703927;16/05/2010;Domingo;19:00:00;RJ;101;322.0;NITEROI;Nao guardar distancia de seguranca;Colisao traseira;Sem Vitimas;Plena noite
704011;16/05/2010;Domingo;20:40:00;RJ;101;311.0;NITEROI;Outras;Capotamento;Com Vitimas Feridas;Plena noite
704194;14/05/2010;Sexta;03:45:00;RJ;101;330.0;RIO DE JANEIRO;Outras;Colisao com objeto fixo;Com Vitimas Feridas;Plena noite
704213;17/05/2010;Segunda;08:00:00;RJ;101;318.0;SAO GONCALO;Nao guardar distancia de seguranca;Colisao traseira;Sem Vitimas;Pleno dia
704357;17/05/2010;Segunda;12:14:00;RJ;101;330.0;RIO DE JANEIRO;Defeito mecanico em veiculo;Colisao com objeto movel;Sem Vitimas;Pleno dia
704431;12/02/2010;Sexta;06:45:00;RJ;101;329.0;NITEROI;Outras;Colisao traseira;Sem Vitimas;Amanhecer
704505;17/05/2010;Segunda;15:00:00;RJ;101;322.0;NITEROI;Outras;Colisao com objeto fixo;Sem Vitimas;Pleno dia
704932;14/05/2010;Sexta;23:25:00;RJ;101;307.7;SAO GONCALO;Outras;Atropelamento de pessoa;Com Vitimas Fatais;Plena noite
704964;18/05/2010;Terca;09:05:00;RJ;101;309.0;SAO GONCALO;Defeito mecanico em veiculo;Colisao traseira;Sem Vitimas;Pleno dia
704987;14/05/2010;Sexta;03:45:00;RJ;101;330.0;RIO DE JANEIRO;Outras;Colisao lateral;Sem Vitimas;Plena noite
705284;19/05/2010;Quarta;06:25:00;RJ;101;311.0;SAO GONCALO;Outras;Colisao traseira;Sem Vitimas;Pleno dia
705562;19/05/2010;Quarta;19:40:00;RJ;101;319.0;NITEROI;Outras;Colisao traseira;Sem Vitimas;Plena noite
705570;19/05/2010;Quarta;09:50:00;RJ;101;322.0;NITEROI;Outras;Colisao lateral;Sem Vitimas;Pleno dia
705593;19/05/2010;Quarta;19:50:00;RJ;101;328.0;NITEROI;Outras;Colisao traseira;Sem Vitimas;Plena noite
705861;20/05/2010;Quinta;19:30:00;RJ;101;308.0;SAO GONCALO;Falta de atencao;Colisao traseira;Sem Vitimas;Pleno dia
705864;20/05/2010;Quinta;18:30:00;RJ;101;328.0;NITEROI;Outras;Colisao traseira;Sem Vitimas;Plena noite
705969;20/05/2010;Quinta;23:15:00;RJ;101;332.0;RIO DE JANEIRO;Falta de atencao;Colisao lateral;Sem Vitimas;Plena noite
706063;17/05/2010;Segunda;20:36:00;RJ;101;330.0;RIO DE JANEIRO;Outras;Colisao lateral;Sem Vitimas;Plena noite
706113;13/05/2010;Quinta;14:10:00;RJ;101;325.0;NITEROI;Outras;Queda de motocicleta / bicicleta / veiculo;Com Vitimas Feridas;Pleno dia
706189;21/05/2010;Sexta;12:00:00;RJ;101;309.0;SAO GONCALO;Outras;Saida de Pista;Sem Vitimas;Pleno dia
706486;21/05/2010;Sexta;23:21:00;RJ;101;329.0;RIO DE JANEIRO;Outras;Colisao com objeto movel;Sem Vitimas;Plena noite
706496;21/05/2010;Sexta;19:00:00;RJ;101;319.0;SAO GONCALO;Outras;Colisao traseira;Sem Vitimas;Pleno dia
706880;22/05/2010;Sabado;15:40:00;RJ;101;316.0;SAO GONCALO;Outras;Saida de Pista;Sem Vitimas;Pleno dia
706953;18/05/2010;Terca;19:00:00;RJ;101;321.0;NITEROI;Falta de atencao;Colisao traseira;Sem Vitimas;Plena noite
706989;22/05/2010;Sabado;02:36:00;RJ;101;333.0;RIO DE JANEIRO;Velocidade incompativel;Capotamento;Com Vitimas Feridas;Plena noite
707000;22/05/2010;Sabado;16:20:00;RJ;101;320.0;NITEROI;Outras;Colisao lateral;Sem Vitimas;Pleno dia
707335;23/05/2010;Domingo;16:20:00;RJ;101;307.0;SAO GONCALO;Outras;Colisao traseira;Sem Vitimas;Pleno dia
707427;23/05/2010;Domingo;20:00:00;RJ;101;303.9;SAO GONCALO;Outras;Capotamento;Sem Vitimas;Plena noite
707673;24/05/2010;Segunda;06:05:00;RJ;101;312.0;SAO GONCALO;Outras;Colisao traseira;Sem Vitimas;Pleno dia
707697;24/05/2010;Segunda;09:25:00;RJ;101;334.0;RIO DE JANEIRO;Falta de atencao;Colisao traseira;Sem Vitimas;Pleno dia
707811;21/05/2010;Sexta;22:40:00;RJ;101;321.0;NITEROI;Outras;Colisao lateral;Sem Vitimas;Plena noite
707924;25/05/2010;Terca;06:35:00;RJ;101;313.0;SAO GONCALO;Falta de atencao;Colisao traseira;Com Vitimas Feridas;Amanhecer
707966;21/05/2010;Sexta;08:11:00;RJ;101;331.0;RIO DE JANEIRO;Outras;Colisao lateral;Sem Vitimas;Pleno dia
708023;24/05/2010;Segunda;14:00:00;RJ;101;324.0;NITEROI;Defeito mecanico em veiculo;Colisao traseira;Sem Vitimas;Pleno dia
708160;25/05/2010;Terca;16:25:00;RJ;101;322.0;RIO DE JANEIRO;Falta de atencao;Colisao lateral;Sem Vitimas;Pleno dia
708268;25/05/2010;Terca;18:40:00;RJ;101;322.0;NITEROI;Outras;Colisao lateral;Sem Vitimas;Anoitecer
708273;22/05/2010;Sabado;05:40:00;RJ;101;306.0;SAO GONCALO;Outras;Saida de Pista;Com Vitimas Feridas;Plena noite
708526;10/05/2010;Segunda;17:14:00;RJ;101;322.0;NITEROI;Outras;Colisao traseira;Com Vitimas Feridas;Anoitecer
708559;23/05/2010;Domingo;04:10:00;RJ;101;323.0;NITEROI;Outras;Colisao traseira;Sem Vitimas;Plena noite
708861;22/05/2010;Sabado;15:55:00;RJ;101;312.0;SAO GONCALO;Outras;Capotamento;Com Vitimas Feridas;Pleno dia
708932;19/05/2010;Quarta;23:00:00;RJ;101;319.0;NITEROI;Outras;Colisao lateral;Sem Vitimas;Plena noite
709208;14/05/2010;Sexta;06:40:00;RJ;101;320.0;NITEROI;Outras;Colisao traseira;Sem Vitimas;Pleno dia
709268;13/04/2010;Terca;10:00:00;RJ;101;333.0;RIO DE JANEIRO;Outras;Colisao traseira;Com Vitimas Feridas;Pleno dia
709429;27/05/2010;Quinta;22:20:00;RJ;101;323.0;NITEROI;Outras;Colisao traseira;Com Vitimas Feridas;Plena noite
709503;24/05/2010;Segunda;20:00:00;RJ;101;321.0;NITEROI;Outras;Colisao traseira;Sem Vitimas;Plena noite
709526;28/05/2010;Sexta;07:50:00;RJ;101;320.0;NITEROI;Nao guardar distancia de seguranca;Colisao lateral;Sem Vitimas;Pleno dia
709560;28/05/2010;Sexta;07:00:00;RJ;101;334.0;RIO DE JANEIRO;Outras;Colisao traseira;Sem Vitimas;Amanhecer
709784;28/05/2010;Sexta;11:20:00;RJ;101;330.0;RIO DE JANEIRO;Falta de atencao;Colisao traseira;Sem Vitimas;Pleno dia
709933;28/05/2010;Sexta;16:30:00;RJ;101;321.0;NITEROI;Falta de atencao;Colisao traseira;Sem Vitimas;Pleno dia
709952;24/05/2010;Segunda;20:20:00;RJ;101;307.0;SAO GONCALO;Falta de atencao;Colisao lateral;Sem Vitimas;Plena noite
709984;24/05/2010;Segunda;11:40:00;RJ;101;322.0;NITEROI;Outras;Colisao traseira;Com Vitimas Feridas;Pleno dia
710001;24/05/2010;Segunda;20:30:00;RJ;101;307.0;SAO GONCALO;Nao guardar distancia de seguranca;Colisao traseira;Sem Vitimas;Plena noite
710015;28/05/2010;Sexta;19:50:00;RJ;101;322.0;NITEROI;Outras;Colisao lateral;Sem Vitimas;Plena noite
710192;29/05/2010;Sabado;05:30:00;RJ;101;326.0;NITEROI;Falta de atencao;Colisao traseira;Sem Vitimas;Plena noite
710247;29/05/2010;Sabado;07:30:00;RJ;101;313.0;SAO GONCALO;Outras;Colisao lateral;Sem Vitimas;Pleno dia
710300;29/05/2010;Sabado;11:50:00;RJ;101;310.0;SAO GONCALO;Outras;Colisao traseira;Sem Vitimas;Pleno dia
710456;29/05/2010;Sabado;16:30:00;RJ;101;322.0;NITEROI;Outras;Atropelamento de pessoa;Com Vitimas Feridas;Pleno dia
710682;26/05/2010;Quarta;20:00:00;RJ;101;334.0;RIO DE JANEIRO;Falta de atencao;Colisao traseira;Sem Vitimas;Plena noite
710790;24/05/2010;Segunda;16:00:00;RJ;101;310.0;SAO GONCALO;Outras;Atropelamento de pessoa;Sem Vitimas;Pleno dia
710902;22/05/2010;Sabado;12:40:00;RJ;101;321.0;NITEROI;Nao guardar distancia de seguranca;Colisao lateral;Sem Vitimas;Pleno dia
710922;22/05/2010;Sabado;21:00:00;RJ;101;331.0;RIO DE JANEIRO;Nao guardar distancia de seguranca;Colisao traseira;Sem Vitimas;Plena noite
711134;31/05/2010;Segunda;06:00:00;RJ;101;306.7;SAO GONCALO;Outras;Colisao com bicicleta;Com Vitimas Fatais;Amanhecer
711205;28/05/2010;Sexta;11:30:00;RJ;101;320.0;NITEROI;Outras;Colisao traseira;Sem Vitimas;Pleno dia
711395;24/05/2010;Segunda;20:40:00;RJ;101;307.0;SAO GONCALO;Nao guardar distancia de seguranca;Colisao traseira;Sem Vitimas;Plena noite
711556;31/05/2010;Segunda;19:00:00;RJ;101;315.8;SAO GONCALO;Outras;Atropelamento de pessoa;Com Vitimas Feridas;Plena noite
711684;31/05/2010;Segunda;22:30:00;RJ;101;322.0;NITEROI;Outras;Colisao lateral;Sem Vitimas;Plena noite
711685;27/05/2010;Quinta;22:20:00;RJ;101;322.0;NITEROI;Outras;Colisao lateral;Sem Vitimas;Plena noite
711810;01/06/2010;Terca;09:00:00;RJ;101;322.0;NITEROI;Outras;Colisao com objeto fixo;Sem Vitimas;Pleno dia
711854;01/06/2010;Terca;10:40:00;RJ;101;327.0;NITEROI;Outras;Colisao traseira;Com Vitimas Feridas;Pleno dia
711858;24/05/2010;Segunda;23:00:00;RJ;101;321.0;NITEROI;Outras;Colisao traseira;Sem Vitimas;Plena noite
712072;01/06/2010;Terca;17:00:00;RJ;101;332.0;RIO DE JANEIRO;Outras;Colisao lateral;Sem Vitimas;Pleno dia
712194;01/06/2010;Terca;20:20:00;RJ;101;322.0;NITEROI;Outras;Colisao lateral;Sem Vitimas;Plena noite
712308;02/06/2010;Quarta;07:10:00;RJ;101;318.0;SAO GONCALO;Outras;Colisao lateral;Com Vitimas Feridas;Amanhecer
712372;25/05/2010;Terca;19:10:00;RJ;101;322.0;NITEROI;Outras;Colisao lateral;Sem Vitimas;Plena noite
712527;02/06/2010;Quarta;15:30:00;RJ;101;323.0;NITEROI;Nao guardar distancia de seguranca;Colisao traseira;Sem Vitimas;Pleno dia
712535;02/06/2010;Quarta;15:37:00;RJ;101;322.0;NITEROI;Outras;Colisao lateral;Sem Vitimas;Pleno dia
712586;02/06/2010;Quarta;18:20:00;RJ;101;319.0;SAO GONCALO;Nao guardar distancia de seguranca;Colisao traseira;Sem Vitimas;Plena noite
712634;02/06/2010;Quarta;12:40:00;RJ;101;306.0;SAO GONCALO;Outras;Atropelamento de pessoa;Com Vitimas Feridas;Pleno dia
712679;02/06/2010;Quarta;21:00:00;RJ;101;327.0;NITEROI;Outras;Colisao traseira;Sem Vitimas;Plena noite
712702;02/06/2010;Quarta;19:45:00;RJ;101;334.0;RIO DE JANEIRO;Falta de atencao;Danos Eventuais;Sem Vitimas;Plena noite
712704;02/06/2010;Quarta;19:30:00;RJ;101;320.0;NITEROI;Outras;Colisao traseira;Sem Vitimas;Plena noite
712746;02/06/2010;Quarta;21:40:00;RJ;101;322.0;NITEROI;Falta de atencao;Colisao lateral;Sem Vitimas;Plena noite
712765;02/06/2010;Quarta;23:00:00;RJ;101;333.0;RIO DE JANEIRO;Outras;Colisao traseira;Sem Vitimas;Plena noite
713140;03/06/2010;Quinta;13:40:00;RJ;101;314.0;SAO GONCALO;Outras;Colisao com objeto movel;Sem Vitimas;Pleno dia
713326;31/05/2010;Segunda;07:40:00;RJ;101;315.0;SAO GONCALO;Outras;Queda de motocicleta / bicicleta / veiculo;Sem Vitimas;Pleno dia
713328;31/05/2010;Segunda;07:00:00;RJ;101;322.0;NITEROI;Outras;Colisao lateral;Sem Vitimas;Amanhecer
713380;04/06/2010;Sexta;08:30:00;RJ;101;322.0;NITEROI;Outras;Colisao traseira;Sem Vitimas;Pleno dia
713612;31/05/2010;Segunda;07:20:00;RJ;101;322.0;NITEROI;Outras;Colisao lateral;Sem Vitimas;Pleno dia
713613;04/06/2010;Sexta;17:30:00;RJ;101;322.0;NITEROI;Outras;Colisao com objeto movel;Sem Vitimas;Anoitecer
713620;01/06/2010;Terca;18:00:00;RJ;101;322.0;NITEROI;Outras;Colisao traseira;Sem Vitimas;Plena noite
713644;04/06/2010;Sexta;18:10:00;RJ;101;322.0;NITEROI;Outras;Colisao lateral;Sem Vitimas;Anoitecer
713686;04/06/2010;Sexta;19:40:00;RJ;101;326.0;NITEROI;Outras;Colisao traseira;Sem Vitimas;Plena noite
713727;04/06/2010;Sexta;21:10:00;RJ;101;307.0;SAO GONCALO;Outras;Saida de Pista;Sem Vitimas;Plena noite
713882;05/06/2010;Sabado;06:45:00;RJ;101;322.0;NITEROI;Outras;Colisao traseira;Sem Vitimas;Pleno dia
713932;05/06/2010;Sabado;08:40:00;RJ;101;321.0;NITEROI;Outras;Colisao com objeto fixo;Sem Vitimas;Pleno dia
714709;06/06/2010;Domingo;19:55:00;RJ;101;313.0;SAO GONCALO;Outras;Colisao lateral;Sem Vitimas;Plena noite
714914;07/06/2010;Segunda;07:00:00;RJ;101;312.0;SAO GONCALO;Outras;Colisao traseira;Sem Vitimas;Amanhecer
714956;07/06/2010;Segunda;07:15:00;RJ;101;317.0;SAO GONCALO;Outras;Colisao lateral;Com Vitimas Feridas;Pleno dia
715059;07/06/2010;Segunda;09:00:00;RJ;101;323.0;NITEROI;Outras;Colisao lateral;Com Vitimas Feridas;Pleno dia
715277;07/06/2010;Segunda;19:00:00;RJ;101;326.0;NITEROI;Falta de atencao;Colisao traseira;Sem Vitimas;Plena noite
715802;08/06/2010;Terca;18:20:00;RJ;101;322.0;NITEROI;Outras;Colisao traseira;Sem Vitimas;Plena noite
715810;05/06/2010;Sabado;02:30:00;RJ;101;309.0;SAO GONCALO;Outras;Saida de Pista;Sem Vitimas;Plena noite
715876;08/06/2010;Terca;20:30:00;RJ;101;324.0;NITEROI;Nao guardar distancia de seguranca;Colisao traseira;Sem Vitimas;Plena noite
715928;08/06/2010;Terca;22:20:00;RJ;101;321.0;NITEROI;Outras;Colisao lateral;Sem Vitimas;Plena noite
716281;09/06/2010;Quarta;17:10:00;RJ;101;321.0;NITEROI;Outras;Colisao traseira;Sem Vitimas;Anoitecer
716404;09/06/2010;Quarta;18:15:00;RJ;101;321.0;NITEROI;Falta de atencao;Colisao lateral;Sem Vitimas;Plena noite
716772;10/06/2010;Quinta;17:10:00;RJ;101;303.0;SAO GONCALO;Outras;Capotamento;Com Vitimas Feridas;Pleno dia
716799;10/06/2010;Quinta;15:44:00;RJ;101;302.1;SAO GONCALO;Outras;Atropelamento de animal;Sem Vitimas;Pleno dia
716941;10/06/2010;Quinta;22:40:00;RJ;101;333.0;RIO DE JANEIRO;Outras;Colisao lateral;Sem Vitimas;Plena noite
717036;30/05/2010;Domingo;14:30:00;RJ;101;325.0;NITEROI;Outras;Colisao traseira;Sem Vitimas;Pleno dia
717205;05/04/2010;Segunda;06:20:00;RJ;101;312.0;SAO GONCALO;Outras;Colisao traseira;Sem Vitimas;Amanhecer
717247;08/06/2010;Terca;00:24:00;RJ;101;312.0;SAO GONCALO;Animais na Pista;Colisao lateral;Sem Vitimas;Plena noite
717572;11/06/2010;Sexta;15:30:00;RJ;101;321.0;RIO DE JANEIRO;Falta de atencao;Colisao traseira;Com Vitimas Feridas;Pleno dia
717577;12/06/2010;Sabado;06:20:00;RJ;101;304.0;SAO GONCALO;Ingestao de alcool;Saida de Pista;Com Vitimas Fatais;Pleno dia
717782;12/06/2010;Sabado;15:30:00;RJ;101;328.0;RIO DE JANEIRO;Outras;Colisao traseira;Com Vitimas Feridas;Pleno dia
717807;12/06/2010;Sabado;14:05:00;RJ;101;322.0;NITEROI;Outras;Colisao lateral;Sem Vitimas;Pleno dia
717993;13/06/2010;Domingo;01:00:00;RJ;101;307.5;SAO GONCALO;Outras;Atropelamento de animal;Com Vitimas Feridas;Plena noite
718000;13/06/2010;Domingo;01:00:00;RJ;101;307.0;SAO GONCALO;Animais na Pista;Atropelamento de animal;Sem Vitimas;Plena noite
718177;13/06/2010;Domingo;11:30:00;RJ;101;314.0;SAO GONCALO;Desobediencia a sinalizacao;Colisao frontal;Sem Vitimas;Pleno dia
718745;13/06/2010;Domingo;00:20:00;RJ;101;324.0;NITEROI;Ingestao de alcool;Colisao traseira;Sem Vitimas;Plena noite
718839;10/06/2010;Quinta;06:34:00;RJ;101;330.0;RIO DE JANEIRO;Outras;Colisao traseira;Sem Vitimas;Pleno dia
718947;14/06/2010;Segunda;09:20:00;RJ;101;333.0;RIO DE JANEIRO;Outras;Colisao traseira;Sem Vitimas;Pleno dia
718960;10/06/2010;Quinta;21:12:00;RJ;101;331.0;NITEROI;Ingestao de alcool;Colisao com objeto movel;Com Vitimas Feridas;Plena noite
718968;14/06/2010;Segunda;23:10:00;RJ;101;321.0;NITEROI;Outras;Colisao com objeto fixo;Sem Vitimas;Plena noite
719061;15/06/2010;Terca;06:50:00;RJ;101;319.0;SAO GONCALO;Outras;Colisao lateral;Sem Vitimas;Pleno dia
719088;11/06/2010;Sexta;20:30:00;RJ;101;319.0;SAO GONCALO;Falta de atencao;Colisao traseira;Sem Vitimas;Plena noite
719156;14/06/2010;Segunda;18:00:00;RJ;101;308.0;SAO GONCALO;Falta de atencao;Colisao traseira;Com Vitimas Feridas;Pleno dia
719175;15/06/2010;Terca;13:30:00;RJ;101;322.0;NITEROI;Outras;Colisao traseira;Sem Vitimas;Pleno dia
719207;15/06/2010;Terca;13:50:00;RJ;101;322.0;NITEROI;Falta de atencao;Colisao lateral;Sem Vitimas;Pleno dia
719235;15/06/2010;Terca;15:00:00;RJ;101;322.0;NITEROI;Outras;Atropelamento de pessoa;Com Vitimas Feridas;Pleno dia
719247;14/06/2010;Segunda;08:00:00;RJ;101;314.0;SAO GONCALO;Falta de atencao;Colisao traseira;Sem Vitimas;Pleno dia
719410;12/06/2010;Sabado;11:00:00;RJ;101;311.0;SAO GONCALO;Outras;Colisao traseira;Sem Vitimas;Pleno dia
719831;16/06/2010;Quarta;18:30:00;RJ;101;320.0;NITEROI;Nao guardar distancia de seguranca;Colisao lateral;Sem Vitimas;Plena noite
719847;16/06/2010;Quarta;20:00:00;RJ;101;322.0;NITEROI;Outras;Capotamento;Sem Vitimas;Plena noite
719900;16/06/2010;Quarta;21:20:00;RJ;101;322.0;NITEROI;Defeito mecanico em veiculo;Colisao traseira;Sem Vitimas;Plena noite
719975;17/06/2010;Quinta;00:05:00;RJ;101;318.0;SAO GONCALO;Outras;Saida de Pista;Sem Vitimas;Plena noite
720065;17/06/2010;Quinta;06:04:00;RJ;101;307.0;SAO GONCALO;Outras;Atropelamento de pessoa;Com Vitimas Fatais;Amanhecer
720099;17/06/2010;Quinta;09:15:00;RJ;101;320.0;NITEROI;Falta de atencao;Colisao traseira;Sem Vitimas;Pleno dia
720261;17/06/2010;Quinta;16:50:00;RJ;101;321.0;NITEROI;Falta de atencao;Colisao traseira;Sem Vitimas;Pleno dia
720286;17/06/2010;Quinta;15:30:00;RJ;101;319.0;SAO GONCALO;Outras;Colisao lateral;Sem Vitimas;Pleno dia
720323;17/06/2010;Quinta;18:50:00;RJ;101;322.0;NITEROI;Outras;Colisao lateral;Sem Vitimas;Plena noite
720335;17/06/2010;Quinta;18:30:00;RJ;101;320.0;NITEROI;Nao guardar distancia de seguranca;Colisao traseira;Sem Vitimas;Plena noite
720343;17/06/2010;Quinta;20:20:00;RJ;101;322.0;NITEROI;Outras;Colisao lateral;Sem Vitimas;Plena noite
720423;14/06/2010;Segunda;04:40:00;RJ;101;323.0;NITEROI;Outras;Colisao traseira;Sem Vitimas;Amanhecer
720555;18/06/2010;Sexta;08:00:00;RJ;101;314.0;SAO GONCALO;Outras;Colisao frontal;Com Vitimas Feridas;Pleno dia
720594;18/06/2010;Sexta;08:20:00;RJ;101;319.0;NITEROI;Falta de atencao;Colisao traseira;Sem Vitimas;Pleno dia
720928;18/06/2010;Sexta;19:00:00;RJ;101;323.0;NITEROI;Outras;Colisao traseira;Com Vitimas Feridas;Plena noite
720997;18/06/2010;Sexta;18:50:00;RJ;101;306.0;SAO GONCALO;Falta de atencao;Colisao traseira;Sem Vitimas;Anoitecer
721239;18/06/2010;Sexta;05:45:00;RJ;101;330.0;RIO DE JANEIRO;Outras;Colisao com objeto fixo;Sem Vitimas;Plena noite
721293;19/06/2010;Sabado;16:00:00;RJ;101;320.0;NITEROI;Nao guardar distancia de seguranca;Colisao lateral;Sem Vitimas;Pleno dia
721546;20/06/2010;Domingo;06:40:00;RJ;101;330.0;RIO DE JANEIRO;Dormindo;Colisao com objeto fixo;Sem Vitimas;Pleno dia
721824;21/06/2010;Segunda;00:05:00;RJ;101;303.0;SAO GONCALO;Outras;Queda de motocicleta / bicicleta / veiculo;Com Vitimas Feridas;Plena noite
722118;21/06/2010;Segunda;07:00:00;RJ;101;317.0;SAO GONCALO;Ingestao de alcool;Saida de Pista;Sem Vitimas;Pleno dia
722515;10/02/2010;Quarta;03:45:00;RJ;101;304.0;SAO GONCALO;Falta de atencao;Colisao traseira;Com Vitimas Feridas;Plena noite
722536;22/06/2010;Terca;08:50:00;RJ;101;330.0;NITEROI;Falta de atencao;Colisao traseira;Sem Vitimas;Pleno dia
722788;22/06/2010;Terca;18:40:00;RJ;101;322.0;NITEROI;Outras;Colisao lateral;Sem Vitimas;Plena noite
722918;22/06/2010;Terca;09:00:00;RJ;101;319.0;NITEROI;Outras;Colisao lateral;Sem Vitimas;Pleno dia
722976;23/06/2010;Quarta;02:10:00;RJ;101;316.0;SAO GONCALO;Outras;Colisao traseira;Com Vitimas Feridas;Plena noite
723267;23/06/2010;Quarta;17:00:00;RJ;101;322.0;NITEROI;Falta de atencao;Colisao traseira;Sem Vitimas;Plena noite
723649;24/06/2010;Quinta;12:10:00;RJ;101;322.0;NITEROI;Outras;Colisao traseira;Com Vitimas Feridas;Pleno dia
723789;24/06/2010;Quinta;16:20:00;RJ;101;321.0;NITEROI;Outras;Colisao lateral;Sem Vitimas;Pleno dia
724371;25/06/2010;Sexta;19:30:00;RJ;101;310.5;SAO GONCALO;Outras;Colisao traseira;Com Vitimas Feridas;Plena noite
724526;26/06/2010;Sabado;06:10:00;RJ;101;306.0;SAO GONCALO;Outras;Saida de Pista;Sem Vitimas;Amanhecer
724765;26/06/2010;Sabado;16:30:00;RJ;101;325.0;RIO DE JANEIRO;Falta de atencao;Colisao traseira;Sem Vitimas;Pleno dia
724806;23/06/2010;Quarta;05:15:00;RJ;101;321.0;NITEROI;Outras;Queda de motocicleta / bicicleta / veiculo;Com Vitimas Feridas;Amanhecer
724837;26/06/2010;Sabado;08:30:00;RJ;101;325.0;NITEROI;Outras;Colisao lateral;Sem Vitimas;Pleno dia
725137;27/06/2010;Domingo;16:44:00;RJ;101;330.0;RIO DE JANEIRO;Outras;Colisao traseira;Sem Vitimas;Pleno dia
725166;15/06/2010;Terca;15:00:00;RJ;101;322.0;NITEROI;Outras;Colisao lateral;Sem Vitimas;Pleno dia
725343;28/06/2010;Segunda;06:30:00;RJ;101;310.0;SAO GONCALO;Outras;Colisao traseira;Sem Vitimas;Pleno dia
725378;28/06/2010;Segunda;08:00:00;RJ;101;317.0;SAO GONCALO;Falta de atencao;Colisao traseira;Sem Vitimas;Pleno dia
725422;11/05/2010;Terca;22:00:00;RJ;101;312.0;SAO GONCALO;Outras;Colisao com objeto fixo;Sem Vitimas;Plena noite
725454;28/06/2010;Segunda;10:50:00;RJ;101;327.0;NITEROI;Defeito mecanico em veiculo;Colisao traseira;Sem Vitimas;Pleno dia
725556;28/06/2010;Segunda;14:30:00;RJ;101;324.0;NITEROI;Nao guardar distancia de seguranca;Colisao traseira;Com Vitimas Feridas;Pleno dia
725662;28/06/2010;Segunda;15:40:00;RJ;101;320.0;NITEROI;Outras;Colisao traseira;Sem Vitimas;Pleno dia
726198;29/06/2010;Terca;19:15:00;RJ;101;324.0;NITEROI;Falta de atencao;Colisao traseira;Sem Vitimas;Plena noite
726353;30/06/2010;Quarta;06:40:00;RJ;101;330.0;RIO DE JANEIRO;Outras;Colisao lateral;Sem Vitimas;Amanhecer
726423;05/05/2010;Quarta;20:47:00;RJ;101;333.0;RIO DE JANEIRO;Outras;Colisao traseira;Sem Vitimas;Plena noite
726565;30/06/2010;Quarta;16:00:00;RJ;101;310.0;SAO GONCALO;Outras;Colisao traseira;Sem Vitimas;Pleno dia
726633;30/06/2010;Quarta;17:21:00;RJ;101;313.0;SAO GONCALO;Outras;Colisao com objeto fixo;Com Vitimas Feridas;Pleno dia
726750;30/06/2010;Quarta;20:13:00;RJ;101;322.0;NITEROI;Outras;Colisao traseira;Sem Vitimas;Plena noite
726835;23/02/2010;Terca;16:30:00;RJ;101;322.0;NITEROI;Outras;Colisao traseira;Sem Vitimas;Pleno dia
726848;29/06/2010;Terca;10:35:00;RJ;101;333.0;RIO DE JANEIRO;Outras;Colisao traseira;Com Vitimas Feridas;Pleno dia
726918;01/07/2010;Quinta;07:30:00;RJ;101;319.0;NITEROI;Outras;Atropelamento de pessoa;Com Vitimas Feridas;Pleno dia
727182;01/07/2010;Quinta;19:20:00;RJ;101;319.0;SAO GONCALO;Outras;Colisao traseira;Sem Vitimas;Plena noite
727415;02/07/2010;Sexta;11:00:00;RJ;101;326.0;NITEROI;Outras;Colisao lateral;Com Vitimas Feridas;Pleno dia
727422;02/07/2010;Sexta;10:35:00;RJ;101;299.9;SAO GONCALO;Outras;Colisao traseira;Sem Vitimas;Pleno dia
727547;02/07/2010;Sexta;16:00:00;RJ;101;316.5;SAO GONCALO;Outras;Capotamento;Sem Vitimas;Pleno dia
727556;26/06/2010;Sabado;15:00:00;RJ;101;322.0;NITEROI;Outras;Colisao lateral;Sem Vitimas;Pleno dia
727583;02/07/2010;Sexta;18:00:00;RJ;101;314.0;SAO GONCALO;Ingestao de alcool;Colisao traseira;Com Vitimas Feridas;Plena noite
727664;02/07/2010;Sexta;18:38:00;RJ;101;318.0;SAO GONCALO;Outras;Colisao frontal;Com Vitimas Feridas;Plena noite
727807;03/07/2010;Sabado;06:04:00;RJ;101;334.0;RIO DE JANEIRO;Falta de atencao;Colisao traseira;Sem Vitimas;Amanhecer
727967;03/07/2010;Sabado;12:20:00;RJ;101;323.0;NITEROI;Falta de atencao;Colisao traseira;Sem Vitimas;Pleno dia
728067;19/06/2010;Sabado;16:30:00;RJ;101;321.0;NITEROI;Outras;Colisao traseira;Sem Vitimas;Pleno dia
728304;30/06/2010;Quarta;18:30:00;RJ;101;325.0;NITEROI;Falta de atencao;Colisao traseira;Sem Vitimas;Plena noite
728428;04/07/2010;Domingo;18:30:00;RJ;101;307.0;SAO GONCALO;Outras;Colisao traseira;Sem Vitimas;Pleno dia
728491;04/07/2010;Domingo;20:40:00;RJ;101;322.0;NITEROI;Nao guardar distancia de seguranca;Colisao traseira;Sem Vitimas;Plena noite
728608;01/07/2010;Quinta;23:59:00;RJ;101;321.0;NITEROI;Falta de atencao;Colisao lateral;Sem Vitimas;Plena noite
728609;01/07/2010;Quinta;10:59:00;RJ;101;330.0;RIO DE JANEIRO;Outras;Colisao traseira;Com Vitimas Feridas;Pleno dia
728739;05/07/2010;Segunda;07:00:00;RJ;101;334.0;RIO DE JANEIRO;Falta de atencao;Colisao traseira;Sem Vitimas;Pleno dia
728773;05/07/2010;Segunda;08:50:00;RJ;101;317.0;NITEROI;Outras;Colisao traseira;Sem Vitimas;Pleno dia
728939;05/07/2010;Segunda;16:00:00;RJ;101;323.0;NITEROI;Falta de atencao;Colisao traseira;Sem Vitimas;Pleno dia
729077;05/07/2010;Segunda;23:24:00;RJ;101;322.0;NITEROI;Velocidade incompativel;Colisao lateral;Sem Vitimas;Plena noite
729201;06/07/2010;Terca;07:15:00;RJ;101;325.0;NITEROI;Nao guardar distancia de seguranca;Colisao traseira;Sem Vitimas;Pleno dia
729221;06/07/2010;Terca;08:35:00;RJ;101;329.0;RIO DE JANEIRO;Nao guardar distancia de seguranca;Colisao traseira;Com Vitimas Feridas;Pleno dia
729242;06/07/2010;Terca;08:10:00;RJ;101;332.0;NITEROI;Outras;Colisao traseira;Sem Vitimas;Pleno dia
729276;06/07/2010;Terca;11:41:00;RJ;101;320.0;NITEROI;Outras;Colisao lateral;Sem Vitimas;Pleno dia
729302;06/07/2010;Terca;12:45:00;RJ;101;326.0;NITEROI;Outras;Colisao traseira;Com Vitimas Feridas;Pleno dia
729446;06/07/2010;Terca;19:30:00;RJ;101;322.0;NITEROI;Outras;Colisao com objeto movel;Sem Vitimas;Plena noite
729573;06/07/2010;Terca;22:30:00;RJ;101;315.0;SAO GONCALO;Outras;Colisao frontal;Com Vitimas Fatais;Plena noite
729644;06/07/2010;Terca;17:50:00;RJ;101;333.0;RIO DE JANEIRO;Nao guardar distancia de seguranca;Colisao lateral;Com Vitimas Feridas;Anoitecer
729746;07/07/2010;Quarta;07:00:00;RJ;101;319.0;RIO DE JANEIRO;Outras;Colisao traseira;Sem Vitimas;Pleno dia
729893;07/07/2010;Quarta;16:00:00;RJ;101;321.0;NITEROI;Outras;Colisao com objeto fixo;Sem Vitimas;Pleno dia
729985;07/07/2010;Quarta;19:00:00;RJ;101;322.0;NITEROI;Falta de atencao;Colisao traseira;Sem Vitimas;Plena noite
730141;08/07/2010;Quinta;08:00:00;RJ;101;302.0;SAO GONCALO;Outras;Capotamento;Com Vitimas Feridas;Pleno dia
730325;08/07/2010;Quinta;16:45:00;RJ;101;326.0;NITEROI;Outras;Colisao lateral;Sem Vitimas;Pleno dia
730356;08/07/2010;Quinta;08:01:00;RJ;101;329.0;RIO DE JANEIRO;Outras;Colisao com objeto fixo;Sem Vitimas;Pleno dia
730357;08/07/2010;Quinta;17:00:00;RJ;101;324.0;NITEROI;Outras;Colisao traseira;Sem Vitimas;Anoitecer
730445;08/07/2010;Quinta;20:45:00;RJ;101;331.0;RIO DE JANEIRO;Nao guardar distancia de seguranca;Colisao traseira;Com Vitimas Feridas;Plena noite
730704;08/07/2010;Quinta;06:50:00;RJ;101;299.0;SAO GONCALO;Outras;Capotamento;Com Vitimas Feridas;Pleno dia
730755;06/07/2010;Terca;03:20:00;RJ;101;311.0;SAO GONCALO;Animais na Pista;Atropelamento de animal;Sem Vitimas;Plena noite
730779;06/07/2010;Terca;03:20:00;RJ;101;311.0;SAO GONCALO;Animais na Pista;Atropelamento de animal;Sem Vitimas;Plena noite
730780;05/07/2010;Segunda;18:00:00;RJ;101;319.0;SAO GONCALO;Outras;Colisao traseira;Sem Vitimas;Plena noite
730845;09/07/2010;Sexta;18:15:00;RJ;101;323.0;NITEROI;Outras;Queda de motocicleta / bicicleta / veiculo;Com Vitimas Feridas;Plena noite
730867;07/07/2010;Quarta;10:00:00;RJ;101;334.0;RIO DE JANEIRO;Outras;Colisao traseira;Sem Vitimas;Pleno dia
730874;09/07/2010;Sexta;18:45:00;RJ;101;334.0;RIO DE JANEIRO;Falta de atencao;Colisao traseira;Sem Vitimas;Plena noite
731367;10/07/2010;Sabado;17:40:00;RJ;101;324.0;NITEROI;Outras;Colisao traseira;Com Vitimas Feridas;Anoitecer
731397;10/07/2010;Sabado;17:15:00;RJ;101;334.0;RIO DE JANEIRO;Nao guardar distancia de seguranca;Colisao lateral;Sem Vitimas;Anoitecer
731875;11/07/2010;Domingo;13:30:00;RJ;101;322.0;NITEROI;Falta de atencao;Colisao lateral;Com Vitimas Feridas;Pleno dia
731900;11/07/2010;Domingo;18:00:00;RJ;101;308.0;SAO GONCALO;Outras;Colisao lateral;Sem Vitimas;Plena noite
732176;12/07/2010;Segunda;07:35:00;RJ;101;316.0;SAO GONCALO;Outras;Colisao lateral;Com Vitimas Feridas;Pleno dia
732180;12/07/2010;Segunda;09:10:00;RJ;101;319.0;SAO GONCALO;Outras;Colisao traseira;Sem Vitimas;Pleno dia
732485;12/07/2010;Segunda;08:10:00;RJ;101;307.0;SAO GONCALO;Outras;Colisao traseira;Sem Vitimas;Pleno dia
732626;09/07/2010;Sexta;05:00:00;RJ;101;308.0;SAO GONCALO;Outras;Colisao traseira;Com Vitimas Feridas;Plena noite
732671;23/06/2010;Quarta;15:30:00;RJ;101;325.0;NITEROI;Nao guardar distancia de seguranca;Colisao traseira;Sem Vitimas;Pleno dia
732672;09/07/2010;Sexta;07:20:00;RJ;101;316.0;SAO GONCALO;Outras;Colisao lateral;Com Vitimas Feridas;Pleno dia
732933;13/07/2010;Terca;16:55:00;RJ;101;306.0;SAO GONCALO;Outras;Danos Eventuais;Com Vitimas Feridas;Pleno dia
733014;09/07/2010;Sexta;05:45:00;RJ;101;307.5;SAO GONCALO;Outras;Colisao traseira;Sem Vitimas;Amanhecer
733143;14/07/2010;Quarta;01:09:00;RJ;101;327.0;NITEROI;Outras;Colisao lateral;Sem Vitimas;Plena noite
733190;14/07/2010;Quarta;05:45:00;RJ;101;330.0;RIO DE JANEIRO;Outras;Colisao traseira;Com Vitimas Feridas;Amanhecer
733212;10/07/2010;Sabado;06:00:00;RJ;101;309.0;SAO GONCALO;Outras;Colisao traseira;Sem Vitimas;Amanhecer
733214;14/07/2010;Quarta;06:19:00;RJ;101;322.0;NITEROI;Outras;Colisao traseira;Com Vitimas Feridas;Amanhecer
733285;14/07/2010;Quarta;08:30:00;RJ;101;333.0;RIO DE JANEIRO;Outras;Colisao traseira;Sem Vitimas;Pleno dia
733396;14/07/2010;Quarta;12:10:00;RJ;101;319.0;NITEROI;Outras;Colisao lateral;Sem Vitimas;Pleno dia
733516;14/07/2010;Quarta;18:45:00;RJ;101;320.0;NITEROI;Outras;Colisao traseira;Sem Vitimas;Plena noite
733548;14/07/2010;Quarta;17:45:00;RJ;101;322.0;NITEROI;Outras;Colisao traseira;Sem Vitimas;Anoitecer
733567;14/07/2010;Quarta;20:30:00;RJ;101;326.0;NITEROI;Nao guardar distancia de seguranca;Colisao traseira;Sem Vitimas;Plena noite
733644;14/07/2010;Quarta;21:00:00;RJ;101;332.0;RIO DE JANEIRO;Outras;Colisao lateral;Com Vitimas Feridas;Plena noite
733658;14/07/2010;Quarta;23:00:00;RJ;101;321.0;NITEROI;Outras;Colisao traseira;Sem Vitimas;Plena noite
733770;15/07/2010;Quinta;07:20:00;RJ;101;307.0;SAO GONCALO;Dormindo;Colisao traseira;Sem Vitimas;Pleno dia
733783;15/07/2010;Quinta;08:10:00;RJ;101;312.0;SAO GONCALO;Falta de atencao;Colisao com objeto fixo;Sem Vitimas;Amanhecer
733862;14/07/2010;Quarta;22:40:00;RJ;101;334.0;RIO DE JANEIRO;Nao guardar distancia de seguranca;Colisao lateral;Sem Vitimas;Plena noite
733884;17/06/2010;Quinta;08:09:00;RJ;101;321.0;NITEROI;Outras;Atropelamento de pessoa;Ignorado;Pleno dia
733997;15/07/2010;Quinta;16:15:00;RJ;101;321.0;NITEROI;Falta de atencao;Colisao traseira;Sem Vitimas;Pleno dia
734012;15/07/2010;Quinta;17:00:00;RJ;101;316.0;SAO GONCALO;Falta de atencao;Colisao lateral;Sem Vitimas;Pleno dia
734054;15/07/2010;Quinta;13:11:00;RJ;101;322.0;NITEROI;Outras;Colisao lateral;Sem Vitimas;Pleno dia
734107;15/07/2010;Quinta;09:45:00;RJ;101;319.0;SAO GONCALO;Falta de atencao;Colisao traseira;Com Vitimas Feridas;Pleno dia
734360;16/07/2010;Sexta;08:30:00;RJ;101;307.0;SAO GONCALO;Outras;Colisao traseira;Sem Vitimas;Pleno dia
734562;12/07/2010;Segunda;12:00:00;RJ;101;328.0;RIO DE JANEIRO;Outras;Colisao lateral;Sem Vitimas;Pleno dia
734586;16/07/2010;Sexta;08:35:00;RJ;101;324.0;NITEROI;Falta de atencao;Colisao traseira;Sem Vitimas;Pleno dia
734919;17/07/2010;Sabado;01:30:00;RJ;101;313.0;SAO GONCALO;Defeito na via;Saida de Pista;Sem Vitimas;Plena noite
735346;13/07/2010;Terca;11:15:00;RJ;101;314.0;SAO GONCALO;Falta de atencao;Colisao lateral;Sem Vitimas;Pleno dia
735363;17/07/2010;Sabado;19:00:00;RJ;101;328.0;NITEROI;Outras;Colisao traseira;Sem Vitimas;Plena noite
735548;18/07/2010;Domingo;05:30:00;RJ;101;310.0;SAO GONCALO;Outras;Colisao traseira;Sem Vitimas;Amanhecer
735549;18/07/2010;Domingo;05:40:00;RJ;101;317.0;SAO GONCALO;Outras;Saida de Pista;Com Vitimas Feridas;Amanhecer
735550;15/07/2010;Quinta;17:00:00;RJ;101;321.0;NITEROI;Outras;Colisao traseira;Sem Vitimas;Anoitecer
735706;14/07/2010;Quarta;11:00:00;RJ;101;312.0;SAO GONCALO;Outras;Atropelamento de pessoa;Com Vitimas Fatais;Pleno dia
735750;18/07/2010;Domingo;15:50:00;RJ;101;334.0;RIO DE JANEIRO;Outras;Colisao traseira;Sem Vitimas;Pleno dia
736096;19/07/2010;Segunda;06:30:00;RJ;101;331.0;RIO DE JANEIRO;Falta de atencao;Queda de motocicleta / bicicleta / veiculo;Com Vitimas Feridas;Pleno dia
736226;19/07/2010;Segunda;10:16:00;RJ;101;326.0;NITEROI;Falta de atencao;Colisao traseira;Sem Vitimas;Pleno dia
736314;15/07/2010;Quinta;20:45:00;RJ;101;309.0;SAO GONCALO;Outras;Colisao lateral;Sem Vitimas;Plena noite
736320;19/07/2010;Segunda;08:15:00;RJ;101;321.0;NITEROI;Falta de atencao;Colisao traseira;Sem Vitimas;Pleno dia
736474;19/07/2010;Segunda;18:30:00;RJ;101;321.0;NITEROI;Falta de atencao;Colisao traseira;Sem Vitimas;Plena noite
736602;19/07/2010;Segunda;21:00:00;RJ;101;300.0;SAO GONCALO;Falta de atencao;Atropelamento de pessoa;Com Vitimas Fatais;Plena noite
736819;17/07/2010;Sabado;02:50:00;RJ;101;327.0;NITEROI;Outras;Colisao traseira;Com Vitimas Feridas;Plena noite
736855;16/07/2010;Sexta;22:17:00;RJ;101;333.5;NITEROI;Outras;Colisao lateral;Sem Vitimas;Plena noite
736931;12/07/2010;Segunda;09:20:00;RJ;101;329.0;RIO DE JANEIRO;Outras;Colisao traseira;Sem Vitimas;Pleno dia
736960;12/07/2010;Segunda;20:00:00;RJ;101;327.0;NITEROI;Falta de atencao;Colisao traseira;Sem Vitimas;Plena noite
737043;16/07/2010;Sexta;22:15:00;RJ;101;321.0;NITEROI;Falta de atencao;Colisao com bicicleta;Com Vitimas Feridas;Plena noite
737193;19/07/2010;Segunda;09:20:00;RJ;101;318.0;SAO GONCALO;Outras;Colisao traseira;Com Vitimas Feridas;Pleno dia
737372;21/07/2010;Quarta;14:10:00;RJ;101;322.0;NITEROI;Desobediencia a sinalizacao;Colisao traseira;Sem Vitimas;Pleno dia
737446;20/07/2010;Terca;20:10:00;RJ;101;327.0;NITEROI;Outras;Colisao traseira;Sem Vitimas;Plena noite
737476;21/07/2010;Quarta;17:50:00;RJ;101;308.0;SAO GONCALO;Animais na Pista;Colisao com objeto fixo;Sem Vitimas;Anoitecer
737810;22/07/2010;Quinta;10:45:00;RJ;101;322.0;NITEROI;Outras;Colisao traseira;Sem Vitimas;Pleno dia
737921;22/07/2010;Quinta;15:27:00;RJ;101;333.0;RIO DE JANEIRO;Outras;Colisao traseira;Sem Vitimas;Pleno dia
738061;22/07/2010;Quinta;20:45:00;RJ;101;322.0;NITEROI;Outras;Colisao traseira;Sem Vitimas;Plena noite
738216;23/07/2010;Sexta;05:50:00;RJ;101;322.0;NITEROI;Outras;Colisao traseira;Sem Vitimas;Amanhecer
738339;17/07/2010;Sabado;22:20:00;RJ;101;306.0;SAO GONCALO;Outras;Colisao traseira;Com Vitimas Feridas;Plena noite
738465;23/07/2010;Sexta;16:26:00;RJ;101;325.0;NITEROI;Outras;Colisao lateral;Sem Vitimas;Pleno dia
738490;23/07/2010;Sexta;15:30:00;RJ;101;324.0;NITEROI;Falta de atencao;Colisao traseira;Sem Vitimas;Pleno dia
738593;23/07/2010;Sexta;20:30:00;RJ;101;320.0;NITEROI;Falta de atencao;Colisao traseira;Sem Vitimas;Plena noite
738838;24/07/2010;Sabado;07:50:00;RJ;101;317.0;SAO GONCALO;Dormindo;Saida de Pista;Sem Vitimas;Pleno dia
738865;24/07/2010;Sabado;07:10:00;RJ;101;333.0;RIO DE JANEIRO;Outras;Colisao traseira;Com Vitimas Feridas;Pleno dia
738944;24/07/2010;Sabado;12:45:00;RJ;101;324.0;NITEROI;Outras;Colisao traseira;Sem Vitimas;Pleno dia
738953;24/07/2010;Sabado;15:30:00;RJ;101;326.0;NITEROI;Outras;Colisao traseira;Sem Vitimas;Pleno dia
738976;24/07/2010;Sabado;14:45:00;RJ;101;325.0;NITEROI;Outras;Colisao traseira;Sem Vitimas;Pleno dia
739113;24/07/2010;Sabado;14:21:00;RJ;101;332.0;RIO DE JANEIRO;Outras;Colisao traseira;Sem Vitimas;Pleno dia
739143;24/07/2010;Sabado;17:50:00;RJ;101;321.0;NITEROI;Outras;Colisao traseira;Sem Vitimas;Pleno dia
739265;19/07/2010;Segunda;19:10:00;RJ;101;321.0;NITEROI;Outras;Colisao traseira;Sem Vitimas;Plena noite
739805;26/07/2010;Segunda;09:00:00;RJ;101;311.0;SAO GONCALO;Outras;Colisao traseira;Sem Vitimas;Pleno dia
740024;26/07/2010;Segunda;16:00:00;RJ;101;326.0;NITEROI;Outras;Colisao traseira;Sem Vitimas;Pleno dia
740079;22/07/2010;Quinta;19:00:00;RJ;101;318.0;SAO GONCALO;Outras;Colisao traseira;Sem Vitimas;Plena noite
740144;26/07/2010;Segunda;18:45:00;RJ;101;320.5;NITEROI;Outras;Colisao traseira;Sem Vitimas;Plena noite
740167;26/07/2010;Segunda;16:00:00;RJ;101;321.0;NITEROI;Nao guardar distancia de seguranca;Colisao lateral;Sem Vitimas;Pleno dia
740206;26/07/2010;Segunda;20:21:00;RJ;101;325.0;NITEROI;Outras;Colisao traseira;Com Vitimas Feridas;Plena noite
740320;27/07/2010;Terca;04:50:00;RJ;101;320.0;NITEROI;Velocidade incompativel;Capotamento;Com Vitimas Fatais;Plena noite
740326;16/07/2010;Sexta;17:30:00;RJ;101;325.0;NITEROI;Outras;Colisao lateral;Com Vitimas Feridas;Anoitecer
740334;27/07/2010;Terca;07:20:00;RJ;101;320.0;NITEROI;Falta de atencao;Colisao lateral;Sem Vitimas;Pleno dia
740387;23/07/2010;Sexta;19:40:00;RJ;101;320.0;NITEROI;Outras;Colisao traseira;Sem Vitimas;Plena noite
740414;27/07/2010;Terca;09:56:00;RJ;101;333.0;RIO DE JANEIRO;Falta de atencao;Colisao lateral;Sem Vitimas;Pleno dia
740440;23/07/2010;Sexta;23:30:00;RJ;101;319.0;SAO GONCALO;Outras;Colisao lateral;Sem Vitimas;Plena noite
740485;27/07/2010;Terca;13:45:00;RJ;101;322.0;NITEROI;Desobediencia a sinalizacao;Colisao Transversal;Com Vitimas Feridas;Pleno dia
740527;27/07/2010;Terca;15:20:00;RJ;101;322.0;NITEROI;Outras;Colisao lateral;Sem Vitimas;Pleno dia
740528;23/07/2010;Sexta;20:00:00;RJ;101;319.0;SAO GONCALO;Outras;Colisao traseira;Sem Vitimas;Plena noite
740593;24/07/2010;Sabado;03:30:00;RJ;101;313.0;SAO GONCALO;Outras;Colisao traseira;Sem Vitimas;Plena noite
740736;27/07/2010;Terca;22:00:00;RJ;101;326.0;NITEROI;Falta de atencao;Colisao lateral;Sem Vitimas;Plena noite
740987;28/07/2010;Quarta;08:03:00;RJ;101;331.0;RIO DE JANEIRO;Outras;Colisao traseira;Sem Vitimas;Pleno dia
741084;28/07/2010;Quarta;17:20:00;RJ;101;316.0;SAO GONCALO;Outras;Colisao traseira;Sem Vitimas;Anoitecer
741102;28/07/2010;Quarta;08:45:00;RJ;101;320.0;NITEROI;Falta de atencao;Colisao lateral;Sem Vitimas;Pleno dia
741224;28/07/2010;Quarta;21:13:00;RJ;101;330.0;RIO DE JANEIRO;Falta de atencao;Colisao traseira;Sem Vitimas;Plena noite
741413;29/07/2010;Quinta;11:30:00;RJ;101;324.0;NITEROI;Nao guardar distancia de seguranca;Colisao lateral;Sem Vitimas;Pleno dia
741470;29/07/2010;Quinta;14:00:00;RJ;101;327.0;RIO DE JANEIRO;Falta de atencao;Colisao traseira;Sem Vitimas;Pleno dia
741479;29/07/2010;Quinta;14:30:00;RJ;101;326.0;NITEROI;Nao guardar distancia de seguranca;Colisao lateral;Sem Vitimas;Pleno dia
741494;27/07/2010;Terca;18:36:00;RJ;101;321.0;NITEROI;Outras;Colisao lateral;Sem Vitimas;Plena noite
741579;29/07/2010;Quinta;17:30:00;RJ;101;320.0;NITEROI;Falta de atencao;Colisao com objeto fixo;Sem Vitimas;Pleno dia
741659;29/07/2010;Quinta;13:00:00;RJ;101;322.0;NITEROI;Outras;Colisao lateral;Sem Vitimas;Pleno dia
741921;30/07/2010;Sexta;13:50:00;RJ;101;319.0;SAO GONCALO;Falta de atencao;Colisao traseira;Sem Vitimas;Pleno dia
741945;30/07/2010;Sexta;13:35:00;RJ;101;307.0;SAO GONCALO;Defeito mecanico em veiculo;Colisao lateral;Sem Vitimas;Pleno dia
741949;30/07/2010;Sexta;14:30:00;RJ;101;334.0;RIO DE JANEIRO;Outras;Colisao traseira;Sem Vitimas;Pleno dia
742086;30/07/2010;Sexta;19:55:00;RJ;101;322.0;NITEROI;Nao guardar distancia de seguranca;Colisao traseira;Sem Vitimas;Plena noite
742196;30/07/2010;Sexta;22:30:00;RJ;101;311.0;SAO GONCALO;Outras;Capotamento;Com Vitimas Feridas;Plena noite
742234;30/07/2010;Sexta;23:55:00;RJ;101;325.0;NITEROI;Outras;Colisao traseira;Com Vitimas Feridas;Plena noite
742319;27/07/2010;Terca;19:30:00;RJ;101;327.0;NITEROI;Outras;Colisao traseira;Com Vitimas Feridas;Plena noite
742418;28/07/2010;Quarta;00:20:00;RJ;101;318.0;SAO GONCALO;Falta de atencao;Colisao traseira;Com Vitimas Feridas;Plena noite
742701;31/07/2010;Sabado;10:20:00;RJ;101;321.0;NITEROI;Outras;Colisao traseira;Sem Vitimas;Pleno dia
742715;31/07/2010;Sabado;15:30:00;RJ;101;323.0;NITEROI;Outras;Colisao traseira;Sem Vitimas;Pleno dia
742847;01/08/2010;Domingo;06:10:00;RJ;101;328.0;RIO DE JANEIRO;Outras;Colisao com objeto fixo;Sem Vitimas;Amanhecer
742863;01/08/2010;Domingo;07:30:00;RJ;101;322.0;NITEROI;Falta de atencao;Colisao traseira;Sem Vitimas;Pleno dia
743055;01/08/2010;Domingo;15:24:00;RJ;101;330.0;RIO DE JANEIRO;Outras;Colisao com objeto fixo;Sem Vitimas;Pleno dia
743119;01/08/2010;Domingo;19:00:00;RJ;101;314.8;SAO GONCALO;Ingestao de alcool;Atropelamento de pessoa;Com Vitimas Feridas;Plena noite
743233;01/08/2010;Domingo;22:30:00;RJ;101;321.0;NITEROI;Nao guardar distancia de seguranca;Colisao lateral;Sem Vitimas;Plena noite
743360;02/08/2010;Segunda;08:00:00;RJ;101;321.0;NITEROI;Nao guardar distancia de seguranca;Colisao lateral;Sem Vitimas;Pleno dia
743459;02/08/2010;Segunda;11:30:00;RJ;101;322.0;NITEROI;Nao guardar distancia de seguranca;Colisao traseira;Com Vitimas Feridas;Pleno dia
743577;02/08/2010;Segunda;16:00:00;RJ;101;321.0;NITEROI;Falta de atencao;Colisao lateral;Sem Vitimas;Pleno dia
743583;02/08/2010;Segunda;15:30:00;RJ;101;322.0;NITEROI;Nao guardar distancia de seguranca;Colisao traseira;Sem Vitimas;Pleno dia
743617;31/07/2010;Sabado;10:30:00;RJ;101;322.0;NITEROI;Outras;Colisao traseira;Sem Vitimas;Pleno dia
743657;02/08/2010;Segunda;18:10:00;RJ;101;332.0;RIO DE JANEIRO;Outras;Tombamento;Sem Vitimas;Pleno dia
743682;02/08/2010;Segunda;07:05:00;RJ;101;316.0;SAO GONCALO;Falta de atencao;Colisao traseira;Sem Vitimas;Pleno dia
743845;31/07/2010;Sabado;04:30:00;RJ;101;324.0;NITEROI;Dormindo;Colisao traseira;Com Vitimas Feridas;Plena noite
743862;30/07/2010;Sexta;08:10:00;RJ;101;319.0;NITEROI;Outras;Colisao traseira;Sem Vitimas;Pleno dia
743873;03/08/2010;Terca;07:30:00;RJ;101;319.0;SAO GONCALO;Outras;Colisao lateral;Com Vitimas Feridas;Pleno dia
744074;30/07/2010;Sexta;18:20:00;RJ;101;310.0;SAO GONCALO;Outras;Colisao traseira;Com Vitimas Feridas;Plena noite
744110;03/08/2010;Terca;07:36:00;RJ;101;323.0;NITEROI;Nao guardar distancia de seguranca;Colisao lateral;Sem Vitimas;Pleno dia
744116;31/07/2010;Sabado;13:40:00;RJ;101;322.0;NITEROI;Outras;Colisao traseira;Sem Vitimas;Pleno dia
744185;03/08/2010;Terca;20:10:00;RJ;101;322.0;NITEROI;Outras;Queda de motocicleta / bicicleta / veiculo;Com Vitimas Feridas;Plena noite
744350;28/07/2010;Quarta;23:50:00;RJ;101;312.0;SAO GONCALO;Outras;Colisao com objeto fixo;Sem Vitimas;Plena noite
744395;01/08/2010;Domingo;00:10:00;RJ;101;309.0;SAO GONCALO;Outras;Atropelamento de pessoa;Com Vitimas Feridas;Plena noite
744416;04/08/2010;Quarta;06:30:00;RJ;101;304.0;SAO GONCALO;Outras;Colisao lateral;Sem Vitimas;Pleno dia
744462;04/08/2010;Quarta;09:44:00;RJ;101;322.0;NITEROI;Outras;Colisao lateral;Sem Vitimas;Pleno dia
744495;05/07/2010;Segunda;16:50:00;RJ;101;319.0;NITEROI;Outras;Colisao lateral;Sem Vitimas;Pleno dia
744557;04/08/2010;Quarta;15:40:00;RJ;101;330.0;RIO DE JANEIRO;Falta de atencao;Colisao traseira;Sem Vitimas;Pleno dia
744593;04/08/2010;Quarta;13:15:00;RJ;101;300.0;SAO GONCALO;Defeito mecanico em veiculo;Colisao traseira;Com Vitimas Feridas;Pleno dia
744596;04/08/2010;Quarta;17:30:00;RJ;101;334.0;RIO DE JANEIRO;Falta de atencao;Colisao traseira;Sem Vitimas;Anoitecer
744630;23/07/2010;Sexta;20:20:00;RJ;101;319.0;SAO GONCALO;Outras;Colisao traseira;Sem Vitimas;Plena noite
744672;04/08/2010;Quarta;19:00:00;RJ;101;322.0;NITEROI;Falta de atencao;Colisao lateral;Sem Vitimas;Plena noite
745000;05/08/2010;Quinta;09:20:00;RJ;101;328.0;RIO DE JANEIRO;Nao guardar distancia de seguranca;Colisao traseira;Sem Vitimas;Pleno dia
745012;05/08/2010;Quinta;07:48:00;RJ;101;324.0;NITEROI;Nao guardar distancia de seguranca;Colisao traseira;Sem Vitimas;Pleno dia
745165;01/08/2010;Domingo;19:30:00;RJ;101;322.0;NITEROI;Outras;Colisao traseira;Sem Vitimas;Plena noite
745414;02/08/2010;Segunda;16:00:00;RJ;101;322.0;NITEROI;Falta de atencao;Colisao lateral;Sem Vitimas;Anoitecer
745432;06/08/2010;Sexta;07:00:00;RJ;101;332.0;RIO DE JANEIRO;Falta de atencao;Colisao lateral;Sem Vitimas;Pleno dia
745516;07/06/2010;Segunda;18:00:00;RJ;101;322.0;NITEROI;Outras;Colisao lateral;Sem Vitimas;Plena noite
745707;06/08/2010;Sexta;07:35:00;RJ;101;319.0;SAO GONCALO;Outras;Colisao lateral;Com Vitimas Feridas;Pleno dia
745723;06/08/2010;Sexta;18:30:00;RJ;101;329.0;RIO DE JANEIRO;Falta de atencao;Colisao traseira;Sem Vitimas;Plena noite
745868;06/08/2010;Sexta;23:25:00;RJ;101;319.0;NITEROI;Outras;Colisao traseira;Sem Vitimas;Plena noite
745926;06/08/2010;Sexta;23:00:00;RJ;101;323.0;NITEROI;Outras;Colisao com objeto fixo;Com Vitimas Feridas;Pleno dia
745956;07/08/2010;Sabado;06:00:00;RJ;101;318.0;SAO GONCALO;Outras;Saida de Pista;Sem Vitimas;Plena noite
746019;07/08/2010;Sabado;13:30:00;RJ;101;324.0;NITEROI;Outras;Colisao traseira;Sem Vitimas;Pleno dia
746040;27/07/2010;Terca;04:30:00;RJ;101;318.0;SAO GONCALO;Outras;Saida de Pista;Sem Vitimas;Plena noite
746070;07/08/2010;Sabado;20:00:00;RJ;101;300.0;SAO GONCALO;Outras;Atropelamento de pessoa;Ignorado;Plena noite
746404;08/08/2010;Domingo;12:35:00;RJ;101;323.0;NITEROI;Falta de atencao;Colisao traseira;Com Vitimas Feridas;Pleno dia
746424;08/08/2010;Domingo;12:20:00;RJ;101;332.0;RIO DE JANEIRO;Nao guardar distancia de seguranca;Colisao lateral;Sem Vitimas;Pleno dia
746486;08/08/2010;Domingo;16:55:00;RJ;101;323.0;NITEROI;Falta de atencao;Colisao traseira;Sem Vitimas;Pleno dia
746489;08/08/2010;Domingo;16:30:00;RJ;101;306.0;SAO GONCALO;Outras;Colisao traseira;Sem Vitimas;Pleno dia
746579;08/08/2010;Domingo;20:04:00;RJ;101;323.0;NITEROI;Falta de atencao;Colisao traseira;Sem Vitimas;Plena noite
746604;08/08/2010;Domingo;20:20:00;RJ;101;329.0;RIO DE JANEIRO;Falta de atencao;Colisao traseira;Sem Vitimas;Plena noite
746624;08/08/2010;Domingo;16:00:00;RJ;101;305.0;SAO GONCALO;Outras;Capotamento;Com Vitimas Feridas;Pleno dia
746659;08/08/2010;Domingo;08:30:00;RJ;101;334.0;RIO DE JANEIRO;Falta de atencao;Atropelamento de pessoa;Com Vitimas Feridas;Pleno dia
746777;09/08/2010;Segunda;06:50:00;RJ;101;313.4;SAO GONCALO;Outras;Saida de Pista;Com Vitimas Feridas;Amanhecer
746824;05/08/2010;Quinta;11:30:00;RJ;101;330.0;NITEROI;Outras;Colisao traseira;Sem Vitimas;Pleno dia
746924;27/07/2010;Terca;23:30:00;RJ;101;320.0;NITEROI;Outras;Danos Eventuais;Sem Vitimas;Plena noite
746926;09/08/2010;Segunda;10:30:00;RJ;101;322.0;NITEROI;Outras;Colisao traseira;Sem Vitimas;Pleno dia
746945;09/08/2010;Segunda;10:40:00;RJ;101;327.0;RIO DE JANEIRO;Nao guardar distancia de seguranca;Colisao lateral;Sem Vitimas;Pleno dia
746949;09/08/2010;Segunda;13:00:00;RJ;101;313.0;SAO GONCALO;Nao guardar distancia de seguranca;Colisao traseira;Sem Vitimas;Pleno dia
747222;09/08/2010;Segunda;08:50:00;RJ;101;315.0;SAO GONCALO;Falta de atencao;Colisao com objeto movel;Com Vitimas Feridas;Pleno dia
747239;09/08/2010;Segunda;06:30:00;RJ;101;327.0;NITEROI;Outras;Colisao traseira;Sem Vitimas;Pleno dia
747267;09/08/2010;Segunda;20:18:00;RJ;101;322.0;NITEROI;Outras;Colisao traseira;Sem Vitimas;Plena noite
747531;10/08/2010;Terca;07:55:00;RJ;101;317.0;SAO GONCALO;Outras;Colisao lateral;Com Vitimas Feridas;Pleno dia
747538;28/07/2010;Quarta;21:33:00;RJ;101;320.0;NITEROI;Outras;Danos Eventuais;Sem Vitimas;Plena noite
747963;11/08/2010;Quarta;07:40:00;RJ;101;311.0;SAO GONCALO;Outras;Colisao traseira;Sem Vitimas;Pleno dia
748010;07/08/2010;Sabado;16:46:00;RJ;101;322.0;NITEROI;Outras;Colisao traseira;Sem Vitimas;Pleno dia
748113;10/08/2010;Terca;19:50:00;RJ;101;322.0;NITEROI;Outras;Colisao lateral;Sem Vitimas;Plena noite
748277;11/08/2010;Quarta;17:40:00;RJ;101;325.0;NITEROI;Outras;Colisao traseira;Sem Vitimas;Anoitecer
748315;11/08/2010;Quarta;18:00:00;RJ;101;333.0;RIO DE JANEIRO;Outras;Colisao traseira;Sem Vitimas;Plena noite
748623;29/07/2010;Quinta;13:05:00;RJ;101;334.0;NITEROI;Outras;Colisao lateral;Sem Vitimas;Pleno dia
748691;12/08/2010;Quinta;08:00:00;RJ;101;322.0;NITEROI;Outras;Colisao traseira;Com Vitimas Feridas;Pleno dia
748756;12/08/2010;Quinta;16:00:00;RJ;101;325.0;NITEROI;Outras;Colisao com objeto fixo;Sem Vitimas;Pleno dia
748823;12/08/2010;Quinta;18:50:00;RJ;101;321.0;NITEROI;Falta de atencao;Colisao lateral;Sem Vitimas;Plena noite
749280;13/08/2010;Sexta;17:40:00;RJ;101;322.0;NITEROI;Outras;Colisao lateral;Sem Vitimas;Anoitecer
749314;13/08/2010;Sexta;18:10:00;RJ;101;321.0;NITEROI;Outras;Colisao lateral;Sem Vitimas;Plena noite
749328;13/08/2010;Sexta;08:25:00;RJ;101;328.0;RIO DE JANEIRO;Outras;Colisao traseira;Com Vitimas Feridas;Pleno dia
749363;11/08/2010;Quarta;05:00:00;RJ;101;310.0;SAO GONCALO;Outras;Capotamento;Com Vitimas Fatais;Plena noite
749618;08/08/2010;Domingo;21:15:00;RJ;101;313.0;SAO GONCALO;Outras;Colisao frontal;Com Vitimas Feridas;Plena noite
749791;14/08/2010;Sabado;11:00:00;RJ;101;322.0;NITEROI;Outras;Colisao traseira;Sem Vitimas;Pleno dia
749862;10/08/2010;Terca;20:00:00;RJ;101;328.0;RIO DE JANEIRO;Falta de atencao;Colisao traseira;Sem Vitimas;Plena noite
750028;08/08/2010;Domingo;04:00:00;RJ;101;314.0;SAO GONCALO;Outras;Colisao traseira;Com Vitimas Fatais;Plena noite
750263;15/08/2010;Domingo;18:30:00;RJ;101;325.0;NITEROI;Defeito mecanico em veiculo;Danos Eventuais;Sem Vitimas;Plena noite
750405;16/08/2010;Segunda;01:10:00;RJ;101;321.0;NITEROI;Outras;Saida de Pista;Sem Vitimas;Plena noite
750541;16/08/2010;Segunda;08:57:00;RJ;101;320.0;NITEROI;Falta de atencao;Colisao traseira;Com Vitimas Feridas;Pleno dia
750581;16/08/2010;Segunda;07:00:00;RJ;101;312.0;SAO GONCALO;Falta de atencao;Colisao traseira;Sem Vitimas;Pleno dia
750631;16/08/2010;Segunda;13:00:00;RJ;101;321.0;NITEROI;Outras;Colisao lateral;Com Vitimas Feridas;Pleno dia
750643;16/08/2010;Segunda;05:45:00;RJ;101;321.0;NITEROI;Outras;Queda de motocicleta / bicicleta / veiculo;Sem Vitimas;Amanhecer
750664;16/08/2010;Segunda;08:45:00;RJ;101;333.0;RIO DE JANEIRO;Outras;Colisao traseira;Sem Vitimas;Pleno dia
750771;16/08/2010;Segunda;15:00:00;RJ;101;312.0;SAO GONCALO;Desobediencia a sinalizacao;Colisao Transversal;Sem Vitimas;Pleno dia
750772;16/08/2010;Segunda;16:00:00;RJ;101;329.0;NITEROI;Outras;Colisao lateral;Sem Vitimas;Pleno dia
750894;16/08/2010;Segunda;07:30:00;RJ;101;314.0;SAO GONCALO;Outras;Colisao lateral;Sem Vitimas;Pleno dia
751099;17/08/2010;Terca;11:40:00;RJ;101;310.0;SAO GONCALO;Outras;Colisao lateral;Sem Vitimas;Pleno dia
751125;24/07/2010;Sabado;17:00:00;RJ;101;325.0;NITEROI;Falta de atencao;Colisao traseira;Sem Vitimas;Anoitecer
751148;17/08/2010;Terca;07:40:00;RJ;101;321.0;NITEROI;Outras;Colisao traseira;Com Vitimas Fatais;Pleno dia
751315;17/08/2010;Terca;19:30:00;RJ;101;321.0;NITEROI;Nao guardar distancia de seguranca;Colisao traseira;Sem Vitimas;Plena noite
751420;18/08/2010;Quarta;00:05:00;RJ;101;331.0;RIO DE JANEIRO;Outras;Colisao traseira;Sem Vitimas;Plena noite
751570;18/08/2010;Quarta;08:15:00;RJ;101;310.0;SAO GONCALO;Outras;Colisao traseira;Sem Vitimas;Pleno dia
751638;12/08/2010;Quinta;18:20:00;RJ;101;316.0;SAO GONCALO;Outras;Colisao traseira;Com Vitimas Feridas;Anoitecer
751765;18/08/2010;Quarta;16:52:00;RJ;101;322.0;NITEROI;Nao guardar distancia de seguranca;Colisao traseira;Sem Vitimas;Anoitecer
751984;14/08/2010;Sabado;12:30:00;RJ;101;320.0;NITEROI;Nao guardar distancia de seguranca;Colisao traseira;Sem Vitimas;Pleno dia
752056;19/08/2010;Quinta;08:05:00;RJ;101;326.0;RIO DE JANEIRO;Nao guardar distancia de seguranca;Colisao traseira;Sem Vitimas;Pleno dia
752245;30/07/2010;Sexta;23:00:00;RJ;101;314.0;SAO GONCALO;Outras;Colisao traseira;Sem Vitimas;Plena noite
752611;20/08/2010;Sexta;11:00:00;RJ;101;332.0;NITEROI;Nao guardar distancia de seguranca;Colisao traseira;Sem Vitimas;Pleno dia
752632;20/08/2010;Sexta;13:20:00;RJ;101;322.0;NITEROI;Nao guardar distancia de seguranca;Colisao traseira;Sem Vitimas;Pleno dia
752797;20/08/2010;Sexta;17:50:00;RJ;101;334.0;RIO DE JANEIRO;Outras;Colisao lateral;Com Vitimas Feridas;Pleno dia
753043;21/08/2010;Sabado;06:40:00;RJ;101;306.0;SAO GONCALO;Outras;Queda de motocicleta / bicicleta / veiculo;Com Vitimas Feridas;Pleno dia
753048;21/08/2010;Sabado;07:12:00;RJ;101;324.0;NITEROI;Falta de atencao;Colisao traseira;Sem Vitimas;Pleno dia
753087;21/08/2010;Sabado;09:00:00;RJ;101;320.0;NITEROI;Outras;Colisao lateral;Sem Vitimas;Pleno dia
755421;21/08/2010;Sabado;19:11:00;RJ;101;311.0;SAO GONCALO;Desobediencia a sinalizacao;Atropelamento de pessoa;Com Vitimas Feridas;Plena noite
755460;23/08/2010;Segunda;08:20:00;RJ;101;333.0;NITEROI;Outras;Colisao traseira;Sem Vitimas;Pleno dia
755551;23/08/2010;Segunda;16:28:00;RJ;101;322.0;NITEROI;Outras;Colisao traseira;Sem Vitimas;Pleno dia
755587;13/08/2010;Sexta;19:00:00;RJ;101;307.0;SAO GONCALO;Outras;Colisao traseira;Com Vitimas Feridas;Plena noite
756016;23/08/2010;Segunda;07:30:00;RJ;101;320.0;NITEROI;Nao guardar distancia de seguranca;Colisao lateral;Sem Vitimas;Pleno dia
756017;21/08/2010;Sabado;08:41:00;RJ;101;323.0;NITEROI;Outras;Colisao traseira;Com Vitimas Feridas;Pleno dia
756025;16/08/2010;Segunda;23:50:00;RJ;101;330.0;RIO DE JANEIRO;Outras;Colisao traseira;Com Vitimas Feridas;Plena noite
756040;23/08/2010;Segunda;18:40:00;RJ;101;321.0;NITEROI;Nao guardar distancia de seguranca;Colisao lateral;Sem Vitimas;Plena noite
756053;24/08/2010;Terca;07:30:00;RJ;101;319.0;SAO GONCALO;Ultrapassagem indevida;Atropelamento de pessoa;Com Vitimas Feridas;Pleno dia
756103;16/08/2010;Segunda;14:05:00;RJ;101;332.0;RIO DE JANEIRO;Outras;Colisao traseira;Sem Vitimas;Pleno dia
756292;24/08/2010;Terca;17:50:00;RJ;101;328.0;NITEROI;Outras;Colisao traseira;Sem Vitimas;Anoitecer
756353;24/08/2010;Terca;19:30:00;RJ;101;321.0;NITEROI;Desobediencia a sinalizacao;Colisao lateral;Sem Vitimas;Plena noite
756414;24/08/2010;Terca;21:30:00;RJ;101;322.0;NITEROI;Falta de atencao;Colisao traseira;Sem Vitimas;Plena noite
756521;24/08/2010;Terca;18:51:00;RJ;101;331.0;RIO DE JANEIRO;Falta de atencao;Colisao traseira;Sem Vitimas;Plena noite
756608;18/08/2010;Quarta;18:30:00;RJ;101;322.0;NITEROI;Outras;Colisao lateral;Sem Vitimas;Plena noite
756619;22/08/2010;Domingo;12:00:00;RJ;101;323.0;NITEROI;Outras;Colisao lateral;Sem Vitimas;Pleno dia
756646;25/08/2010;Quarta;08:10:00;RJ;101;320.0;NITEROI;Outras;Colisao traseira;Sem Vitimas;Pleno dia
756649;25/08/2010;Quarta;07:25:00;RJ;101;331.0;RIO DE JANEIRO;Outras;Colisao traseira;Sem Vitimas;Pleno dia
757091;22/08/2010;Domingo;05:35:00;RJ;101;317.0;SAO GONCALO;Outras;Saida de Pista;Sem Vitimas;Amanhecer
757098;20/08/2010;Sexta;19:40:00;RJ;101;322.0;NITEROI;Outras;Colisao traseira;Sem Vitimas;Plena noite
757440;26/08/2010;Quinta;17:40:00;RJ;101;320.0;NITEROI;Outras;Colisao lateral;Sem Vitimas;Pleno dia
757492;26/08/2010;Quinta;20:00:00;RJ;101;334.0;RIO DE JANEIRO;Falta de atencao;Colisao traseira;Sem Vitimas;Plena noite
757601;26/08/2010;Quinta;20:55:00;RJ;101;299.0;SAO GONCALO;Outras;Colisao traseira;Sem Vitimas;Plena noite
757664;23/08/2010;Segunda;14:00:00;RJ;101;334.0;RIO DE JANEIRO;Nao guardar distancia de seguranca;Colisao traseira;Sem Vitimas;Pleno dia
757735;04/08/2010;Quarta;17:00:00;RJ;101;303.0;SAO GONCALO;Outras;Colisao lateral;Sem Vitimas;Anoitecer
757904;26/08/2010;Quinta;19:30:00;RJ;101;330.0;RIO DE JANEIRO;Falta de atencao;Colisao traseira;Sem Vitimas;Plena noite
757926;27/08/2010;Sexta;16:40:00;RJ;101;319.0;SAO GONCALO;Outras;Colisao traseira;Sem Vitimas;Pleno dia
757959;27/08/2010;Sexta;16:40:00;RJ;101;334.0;RIO DE JANEIRO;Nao guardar distancia de seguranca;Colisao lateral;Sem Vitimas;Anoitecer
758400;28/08/2010;Sabado;15:00:00;RJ;101;329.0;RIO DE JANEIRO;Falta de atencao;Colisao traseira;Sem Vitimas;Pleno dia
758413;28/08/2010;Sabado;16:15:00;RJ;101;327.0;NITEROI;Falta de atencao;Colisao traseira;Sem Vitimas;Pleno dia
758450;28/08/2010;Sabado;18:15:00;RJ;101;308.0;SAO GONCALO;Outras;Colisao traseira;Sem Vitimas;Anoitecer
758510;28/08/2010;Sabado;20:15:00;RJ;101;322.0;NITEROI;Defeito mecanico em veiculo;Colisao traseira;Sem Vitimas;Plena noite
758541;28/08/2010;Sabado;21:45:00;RJ;101;322.0;NITEROI;Falta de atencao;Colisao traseira;Sem Vitimas;Plena noite
758664;25/08/2010;Quarta;13:20:00;RJ;101;332.0;RIO DE JANEIRO;Outras;Colisao lateral;Com Vitimas Feridas;Pleno dia
758673;29/08/2010;Domingo;06:30:00;RJ;101;312.0;SAO GONCALO;Defeito mecanico em veiculo;Queda de motocicleta / bicicleta / veiculo;Com Vitimas Feridas;Pleno dia
759276;26/08/2010;Quinta;16:00:00;RJ;101;322.0;NITEROI;Outras;Danos Eventuais;Sem Vitimas;Pleno dia
759430;30/08/2010;Segunda;20:00:00;RJ;101;320.0;NITEROI;Falta de atencao;Colisao traseira;Sem Vitimas;Plena noite
759488;30/08/2010;Segunda;20:20:00;RJ;101;317.0;SAO GONCALO;Outras;Colisao traseira;Sem Vitimas;Plena noite
759784;30/08/2010;Segunda;16:40:00;RJ;101;321.0;NITEROI;Outras;Colisao traseira;Sem Vitimas;Anoitecer
759845;28/08/2010;Sabado;04:00:00;RJ;101;325.0;NITEROI;Outras;Capotamento;Com Vitimas Feridas;Plena noite
759869;31/08/2010;Terca;17:50:00;RJ;101;324.0;NITEROI;Outras;Colisao com objeto movel;Sem Vitimas;Plena noite
759891;31/08/2010;Terca;17:00:00;RJ;101;327.0;NITEROI;Outras;Colisao traseira;Sem Vitimas;Pleno dia
759906;31/08/2010;Terca;18:15:00;RJ;101;324.0;NITEROI;Outras;Colisao com objeto movel;Sem Vitimas;Plena noite
760019;31/08/2010;Terca;22:16:00;RJ;101;331.0;RIO DE JANEIRO;Outras;Colisao traseira;Sem Vitimas;Plena noite
760116;29/08/2010;Domingo;02:40:00;RJ;101;307.0;SAO GONCALO;Outras;Atropelamento de pessoa;Com Vitimas Feridas;Plena noite
760121;01/09/2010;Quarta;06:30:00;RJ;101;322.0;NITEROI;Falta de atencao;Colisao traseira;Sem Vitimas;Pleno dia
760153;01/09/2010;Quarta;09:00:00;RJ;101;325.0;NITEROI;Falta de atencao;Colisao traseira;Sem Vitimas;Pleno dia
760173;01/09/2010;Quarta;08:50:00;RJ;101;333.0;RIO DE JANEIRO;Outras;Colisao com objeto fixo;Sem Vitimas;Pleno dia
760213;01/09/2010;Quarta;10:00:00;RJ;101;322.0;NITEROI;Outras;Colisao lateral;Sem Vitimas;Pleno dia
760319;28/08/2010;Sabado;05:45:00;RJ;101;334.0;RIO DE JANEIRO;Outras;Colisao lateral;Sem Vitimas;Amanhecer
760399;01/09/2010;Quarta;06:50:00;RJ;101;317.0;SAO GONCALO;Outras;Colisao traseira;Sem Vitimas;Pleno dia
760447;01/09/2010;Quarta;19:30:00;RJ;101;321.0;NITEROI;Outras;Colisao lateral;Sem Vitimas;Plena noite
760586;01/09/2010;Quarta;21:30:00;RJ;101;330.0;RIO DE JANEIRO;Outras;Colisao lateral;Sem Vitimas;Plena noite
760645;02/09/2010;Quinta;07:15:00;RJ;101;314.0;SAO GONCALO;Falta de atencao;Colisao traseira;Sem Vitimas;Pleno dia
760677;02/09/2010;Quinta;07:50:00;RJ;101;324.0;NITEROI;Outras;Colisao lateral;Sem Vitimas;Pleno dia
760705;02/09/2010;Quinta;11:00:00;RJ;101;314.0;SAO GONCALO;Falta de atencao;Colisao lateral;Sem Vitimas;Pleno dia
760920;02/09/2010;Quinta;19:40:00;RJ;101;319.0;SAO GONCALO;Outras;Colisao traseira;Sem Vitimas;Plena noite
760976;02/09/2010;Quinta;18:50:00;RJ;101;327.0;NITEROI;Outras;Colisao traseira;Sem Vitimas;Plena noite
761008;02/09/2010;Quinta;20:20:00;RJ;101;332.5;RIO DE JANEIRO;Falta de atencao;Colisao traseira;Sem Vitimas;Plena noite
761019;03/09/2010;Sexta;01:10:00;RJ;101;330.0;RIO DE JANEIRO;Outras;Colisao com objeto movel;Sem Vitimas;Plena noite
761213;30/08/2010;Segunda;09:00:00;RJ;101;334.0;RIO DE JANEIRO;Falta de atencao;Colisao traseira;Sem Vitimas;Pleno dia
761228;03/09/2010;Sexta;14:00:00;RJ;101;320.0;SAO GONCALO;Outras;Colisao traseira;Sem Vitimas;Pleno dia
761350;03/09/2010;Sexta;19:07:00;RJ;101;321.0;NITEROI;Falta de atencao;Colisao lateral;Sem Vitimas;Plena noite
761426;03/09/2010;Sexta;06:45:00;RJ;101;314.0;SAO GONCALO;Outras;Colisao traseira;Sem Vitimas;Pleno dia
761435;03/09/2010;Sexta;08:40:00;RJ;101;319.0;SAO GONCALO;Outras;Colisao traseira;Sem Vitimas;Pleno dia
761583;04/09/2010;Sabado;06:30:00;RJ;101;323.0;NITEROI;Outras;Colisao traseira;Sem Vitimas;Pleno dia
761601;04/09/2010;Sabado;06:15:00;RJ;101;330.0;NITEROI;Outras;Colisao traseira;Sem Vitimas;Amanhecer
761616;04/09/2010;Sabado;07:30:00;RJ;101;333.0;RIO DE JANEIRO;Outras;Colisao traseira;Sem Vitimas;Pleno dia
761618;04/09/2010;Sabado;07:30:00;RJ;101;305.0;SAO GONCALO;Falta de atencao;Colisao com objeto fixo;Sem Vitimas;Pleno dia
761723;04/09/2010;Sabado;10:08:00;RJ;101;322.0;NITEROI;Nao guardar distancia de seguranca;Colisao traseira;Sem Vitimas;Pleno dia
761726;04/09/2010;Sabado;12:20:00;RJ;101;313.0;SAO GONCALO;Outras;Colisao traseira;Sem Vitimas;Pleno dia
761770;04/09/2010;Sabado;13:45:00;RJ;101;322.0;NITEROI;Outras;Colisao traseira;Sem Vitimas;Pleno dia
761820;04/09/2010;Sabado;15:00:00;RJ;101;320.0;NITEROI;Outras;Colisao traseira;Sem Vitimas;Pleno dia
761845;04/09/2010;Sabado;16:00:00;RJ;101;325.0;NITEROI;Outras;Colisao traseira;Sem Vitimas;Pleno dia
761847;31/08/2010;Terca;19:10:00;RJ;101;333.0;RIO DE JANEIRO;Nao guardar distancia de seguranca;Colisao traseira;Sem Vitimas;Plena noite
761854;04/09/2010;Sabado;15:30:00;RJ;101;328.0;NITEROI;Outras;Colisao traseira;Sem Vitimas;Pleno dia
761876;04/09/2010;Sabado;16:50:00;RJ;101;328.0;RIO DE JANEIRO;Nao guardar distancia de seguranca;Colisao traseira;Sem Vitimas;Pleno dia
761899;04/09/2010;Sabado;18:00:00;RJ;101;324.0;NITEROI;Outras;Colisao traseira;Com Vitimas Feridas;Anoitecer
761913;04/09/2010;Sabado;16:31:00;RJ;101;322.0;RIO DE JANEIRO;Nao guardar distancia de seguranca;Colisao traseira;Sem Vitimas;Pleno dia
761973;04/09/2010;Sabado;20:30:00;RJ;101;326.0;NITEROI;Outras;Colisao traseira;Sem Vitimas;Plena noite
762006;04/09/2010;Sabado;20:50:00;RJ;101;313.0;SAO GONCALO;Outras;Capotamento;Sem Vitimas;Plena noite
762094;05/09/2010;Domingo;00:30:00;RJ;101;307.0;SAO GONCALO;Outras;Colisao com bicicleta;Com Vitimas Feridas;Plena noite
762144;05/09/2010;Domingo;05:30:00;RJ;101;330.0;RIO DE JANEIRO;Outras;Colisao traseira;Sem Vitimas;Plena noite
762256;01/09/2010;Quarta;22:30:00;RJ;101;329.0;NITEROI;Outras;Colisao traseira;Sem Vitimas;Plena noite
762331;23/07/2010;Sexta;16:55:00;RJ;101;304.0;SAO GONCALO;Outras;Queda de motocicleta / bicicleta / veiculo;Com Vitimas Feridas;Pleno dia
762379;02/09/2010;Quinta;00:40:00;RJ;101;322.0;NITEROI;Outras;Colisao com objeto fixo;Sem Vitimas;Plena noite
762414;02/09/2010;Quinta;07:10:00;RJ;101;314.0;SAO GONCALO;Outras;Colisao traseira;Sem Vitimas;Pleno dia
762475;06/09/2010;Segunda;00:21:00;RJ;101;330.0;NITEROI;Falta de atencao;Colisao traseira;Sem Vitimas;Plena noite
762560;06/09/2010;Segunda;06:55:00;RJ;101;321.0;NITEROI;Outras;Queda de motocicleta / bicicleta / veiculo;Com Vitimas Feridas;Pleno dia
762997;06/09/2010;Segunda;19:20:00;RJ;101;318.0;SAO GONCALO;Nao guardar distancia de seguranca;Colisao traseira;Sem Vitimas;Plena noite
763036;06/09/2010;Segunda;19:20:00;RJ;101;322.0;NITEROI;Outras;Colisao traseira;Sem Vitimas;Plena noite
763140;03/09/2010;Sexta;05:15:00;RJ;101;328.0;RIO DE JANEIRO;Outras;Colisao traseira;Sem Vitimas;Amanhecer
763537;07/09/2010;Terca;21:00:00;RJ;101;321.0;SAO GONCALO;Outras;Colisao lateral;Sem Vitimas;Plena noite
763834;08/09/2010;Quarta;09:30:00;RJ;101;322.0;NITEROI;Nao guardar distancia de seguranca;Colisao traseira;Sem Vitimas;Pleno dia
763937;08/09/2010;Quarta;12:50:00;RJ;101;321.0;NITEROI;Outras;Colisao traseira;Sem Vitimas;Pleno dia
763974;08/09/2010;Quarta;13:30:00;RJ;101;327.0;RIO DE JANEIRO;Outras;Colisao traseira;Sem Vitimas;Pleno dia
763999;08/09/2010;Quarta;11:57:00;RJ;101;332.0;RIO DE JANEIRO;Nao guardar distancia de seguranca;Colisao traseira;Sem Vitimas;Pleno dia
764141;08/09/2010;Quarta;17:00:00;RJ;101;309.0;SAO GONCALO;Outras;Colisao lateral;Sem Vitimas;Pleno dia
764597;09/09/2010;Quinta;09:45:00;RJ;101;317.0;SAO GONCALO;Outras;Colisao lateral;Sem Vitimas;Pleno dia
764742;09/09/2010;Quinta;15:00:00;RJ;101;322.0;NITEROI;Outras;Colisao traseira;Sem Vitimas;Pleno dia
764760;09/09/2010;Quinta;13:00:00;RJ;101;322.0;NITEROI;Outras;Colisao lateral;Sem Vitimas;Pleno dia
764792;09/09/2010;Quinta;13:00:00;RJ;101;300.0;SAO GONCALO;Velocidade incompativel;Colisao com objeto fixo;Com Vitimas Feridas;Pleno dia
764882;09/09/2010;Quinta;19:30:00;RJ;101;319.0;NITEROI;Outras;Colisao traseira;Sem Vitimas;Plena noite
764909;09/09/2010;Quinta;18:40:00;RJ;101;309.0;SAO GONCALO;Outras;Colisao traseira;Com Vitimas Feridas;Anoitecer
764951;09/09/2010;Quinta;21:30:00;RJ;101;313.0;SAO GONCALO;Defeito mecanico em veiculo;Queda de motocicleta / bicicleta / veiculo;Com Vitimas Feridas;Plena noite
765117;10/09/2010;Sexta;09:00:00;RJ;101;308.0;SAO GONCALO;Falta de atencao;Colisao traseira;Sem Vitimas;Pleno dia
765242;10/09/2010;Sexta;07:00:00;RJ;101;316.0;SAO GONCALO;Outras;Colisao traseira;Sem Vitimas;Pleno dia
765350;10/09/2010;Sexta;15:30:00;RJ;101;321.0;NITEROI;Outras;Colisao lateral;Sem Vitimas;Pleno dia
765402;10/09/2010;Sexta;17:20:00;RJ;101;324.0;NITEROI;Falta de atencao;Colisao traseira;Com Vitimas Feridas;Pleno dia
765521;06/09/2010;Segunda;06:50:00;RJ;101;321.0;NITEROI;Outras;Colisao com objeto fixo;Sem Vitimas;Pleno dia
765631;03/09/2010;Sexta;07:00:00;RJ;101;313.0;SAO GONCALO;Ingestao de alcool;Colisao traseira;Sem Vitimas;Pleno dia
766318;12/09/2010;Domingo;11:46:00;RJ;101;324.0;NITEROI;Nao guardar distancia de seguranca;Colisao traseira;Sem Vitimas;Pleno dia
766359;12/09/2010;Domingo;14:00:00;RJ;101;322.0;NITEROI;Outras;Colisao traseira;Sem Vitimas;Pleno dia
766420;12/09/2010;Domingo;16:30:00;RJ;101;307.0;SAO GONCALO;Ingestao de alcool;Saida de Pista;Sem Vitimas;Pleno dia
766474;04/09/2010;Sabado;11:30:00;RJ;101;305.0;SAO GONCALO;Outras;Atropelamento de pessoa;Com Vitimas Feridas;Pleno dia
766662;13/09/2010;Segunda;07:45:00;RJ;101;322.0;NITEROI;Falta de atencao;Colisao traseira;Sem Vitimas;Pleno dia
766699;13/09/2010;Segunda;08:30:00;RJ;101;322.0;NITEROI;Outras;Tombamento;Com Vitimas Feridas;Pleno dia
766902;13/09/2010;Segunda;15:18:00;RJ;101;330.0;RIO DE JANEIRO;Outras;Colisao traseira;Com Vitimas Feridas;Pleno dia
766954;13/09/2010;Segunda;16:00:00;RJ;101;320.0;NITEROI;Outras;Colisao Transversal;Sem Vitimas;Pleno dia
766956;13/09/2010;Segunda;17:10:00;RJ;101;324.0;NITEROI;Outras;Colisao traseira;Sem Vitimas;Pleno dia
767105;13/09/2010;Segunda;22:06:00;RJ;101;320.0;NITEROI;Falta de atencao;Colisao traseira;Sem Vitimas;Plena noite
767286;14/09/2010;Terca;10:00:00;RJ;101;327.0;NITEROI;Outras;Queda de motocicleta / bicicleta / veiculo;Com Vitimas Feridas;Pleno dia
767328;14/09/2010;Terca;08:35:00;RJ;101;332.0;RIO DE JANEIRO;Defeito na via;Danos Eventuais;Sem Vitimas;Pleno dia
767345;11/09/2010;Sabado;14:50:00;RJ;101;334.0;RIO DE JANEIRO;Falta de atencao;Colisao traseira;Com Vitimas Feridas;Pleno dia
767423;14/09/2010;Terca;12:45:00;RJ;101;316.0;SAO GONCALO;Outras;Colisao traseira;Sem Vitimas;Pleno dia
767674;14/09/2010;Terca;19:03:00;RJ;101;322.0;NITEROI;Falta de atencao;Colisao lateral;Sem Vitimas;Plena noite
767686;26/08/2010;Quinta;08:33:00;RJ;101;326.0;NITEROI;Falta de atencao;Colisao lateral;Sem Vitimas;Pleno dia
767691;11/09/2010;Sabado;08:00:00;RJ;101;322.0;NITEROI;Outras;Tombamento;Sem Vitimas;Pleno dia
767716;15/09/2010;Quarta;07:19:00;RJ;101;328.0;NITEROI;Outras;Colisao traseira;Sem Vitimas;Pleno dia
768235;16/09/2010;Quinta;07:30:00;RJ;101;307.8;SAO GONCALO;Outras;Colisao com bicicleta;Com Vitimas Feridas;Pleno dia
768287;16/09/2010;Quinta;07:30:00;RJ;101;307.0;SAO GONCALO;Falta de atencao;Colisao traseira;Com Vitimas Feridas;Pleno dia
770948;09/09/2010;Quinta;15:00:00;RJ;101;322.0;NITEROI;Nao guardar distancia de seguranca;Colisao traseira;Sem Vitimas;Pleno dia
770983;17/09/2010;Sexta;14:00:00;RJ;101;304.0;SAO GONCALO;Outras;Colisao traseira;Sem Vitimas;Pleno dia
771025;16/09/2010;Quinta;23:21:00;RJ;101;322.0;RIO DE JANEIRO;Velocidade incompativel;Colisao lateral;Sem Vitimas;Plena noite
771140;17/09/2010;Sexta;17:30:00;RJ;101;307.0;SAO GONCALO;Outras;Colisao traseira;Sem Vitimas;Plena noite
771166;17/09/2010;Sexta;19:00:00;RJ;101;321.0;NITEROI;Falta de atencao;Colisao lateral;Sem Vitimas;Plena noite
771233;17/09/2010;Sexta;19:40:00;RJ;101;331.5;CAMPOS DOS GOYTACAZES;Outras;Saida de Pista;Sem Vitimas;Plena noite
771247;16/09/2010;Quinta;21:50:00;RJ;101;315.0;SAO GONCALO;Defeito na via;Queda de motocicleta / bicicleta / veiculo;Com Vitimas Feridas;Plena noite
771353;18/09/2010;Sabado;02:15:00;RJ;101;321.0;NITEROI;Outras;Saida de Pista;Com Vitimas Feridas;Plena noite
771504;13/09/2010;Segunda;23:40:00;RJ;101;321.0;NITEROI;Outras;Colisao lateral;Sem Vitimas;Plena noite
771561;10/09/2010;Sexta;18:05:00;RJ;101;328.0;RIO DE JANEIRO;Outras;Colisao traseira;Sem Vitimas;Anoitecer
771588;18/09/2010;Sabado;10:40:00;RJ;101;324.0;NITEROI;Velocidade incompativel;Capotamento;Com Vitimas Feridas;Pleno dia
771750;18/09/2010;Sabado;18:30:00;RJ;101;305.0;SAO GONCALO;Falta de atencao;Atropelamento de pessoa;Com Vitimas Feridas;Plena noite
771774;18/09/2010;Sabado;19:00:00;RJ;101;323.0;NITEROI;Nao guardar distancia de seguranca;Colisao traseira;Sem Vitimas;Plena noite
771859;18/09/2010;Sabado;21:10:00;RJ;101;320.0;NITEROI;Outras;Colisao lateral;Sem Vitimas;Plena noite
771902;18/09/2010;Sabado;21:50:00;RJ;101;323.0;NITEROI;Velocidade incompativel;Tombamento;Com Vitimas Feridas;Plena noite
771904;19/09/2010;Domingo;00:20:00;RJ;101;327.0;RIO DE JANEIRO;Outras;Queda de motocicleta / bicicleta / veiculo;Com Vitimas Feridas;Plena noite
772253;15/09/2010;Quarta;09:25:00;RJ;101;314.0;SAO GONCALO;Outras;Queda de motocicleta / bicicleta / veiculo;Com Vitimas Feridas;Pleno dia
772260;18/09/2010;Sabado;00:40:00;RJ;101;310.0;SAO GONCALO;Outras;Capotamento;Com Vitimas Feridas;Plena noite
772295;19/09/2010;Domingo;10:30:00;RJ;101;315.0;SAO GONCALO;Outras;Colisao traseira;Sem Vitimas;Pleno dia
772440;19/09/2010;Domingo;23:45:00;RJ;101;318.0;SAO GONCALO;Outras;Queda de motocicleta / bicicleta / veiculo;Com Vitimas Feridas;Plena noite
772443;19/09/2010;Domingo;23:55:00;RJ;101;318.0;SAO GONCALO;Ingestao de alcool;Colisao traseira;Com Vitimas Feridas;Pleno dia
772501;16/09/2010;Quinta;18:30:00;RJ;101;334.0;RIO DE JANEIRO;Outras;Colisao traseira;Sem Vitimas;Plena noite
772506;16/09/2010;Quinta;20:30:00;RJ;101;321.0;NITEROI;Outras;Colisao lateral;Sem Vitimas;Plena noite
772701;16/09/2010;Quinta;07:25:00;RJ;101;324.0;NITEROI;Outras;Colisao lateral;Sem Vitimas;Pleno dia
772709;20/09/2010;Segunda;07:30:00;RJ;101;321.0;NITEROI;Outras;Colisao traseira;Sem Vitimas;Pleno dia
772889;20/09/2010;Segunda;10:29:00;RJ;101;333.0;RIO DE JANEIRO;Nao guardar distancia de seguranca;Colisao traseira;Sem Vitimas;Pleno dia
773742;13/09/2010;Segunda;22:59:00;RJ;101;321.0;NITEROI;Nao guardar distancia de seguranca;Colisao traseira;Sem Vitimas;Plena noite
773746;21/09/2010;Terca;23:30:00;RJ;101;300.0;SAO GONCALO;Nao guardar distancia de seguranca;Colisao lateral;Sem Vitimas;Plena noite
773917;14/09/2010;Terca;15:30:00;RJ;101;329.0;NITEROI;Falta de atencao;Colisao traseira;Sem Vitimas;Pleno dia
774077;22/09/2010;Quarta;11:40:00;RJ;101;319.0;SAO GONCALO;Outras;Colisao traseira;Sem Vitimas;Pleno dia
774092;22/09/2010;Quarta;14:50:00;RJ;101;329.0;NITEROI;Outras;Colisao traseira;Sem Vitimas;Pleno dia
774193;10/09/2010;Sexta;21:00:00;RJ;101;324.0;NITEROI;Outras;Colisao traseira;Sem Vitimas;Plena noite
774216;18/09/2010;Sabado;13:00:00;RJ;101;321.5;NITEROI;Defeito mecanico em veiculo;Colisao traseira;Sem Vitimas;Pleno dia
774230;22/09/2010;Quarta;16:00:00;RJ;101;324.0;NITEROI;Outras;Colisao traseira;Sem Vitimas;Pleno dia
774238;22/09/2010;Quarta;23:00:00;RJ;101;328.0;NITEROI;Falta de atencao;Colisao lateral;Sem Vitimas;Plena noite
774242;22/09/2010;Quarta;23:00:00;RJ;101;328.0;NITEROI;Dormindo;Queda de motocicleta / bicicleta / veiculo;Com Vitimas Feridas;Plena noite
774900;24/09/2010;Sexta;11:30:00;RJ;101;322.0;NITEROI;Outras;Colisao lateral;Sem Vitimas;Pleno dia
774921;24/09/2010;Sexta;12:00:00;RJ;101;309.0;SAO GONCALO;Falta de atencao;Colisao lateral;Sem Vitimas;Pleno dia
774959;24/09/2010;Sexta;10:10:00;RJ;101;322.0;NITEROI;Falta de atencao;Colisao lateral;Sem Vitimas;Pleno dia
775120;24/09/2010;Sexta;16:02:00;RJ;101;323.0;NITEROI;Nao guardar distancia de seguranca;Colisao traseira;Com Vitimas Feridas;Pleno dia
775158;24/09/2010;Sexta;20:40:00;RJ;101;334.0;RIO DE JANEIRO;Outras;Colisao traseira;Sem Vitimas;Plena noite
775388;25/09/2010;Sabado;08:14:00;RJ;101;313.0;SAO GONCALO;Outras;Colisao traseira;Sem Vitimas;Pleno dia
775521;25/09/2010;Sabado;14:15:00;RJ;101;322.0;NITEROI;Outras;Colisao traseira;Sem Vitimas;Pleno dia
775628;25/09/2010;Sabado;19:00:00;RJ;101;308.0;SAO GONCALO;Outras;Colisao traseira;Sem Vitimas;Anoitecer
775633;25/09/2010;Sabado;17:49:00;RJ;101;332.0;RIO DE JANEIRO;Outras;Colisao lateral;Sem Vitimas;Anoitecer
775641;25/09/2010;Sabado;18:30:00;RJ;101;308.3;SAO GONCALO;Outras;Capotamento;Com Vitimas Feridas;Plena noite
775656;25/09/2010;Sabado;15:00:00;RJ;101;322.0;NITEROI;Falta de atencao;Colisao traseira;Sem Vitimas;Pleno dia
775676;25/09/2010;Sabado;15:15:00;RJ;101;323.0;NITEROI;Falta de atencao;Colisao traseira;Sem Vitimas;Pleno dia
775765;25/09/2010;Sabado;18:53:00;RJ;101;323.0;NITEROI;Falta de atencao;Colisao traseira;Sem Vitimas;Anoitecer
775849;25/09/2010;Sabado;17:50:00;RJ;101;331.0;RIO DE JANEIRO;Falta de atencao;Colisao traseira;Sem Vitimas;Anoitecer
775977;26/09/2010;Domingo;10:40:00;RJ;101;318.0;SAO GONCALO;Outras;Colisao traseira;Com Vitimas Feridas;Pleno dia
776054;26/09/2010;Domingo;14:05:00;RJ;101;320.0;NITEROI;Outras;Queda de motocicleta / bicicleta / veiculo;Sem Vitimas;Pleno dia
776135;26/09/2010;Domingo;18:15:00;RJ;101;332.0;RIO DE JANEIRO;Nao guardar distancia de seguranca;Colisao traseira;Sem Vitimas;Plena noite
776153;26/09/2010;Domingo;18:30:00;RJ;101;320.0;NITEROI;Velocidade incompativel;Colisao traseira;Sem Vitimas;Plena noite
776165;26/09/2010;Domingo;19:30:00;RJ;101;321.0;NITEROI;Nao guardar distancia de seguranca;Colisao traseira;Sem Vitimas;Plena noite
776170;26/09/2010;Domingo;19:25:00;RJ;101;318.0;SAO GONCALO;Outras;Colisao traseira;Sem Vitimas;Plena noite
776375;27/09/2010;Segunda;07:45:00;RJ;101;322.0;NITEROI;Outras;Colisao com objeto fixo;Sem Vitimas;Pleno dia
776402;27/09/2010;Segunda;08:35:00;RJ;101;310.0;SAO GONCALO;Outras;Colisao traseira;Com Vitimas Feridas;Pleno dia
776410;27/09/2010;Segunda;06:35:00;RJ;101;309.0;SAO GONCALO;Falta de atencao;Colisao traseira;Sem Vitimas;Pleno dia
776490;27/09/2010;Segunda;11:49:00;RJ;101;322.0;NITEROI;Outras;Colisao com objeto fixo;Sem Vitimas;Pleno dia
776524;26/09/2010;Domingo;23:00:00;RJ;101;322.0;NITEROI;Outras;Atropelamento de pessoa;Com Vitimas Feridas;Plena noite
776603;27/09/2010;Segunda;11:00:00;RJ;101;302.0;SAO GONCALO;Outras;Atropelamento de pessoa;Com Vitimas Fatais;Pleno dia
776735;27/09/2010;Segunda;18:30:00;RJ;101;304.0;SAO GONCALO;Falta de atencao;Capotamento;Sem Vitimas;Plena noite
776737;27/09/2010;Segunda;19:30:00;RJ;101;320.0;SAO GONCALO;Defeito mecanico em veiculo;Colisao traseira;Sem Vitimas;Plena noite
776973;24/09/2010;Sexta;07:00:00;RJ;101;316.0;SAO GONCALO;Outras;Colisao traseira;Com Vitimas Feridas;Pleno dia
777196;28/09/2010;Terca;14:15:00;RJ;101;322.0;NITEROI;Outras;Colisao traseira;Sem Vitimas;Pleno dia
777214;16/09/2010;Quinta;18:00:00;RJ;101;317.0;SAO GONCALO;Outras;Colisao traseira;Sem Vitimas;Plena noite
777233;28/09/2010;Terca;10:22:00;RJ;101;327.0;NITEROI;Desobediencia a sinalizacao;Colisao lateral;Sem Vitimas;Pleno dia
777242;25/09/2010;Sabado;03:40:00;RJ;101;313.0;SAO GONCALO;Outras;Colisao traseira;Com Vitimas Feridas;Plena noite
777274;15/09/2010;Quarta;14:40:00;RJ;101;325.0;NITEROI;Falta de atencao;Colisao traseira;Sem Vitimas;Pleno dia
777307;23/09/2010;Quinta;06:00:00;RJ;101;322.0;NITEROI;Falta de atencao;Colisao lateral;Com Vitimas Feridas;Pleno dia
777413;28/09/2010;Terca;19:30:00;RJ;101;322.0;NITEROI;Nao guardar distancia de seguranca;Colisao lateral;Sem Vitimas;Plena noite
777679;21/09/2010;Terca;19:30:00;RJ;101;320.0;NITEROI;Outras;Colisao lateral;Sem Vitimas;Plena noite
777785;06/09/2010;Segunda;03:00:00;RJ;101;322.0;NITEROI;Falta de atencao;Colisao traseira;Sem Vitimas;Plena noite
777914;29/09/2010;Quarta;18:10:00;RJ;101;321.0;NITEROI;Outras;Colisao traseira;Sem Vitimas;Plena noite
777985;29/09/2010;Quarta;18:15:00;RJ;101;319.0;SAO GONCALO;Outras;Colisao traseira;Sem Vitimas;Plena noite
778099;28/09/2010;Terca;08:30:00;RJ;101;318.0;SAO GONCALO;Outras;Colisao traseira;Sem Vitimas;Pleno dia
778412;30/09/2010;Quinta;14:15:00;RJ;101;316.0;SAO GONCALO;Outras;Colisao com objeto fixo;Sem Vitimas;Pleno dia
778516;30/09/2010;Quinta;16:45:00;RJ;101;322.0;NITEROI;Nao guardar distancia de seguranca;Colisao traseira;Sem Vitimas;Pleno dia
778693;29/09/2010;Quarta;19:40:00;RJ;101;322.0;NITEROI;Outras;Colisao lateral;Sem Vitimas;Plena noite
778927;01/10/2010;Sexta;17:38:00;RJ;101;322.0;NITEROI;Defeito mecanico em veiculo;Colisao traseira;Sem Vitimas;Plena noite
779001;01/10/2010;Sexta;16:05:00;RJ;101;318.0;SAO GONCALO;Outras;Colisao traseira;Sem Vitimas;Pleno dia
779116;01/10/2010;Sexta;22:40:00;RJ;101;321.0;NITEROI;Outras;Colisao lateral;Sem Vitimas;Plena noite
779352;28/09/2010;Terca;04:50:00;RJ;101;313.0;SAO GONCALO;Outras;Saida de Pista;Sem Vitimas;Amanhecer
779370;02/10/2010;Sabado;09:50:00;RJ;101;320.0;NITEROI;Outras;Colisao lateral;Sem Vitimas;Pleno dia
779656;02/10/2010;Sabado;21:50:00;RJ;101;323.0;NITEROI;Outras;Colisao lateral;Sem Vitimas;Plena noite
779685;28/09/2010;Terca;16:00:00;RJ;101;321.0;NITEROI;Outras;Colisao lateral;Sem Vitimas;Pleno dia
779859;03/10/2010;Domingo;12:00:00;RJ;101;307.0;SAO GONCALO;Falta de atencao;Colisao traseira;Sem Vitimas;Pleno dia
779989;03/10/2010;Domingo;18:25:00;RJ;101;309.0;SAO GONCALO;Outras;Colisao traseira;Sem Vitimas;Anoitecer
780086;03/10/2010;Domingo;11:30:00;RJ;101;307.8;SAO GONCALO;Defeito mecanico em veiculo;Saida de Pista;Sem Vitimas;Pleno dia
780240;04/10/2010;Segunda;07:15:00;RJ;101;327.0;NITEROI;Falta de atencao;Colisao traseira;Sem Vitimas;Pleno dia
780395;04/10/2010;Segunda;14:00:00;RJ;101;306.0;SAO GONCALO;Outras;Colisao lateral;Sem Vitimas;Pleno dia
780519;04/10/2010;Segunda;18:20:00;RJ;101;321.0;NITEROI;Outras;Colisao lateral;Sem Vitimas;Plena noite
780692;01/10/2010;Sexta;20:30:00;RJ;101;320.0;NITEROI;Falta de atencao;Colisao traseira;Sem Vitimas;Plena noite
780752;05/10/2010;Terca;07:50:00;RJ;101;318.0;SAO GONCALO;Outras;Colisao lateral;Com Vitimas Feridas;Pleno dia
781005;04/10/2010;Segunda;18:30:00;RJ;101;322.0;NITEROI;Falta de atencao;Colisao lateral;Sem Vitimas;Plena noite
781120;30/09/2010;Quinta;16:00:00;RJ;101;331.0;RIO DE JANEIRO;Outras;Colisao traseira;Sem Vitimas;Pleno dia
781458;06/10/2010;Quarta;14:00:00;RJ;101;320.0;NITEROI;Outras;Saida de Pista;Sem Vitimas;Pleno dia
781488;02/10/2010;Sabado;09:30:00;RJ;101;310.0;SAO GONCALO;Outras;Colisao traseira;Sem Vitimas;Pleno dia
781522;30/09/2010;Quinta;16:00:00;RJ;101;333.0;RIO DE JANEIRO;Outras;Danos Eventuais;Sem Vitimas;Pleno dia
781525;06/10/2010;Quarta;07:30:00;RJ;101;310.0;SAO GONCALO;Outras;Colisao lateral;Sem Vitimas;Pleno dia
781588;06/10/2010;Quarta;19:20:00;RJ;101;328.0;NITEROI;Outras;Colisao lateral;Com Vitimas Feridas;Plena noite
781808;03/10/2010;Domingo;05:20:00;RJ;101;320.0;NITEROI;Outras;Colisao traseira;Com Vitimas Feridas;Amanhecer
781839;03/10/2010;Domingo;18:00:00;RJ;101;323.0;NITEROI;Outras;Colisao traseira;Sem Vitimas;Pleno dia
781933;05/10/2010;Terca;13:16:00;RJ;101;301.0;SAO GONCALO;Outras;Colisao traseira;Sem Vitimas;Pleno dia
782163;07/10/2010;Quinta;20:40:00;RJ;101;326.0;NITEROI;Outras;Colisao traseira;Sem Vitimas;Plena noite
782256;08/10/2010;Sexta;02:12:00;RJ;101;322.0;NITEROI;Outras;Colisao com objeto fixo;Sem Vitimas;Plena noite
782383;27/09/2010;Segunda;07:00:00;RJ;101;313.0;SAO GONCALO;Falta de atencao;Colisao traseira;Sem Vitimas;Pleno dia
782539;08/10/2010;Sexta;16:00:00;RJ;101;310.0;SAO GONCALO;Outras;Incendio;Sem Vitimas;Pleno dia
782581;08/10/2010;Sexta;18:00:00;RJ;101;322.0;NITEROI;Outras;Colisao lateral;Sem Vitimas;Plena noite
782595;08/10/2010;Sexta;18:30:00;RJ;101;321.0;NITEROI;Falta de atencao;Colisao lateral;Sem Vitimas;Pleno dia
782630;08/10/2010;Sexta;17:15:00;RJ;101;322.0;NITEROI;Outras;Colisao lateral;Sem Vitimas;Pleno dia
782698;08/10/2010;Sexta;21:00:00;RJ;101;334.0;RIO DE JANEIRO;Outras;Colisao traseira;Sem Vitimas;Plena noite
782878;08/10/2010;Sexta;21:00:00;RJ;101;322.0;NITEROI;Nao guardar distancia de seguranca;Colisao traseira;Sem Vitimas;Plena noite
783020;09/10/2010;Sabado;13:00:00;RJ;101;323.0;NITEROI;Outras;Colisao traseira;Sem Vitimas;Pleno dia
783041;09/10/2010;Sabado;13:00:00;RJ;101;322.0;NITEROI;Falta de atencao;Colisao traseira;Sem Vitimas;Pleno dia
783063;09/10/2010;Sabado;14:51:00;RJ;101;325.0;NITEROI;Falta de atencao;Colisao traseira;Sem Vitimas;Pleno dia
783139;09/10/2010;Sabado;15:00:00;RJ;101;303.0;SAO GONCALO;Outras;Colisao traseira;Sem Vitimas;Pleno dia
783184;09/10/2010;Sabado;17:50:00;RJ;101;307.0;SAO GONCALO;Outras;Colisao traseira;Com Vitimas Feridas;Plena noite
783256;09/10/2010;Sabado;20:15:00;RJ;101;314.0;SAO GONCALO;Falta de atencao;Colisao lateral;Sem Vitimas;Plena noite
783588;08/10/2010;Sexta;20:00:00;RJ;101;321.0;NITEROI;Outras;Colisao lateral;Sem Vitimas;Plena noite
783787;10/10/2010;Domingo;20:00:00;RJ;101;322.0;NITEROI;Outras;Colisao traseira;Com Vitimas Feridas;Plena noite
783790;10/10/2010;Domingo;18:50:00;RJ;101;313.0;SAO GONCALO;Falta de atencao;Colisao lateral;Sem Vitimas;Plena noite
783839;10/10/2010;Domingo;21:20:00;RJ;101;300.5;SAO GONCALO;Outras;Colisao traseira;Sem Vitimas;Plena noite
783902;10/10/2010;Domingo;18:55:00;RJ;101;302.0;SAO GONCALO;Outras;Atropelamento de pessoa;Com Vitimas Fatais;Plena noite
784030;07/10/2010;Quinta;07:30:00;RJ;101;322.0;NITEROI;Outras;Colisao traseira;Sem Vitimas;Pleno dia
784063;10/10/2010;Domingo;03:15:00;RJ;101;304.0;NITEROI;Outras;Colisao traseira;Sem Vitimas;Plena noite
784344;11/10/2010;Segunda;17:40:00;RJ;101;318.0;SAO GONCALO;Falta de atencao;Atropelamento de pessoa;Com Vitimas Feridas;Anoitecer
784447;11/10/2010;Segunda;20:40:00;RJ;101;302.0;SAO GONCALO;Ingestao de alcool;Saida de Pista;Sem Vitimas;Plena noite
784493;11/10/2010;Segunda;18:30:00;RJ;101;308.0;SAO GONCALO;Outras;Atropelamento de pessoa;Com Vitimas Fatais;Plena noite
784517;11/10/2010;Segunda;23:50:00;RJ;101;321.0;NITEROI;Outras;Colisao traseira;Sem Vitimas;Plena noite
784541;11/10/2010;Segunda;19:30:00;RJ;101;327.0;NITEROI;Outras;Colisao traseira;Sem Vitimas;Pleno dia
784553;11/10/2010;Segunda;21:00:00;RJ;101;323.0;NITEROI;Outras;Colisao lateral;Sem Vitimas;Plena noite
784555;11/10/2010;Segunda;06:36:00;RJ;101;332.0;RIO DE JANEIRO;Dormindo;Colisao traseira;Sem Vitimas;Amanhecer
784569;11/10/2010;Segunda;18:30:00;RJ;101;321.0;NITEROI;Outras;Colisao traseira;Sem Vitimas;Pleno dia
784608;08/10/2010;Sexta;19:30:00;RJ;101;304.0;SAO GONCALO;Outras;Atropelamento de pessoa;Com Vitimas Fatais;Plena noite
784812;08/10/2010;Sexta;19:40:00;RJ;101;322.0;NITEROI;Outras;Colisao lateral;Sem Vitimas;Plena noite
784814;12/10/2010;Terca;14:44:00;RJ;101;324.0;NITEROI;Nao guardar distancia de seguranca;Colisao traseira;Sem Vitimas;Pleno dia
785232;02/09/2010;Quinta;18:01:00;RJ;101;325.0;NITEROI;Outras;Colisao traseira;Sem Vitimas;Anoitecer
785322;13/10/2010;Quarta;07:10:00;RJ;101;322.0;NITEROI;Outras;Colisao traseira;Sem Vitimas;Pleno dia
785403;13/10/2010;Quarta;07:20:00;RJ;101;322.0;NITEROI;Falta de atencao;Colisao traseira;Sem Vitimas;Pleno dia
785450;13/10/2010;Quarta;16:20:00;RJ;101;306.0;SAO GONCALO;Outras;Colisao traseira;Sem Vitimas;Pleno dia
785464;13/10/2010;Quarta;17:49:00;RJ;101;320.0;NITEROI;Outras;Atropelamento de pessoa;Com Vitimas Feridas;Anoitecer
785713;14/10/2010;Quinta;04:20:00;RJ;101;315.0;SAO GONCALO;Outras;Saida de Pista;Sem Vitimas;Plena noite
785800;29/08/2010;Domingo;01:50:00;RJ;101;321.0;NITEROI;Outras;Colisao traseira;Sem Vitimas;Plena noite
785879;10/10/2010;Domingo;22:10:00;RJ;101;319.0;SAO GONCALO;Outras;Colisao traseira;Com Vitimas Feridas;Plena noite
785916;14/10/2010;Quinta;14:45:00;RJ;101;330.0;RIO DE JANEIRO;Outras;Colisao traseira;Sem Vitimas;Pleno dia
785938;14/10/2010;Quinta;15:20:00;RJ;101;322.0;NITEROI;Outras;Colisao traseira;Sem Vitimas;Pleno dia
786087;14/10/2010;Quinta;19:20:00;RJ;101;331.0;RIO DE JANEIRO;Outras;Colisao traseira;Sem Vitimas;Plena noite
786161;14/10/2010;Quinta;23:00:00;RJ;101;323.0;NITEROI;Outras;Colisao lateral;Sem Vitimas;Plena noite
786168;14/10/2010;Quinta;23:30:00;RJ;101;323.0;NITEROI;Outras;Colisao lateral;Sem Vitimas;Plena noite
786189;15/10/2010;Sexta;00:50:00;RJ;101;310.0;SAO GONCALO;Animais na Pista;Atropelamento de animal;Sem Vitimas;Plena noite
786331;15/10/2010;Sexta;07:34:00;RJ;101;324.0;NITEROI;Outras;Colisao traseira;Sem Vitimas;Pleno dia
786343;07/10/2010;Quinta;22:30:00;RJ;101;320.0;NITEROI;Ingestao de alcool;Colisao lateral;Sem Vitimas;Plena noite
786371;15/10/2010;Sexta;06:48:00;RJ;101;308.0;SAO GONCALO;Outras;Colisao traseira;Sem Vitimas;Pleno dia
786391;11/10/2010;Segunda;16:30:00;RJ;101;321.0;NITEROI;Outras;Colisao traseira;Sem Vitimas;Pleno dia
786569;15/10/2010;Sexta;19:00:00;RJ;101;328.0;RIO DE JANEIRO;Outras;Colisao traseira;Sem Vitimas;Plena noite
786863;16/10/2010;Sabado;08:40:00;RJ;101;328.0;RIO DE JANEIRO;Outras;Colisao traseira;Sem Vitimas;Pleno dia
786865;16/10/2010;Sabado;10:00:00;RJ;101;326.0;NITEROI;Outras;Colisao lateral;Sem Vitimas;Pleno dia
786877;16/10/2010;Sabado;10:55:00;RJ;101;322.0;NITEROI;Velocidade incompativel;Colisao com objeto fixo;Sem Vitimas;Pleno dia
786940;16/10/2010;Sabado;08:35:00;RJ;101;330.0;RIO DE JANEIRO;Falta de atencao;Tombamento;Com Vitimas Feridas;Pleno dia
786985;16/10/2010;Sabado;16:00:00;RJ;101;321.0;NITEROI;Outras;Colisao traseira;Sem Vitimas;Pleno dia
786997;16/10/2010;Sabado;16:00:00;RJ;101;321.0;NITEROI;Outras;Queda de motocicleta / bicicleta / veiculo;Com Vitimas Feridas;Pleno dia
787014;16/10/2010;Sabado;17:00:00;RJ;101;321.0;NITEROI;Outras;Colisao traseira;Sem Vitimas;Pleno dia
787037;16/10/2010;Sabado;17:50:00;RJ;101;321.0;NITEROI;Outras;Colisao lateral;Sem Vitimas;Anoitecer
787338;17/10/2010;Domingo;10:45:00;RJ;101;319.0;SAO GONCALO;Outras;Capotamento;Sem Vitimas;Pleno dia
787400;15/10/2010;Sexta;07:30:00;RJ;101;321.0;NITEROI;Outras;Colisao lateral;Sem Vitimas;Pleno dia
787514;17/10/2010;Domingo;18:00:00;RJ;101;333.3;RIO DE JANEIRO;Outras;Colisao lateral;Sem Vitimas;Pleno dia
787557;17/10/2010;Domingo;22:45:00;RJ;101;334.0;RIO DE JANEIRO;Defeito mecanico em veiculo;Colisao com objeto movel;Sem Vitimas;Plena noite
787602;18/10/2010;Segunda;00:50:00;RJ;101;325.0;NITEROI;Ingestao de alcool;Colisao com objeto movel;Com Vitimas Feridas;Plena noite
787781;14/10/2010;Quinta;07:10:00;RJ;101;325.0;NITEROI;Outras;Colisao traseira;Sem Vitimas;Pleno dia
787812;14/10/2010;Quinta;22:30:00;RJ;101;334.0;RIO DE JANEIRO;Outras;Colisao traseira;Sem Vitimas;Plena noite
787878;18/10/2010;Segunda;14:15:00;RJ;101;322.0;NITEROI;Outras;Colisao com objeto fixo;Sem Vitimas;Pleno dia
787882;18/10/2010;Segunda;13:50:00;RJ;101;322.0;NITEROI;Nao guardar distancia de seguranca;Colisao traseira;Sem Vitimas;Pleno dia
787897;18/10/2010;Segunda;14:00:00;RJ;101;322.0;NITEROI;Outras;Colisao traseira;Sem Vitimas;Pleno dia
787911;18/10/2010;Segunda;14:15:00;RJ;101;322.0;NITEROI;Outras;Colisao com objeto fixo;Sem Vitimas;Pleno dia
787931;18/10/2010;Segunda;14:15:00;RJ;101;322.0;NITEROI;Outras;Colisao traseira;Sem Vitimas;Pleno dia
787944;18/10/2010;Segunda;15:30:00;RJ;101;321.0;NITEROI;Outras;Colisao lateral;Sem Vitimas;Pleno dia
787986;18/10/2010;Segunda;11:30:00;RJ;101;322.0;NITEROI;Outras;Colisao traseira;Sem Vitimas;Plena noite
788010;14/10/2010;Quinta;15:00:00;RJ;101;325.0;NITEROI;Outras;Colisao traseira;Sem Vitimas;Pleno dia
788065;18/10/2010;Segunda;13:25:00;RJ;101;321.4;NITEROI;Outras;Colisao traseira;Sem Vitimas;Pleno dia
788089;18/10/2010;Segunda;14:50:00;RJ;101;322.0;NITEROI;Outras;Colisao lateral;Sem Vitimas;Pleno dia
788253;19/10/2010;Terca;06:40:00;RJ;101;319.0;NITEROI;Outras;Colisao traseira;Sem Vitimas;Amanhecer
788297;19/10/2010;Terca;09:15:00;RJ;101;330.0;RIO DE JANEIRO;Outras;Colisao traseira;Sem Vitimas;Pleno dia
788474;15/10/2010;Sexta;19:10:00;RJ;101;321.0;NITEROI;Outras;Colisao lateral;Sem Vitimas;Plena noite
788553;19/10/2010;Terca;16:45:00;RJ;101;322.0;NITEROI;Outras;Colisao traseira;Sem Vitimas;Pleno dia
788610;19/10/2010;Terca;20:20:00;RJ;101;317.0;SAO GONCALO;Outras;Colisao traseira;Sem Vitimas;Plena noite
788725;20/10/2010;Quarta;07:30:00;RJ;101;329.0;RIO DE JANEIRO;Outras;Colisao traseira;Sem Vitimas;Pleno dia
788837;16/10/2010;Sabado;18:25:00;RJ;101;320.0;NITEROI;Falta de atencao;Colisao traseira;Sem Vitimas;Anoitecer
788876;20/10/2010;Quarta;07:40:00;RJ;101;316.0;SAO GONCALO;Falta de atencao;Colisao traseira;Sem Vitimas;Pleno dia
788961;16/10/2010;Sabado;22:20:00;RJ;101;333.0;RIO DE JANEIRO;Outras;Colisao traseira;Sem Vitimas;Plena noite
788993;20/10/2010;Quarta;07:40:00;RJ;101;318.0;SAO GONCALO;Falta de atencao;Colisao traseira;Sem Vitimas;Pleno dia
789041;20/10/2010;Quarta;20:00:00;RJ;101;322.0;NITEROI;Defeito mecanico em veiculo;Colisao traseira;Sem Vitimas;Plena noite
789375;20/10/2010;Quarta;18:45:00;RJ;101;322.0;NITEROI;Outras;Colisao traseira;Sem Vitimas;Plena noite
789390;21/10/2010;Quinta;15:30:00;RJ;101;323.0;NITEROI;Outras;Colisao traseira;Sem Vitimas;Pleno dia
789429;20/10/2010;Quarta;07:00:00;RJ;101;327.0;NITEROI;Outras;Colisao lateral;Sem Vitimas;Pleno dia
789496;21/10/2010;Quinta;19:30:00;RJ;101;318.0;SAO GONCALO;Outras;Colisao traseira;Sem Vitimas;Anoitecer
789511;17/10/2010;Domingo;22:17:00;RJ;101;329.0;NITEROI;Defeito mecanico em veiculo;Colisao traseira;Sem Vitimas;Plena noite
789623;22/10/2010;Sexta;03:30:00;RJ;101;323.0;NITEROI;Falta de atencao;Colisao lateral;Sem Vitimas;Plena noite
789831;22/10/2010;Sexta;12:50:00;RJ;101;322.0;NITEROI;Outras;Colisao traseira;Sem Vitimas;Pleno dia
789910;22/10/2010;Sexta;17:20:00;RJ;101;328.0;RIO DE JANEIRO;Outras;Colisao lateral;Sem Vitimas;Pleno dia
790042;22/10/2010;Sexta;20:50:00;RJ;101;322.0;NITEROI;Outras;Colisao traseira;Sem Vitimas;Plena noite
790062;22/10/2010;Sexta;21:30:00;RJ;101;334.0;RIO DE JANEIRO;Outras;Colisao lateral;Sem Vitimas;Plena noite
790097;22/10/2010;Sexta;21:51:00;RJ;101;334.0;RIO DE JANEIRO;Nao guardar distancia de seguranca;Colisao lateral;Sem Vitimas;Plena noite
790151;23/10/2010;Sabado;04:00:00;RJ;101;313.0;SAO GONCALO;Ingestao de alcool;Saida de Pista;Com Vitimas Feridas;Plena noite
790265;23/10/2010;Sabado;09:55:00;RJ;101;322.0;NITEROI;Outras;Colisao traseira;Sem Vitimas;Pleno dia
790392;23/10/2010;Sabado;17:15:00;RJ;101;323.0;NITEROI;Nao guardar distancia de seguranca;Colisao traseira;Sem Vitimas;Pleno dia
790441;23/10/2010;Sabado;17:30:00;RJ;101;306.5;SAO GONCALO;Outras;Colisao com bicicleta;Com Vitimas Feridas;Pleno dia
790481;23/10/2010;Sabado;19:50:00;RJ;101;322.0;NITEROI;Outras;Colisao traseira;Sem Vitimas;Plena noite
790554;23/10/2010;Sabado;23:40:00;RJ;101;322.0;NITEROI;Falta de atencao;Colisao traseira;Sem Vitimas;Plena noite
790570;23/10/2010;Sabado;23:50:00;RJ;101;321.0;NITEROI;Outras;Colisao lateral;Sem Vitimas;Pleno dia
790635;24/10/2010;Domingo;04:41:00;RJ;101;332.0;NITEROI;Ingestao de alcool;Colisao com objeto fixo;Com Vitimas Feridas;Plena noite
790886;24/10/2010;Domingo;19:30:00;RJ;101;334.0;RIO DE JANEIRO;Nao guardar distancia de seguranca;Colisao lateral;Sem Vitimas;Plena noite
791061;21/10/2010;Quinta;17:05:00;RJ;101;331.0;RIO DE JANEIRO;Outras;Colisao traseira;Sem Vitimas;Pleno dia
791095;25/10/2010;Segunda;07:06:00;RJ;101;329.0;NITEROI;Outras;Colisao traseira;Com Vitimas Feridas;Pleno dia
791190;25/10/2010;Segunda;11:40:00;RJ;101;319.0;NITEROI;Outras;Colisao traseira;Sem Vitimas;Pleno dia
791317;25/10/2010;Segunda;17:10:00;RJ;101;328.0;NITEROI;Outras;Colisao traseira;Sem Vitimas;Pleno dia
791323;25/10/2010;Segunda;17:00:00;RJ;101;311.0;SAO GONCALO;Outras;Colisao lateral;Sem Vitimas;Amanhecer
791624;26/10/2010;Terca;06:15:00;RJ;101;324.0;NITEROI;Outras;Colisao com objeto fixo;Sem Vitimas;Amanhecer
791636;26/10/2010;Terca;07:00:00;RJ;101;313.0;SAO GONCALO;Outras;Colisao lateral;Com Vitimas Feridas;Pleno dia
791658;18/10/2010;Segunda;17:30:00;RJ;101;320.0;NITEROI;Outras;Colisao traseira;Sem Vitimas;Pleno dia
791672;22/10/2010;Sexta;20:32:00;RJ;101;322.0;NITEROI;Outras;Colisao traseira;Com Vitimas Feridas;Pleno dia
791693;22/10/2010;Sexta;23:08:00;RJ;101;321.0;NITEROI;Outras;Colisao lateral;Sem Vitimas;Plena noite
791756;26/10/2010;Terca;12:30:00;RJ;101;313.0;SAO GONCALO;Outras;Capotamento;Sem Vitimas;Pleno dia
791888;26/10/2010;Terca;07:30:00;RJ;101;316.0;SAO GONCALO;Outras;Colisao lateral;Sem Vitimas;Pleno dia
791972;26/10/2010;Terca;20:00:00;RJ;101;328.0;RIO DE JANEIRO;Outras;Colisao traseira;Sem Vitimas;Plena noite
791989;26/10/2010;Terca;21:30:00;RJ;101;321.0;NITEROI;Outras;Colisao traseira;Sem Vitimas;Plena noite
791990;26/10/2010;Terca;19:45:00;RJ;101;319.0;SAO GONCALO;Outras;Colisao lateral;Sem Vitimas;Anoitecer
792004;26/10/2010;Terca;22:00:00;RJ;101;322.0;NITEROI;Outras;Colisao com objeto fixo;Sem Vitimas;Plena noite
792012;26/10/2010;Terca;22:20:00;RJ;101;322.0;NITEROI;Outras;Colisao com objeto movel;Sem Vitimas;Plena noite
792246;16/10/2010;Sabado;04:00:00;RJ;101;306.0;SAO GONCALO;Outras;Saida de Pista;Com Vitimas Fatais;Plena noite
792519;27/10/2010;Quarta;14:00:00;RJ;101;321.0;NITEROI;Outras;Colisao traseira;Sem Vitimas;Pleno dia
792608;24/10/2010;Domingo;01:47:00;RJ;101;322.0;NITEROI;Outras;Colisao frontal;Sem Vitimas;Plena noite
792609;27/10/2010;Quarta;13:26:00;RJ;101;332.0;RIO DE JANEIRO;Outras;Colisao traseira;Sem Vitimas;Pleno dia
792666;20/10/2010;Quarta;22:30:00;RJ;101;319.0;NITEROI;Falta de atencao;Colisao traseira;Sem Vitimas;Plena noite
792801;28/10/2010;Quinta;10:40:00;RJ;101;334.0;RIO DE JANEIRO;Outras;Colisao traseira;Sem Vitimas;Pleno dia
792831;16/10/2010;Sabado;13:25:00;RJ;101;320.0;NITEROI;Outras;Colisao traseira;Sem Vitimas;Pleno dia
792916;28/10/2010;Quinta;15:30:00;RJ;101;327.0;NITEROI;Defeito mecanico em veiculo;Colisao com objeto movel;Sem Vitimas;Pleno dia
792947;28/10/2010;Quinta;16:50:00;RJ;101;329.0;RIO DE JANEIRO;Outras;Colisao traseira;Com Vitimas Feridas;Pleno dia
792966;28/10/2010;Quinta;16:30:00;RJ;101;320.0;NITEROI;Nao guardar distancia de seguranca;Colisao traseira;Sem Vitimas;Pleno dia
793172;25/10/2010;Segunda;21:00:00;RJ;101;329.0;RIO DE JANEIRO;Outras;Colisao com objeto movel;Sem Vitimas;Plena noite
793224;29/10/2010;Sexta;08:27:00;RJ;101;328.0;NITEROI;Falta de atencao;Colisao traseira;Com Vitimas Feridas;Pleno dia
793291;29/10/2010;Sexta;09:15:00;RJ;101;319.0;SAO GONCALO;Outras;Colisao traseira;Sem Vitimas;Pleno dia
793304;29/10/2010;Sexta;09:15:00;RJ;101;319.5;NITEROI;Outras;Colisao traseira;Com Vitimas Feridas;Pleno dia
793346;28/10/2010;Quinta;12:00:00;RJ;101;320.0;NITEROI;Falta de atencao;Colisao traseira;Sem Vitimas;Pleno dia
793413;29/10/2010;Sexta;17:00:00;RJ;101;328.0;NITEROI;Outras;Colisao traseira;Sem Vitimas;Pleno dia
793753;26/10/2010;Terca;22:00:00;RJ;101;321.0;NITEROI;Outras;Colisao traseira;Sem Vitimas;Plena noite
793831;26/10/2010;Terca;22:30:00;RJ;101;313.0;SAO GONCALO;Outras;Capotamento;Com Vitimas Feridas;Plena noite
793889;30/10/2010;Sabado;13:20:00;RJ;101;321.0;NITEROI;Outras;Colisao traseira;Com Vitimas Feridas;Pleno dia
794194;30/10/2010;Sabado;23:10:00;RJ;101;329.0;RIO DE JANEIRO;Outras;Colisao lateral;Sem Vitimas;Plena noite
794508;31/10/2010;Domingo;16:26:00;RJ;101;324.0;NITEROI;Outras;Colisao traseira;Sem Vitimas;Pleno dia
794589;31/10/2010;Domingo;14:46:00;RJ;101;300.0;SAO GONCALO;Outras;Colisao lateral;Sem Vitimas;Pleno dia
794809;16/10/2010;Sabado;08:24:00;RJ;101;329.0;NITEROI;Falta de atencao;Capotamento;Sem Vitimas;Pleno dia
794819;01/11/2010;Segunda;05:40:00;RJ;101;321.0;NITEROI;Nao guardar distancia de seguranca;Colisao traseira;Sem Vitimas;Amanhecer
794986;01/11/2010;Segunda;14:30:00;RJ;101;313.0;SAO GONCALO;Dormindo;Colisao traseira;Sem Vitimas;Pleno dia
794990;28/10/2010;Quinta;16:20:00;RJ;101;328.0;RIO DE JANEIRO;Falta de atencao;Colisao traseira;Sem Vitimas;Pleno dia
795090;01/11/2010;Segunda;17:00:00;RJ;101;320.0;NITEROI;Falta de atencao;Colisao traseira;Sem Vitimas;Pleno dia
795279;02/11/2010;Terca;04:50:00;RJ;101;312.0;SAO GONCALO;Animais na Pista;Capotamento;Sem Vitimas;Amanhecer
795513;02/11/2010;Terca;16:50:00;RJ;101;320.0;NITEROI;Falta de atencao;Colisao traseira;Sem Vitimas;Pleno dia
795561;02/11/2010;Terca;18:35:00;RJ;101;317.0;SAO GONCALO;Nao guardar distancia de seguranca;Colisao traseira;Sem Vitimas;Anoitecer
795822;03/11/2010;Quarta;06:00:00;RJ;101;312.0;SAO GONCALO;Nao guardar distancia de seguranca;Colisao traseira;Com Vitimas Feridas;Amanhecer
795852;03/11/2010;Quarta;08:15:00;RJ;101;322.0;NITEROI;Outras;Colisao traseira;Sem Vitimas;Pleno dia
795877;30/10/2010;Sabado;17:00:00;RJ;101;321.0;NITEROI;Outras;Colisao traseira;Sem Vitimas;Pleno dia
795882;03/11/2010;Quarta;09:00:00;RJ;101;316.0;SAO GONCALO;Falta de atencao;Colisao lateral;Com Vitimas Feridas;Pleno dia
796153;30/10/2010;Sabado;11:50:00;RJ;101;322.0;NITEROI;Outras;Colisao traseira;Sem Vitimas;Pleno dia
796175;03/11/2010;Quarta;11:20:00;RJ;101;333.0;RIO DE JANEIRO;Outras;Colisao traseira;Com Vitimas Feridas;Pleno dia
796183;03/11/2010;Quarta;10:40:00;RJ;101;322.0;NITEROI;Outras;Colisao traseira;Sem Vitimas;Pleno dia
796194;03/11/2010;Quarta;18:40:00;RJ;101;334.0;RIO DE JANEIRO;Outras;Colisao traseira;Com Vitimas Feridas;Plena noite
796407;31/10/2010;Domingo;13:50:00;RJ;101;326.0;NITEROI;Outras;Colisao traseira;Sem Vitimas;Pleno dia
796539;31/10/2010;Domingo;15:00:00;RJ;101;323.0;NITEROI;Outras;Colisao traseira;Sem Vitimas;Pleno dia
796592;01/11/2010;Segunda;03:00:00;RJ;101;312.0;SAO GONCALO;Outras;Saida de Pista;Sem Vitimas;Plena noite
796620;04/11/2010;Quinta;18:30:00;RJ;101;320.0;NITEROI;Outras;Colisao traseira;Sem Vitimas;Anoitecer
796711;04/11/2010;Quinta;19:02:00;RJ;101;333.0;RIO DE JANEIRO;Outras;Colisao traseira;Sem Vitimas;Plena noite
796715;31/10/2010;Domingo;15:50:00;RJ;101;323.0;NITEROI;Outras;Colisao traseira;Sem Vitimas;Pleno dia
796870;05/11/2010;Sexta;07:25:00;RJ;101;324.0;NITEROI;Falta de atencao;Colisao lateral;Sem Vitimas;Pleno dia
796969;05/11/2010;Sexta;13:00:00;RJ;101;312.7;SAO GONCALO;Outras;Colisao com bicicleta;Com Vitimas Feridas;Pleno dia
797129;05/11/2010;Sexta;17:30:00;RJ;101;324.0;NITEROI;Outras;Colisao traseira;Com Vitimas Feridas;Pleno dia
797227;05/11/2010;Sexta;20:15:00;RJ;101;313.0;SAO GONCALO;Outras;Colisao traseira;Com Vitimas Feridas;Plena noite
797237;05/11/2010;Sexta;21:05:00;RJ;101;313.0;SAO GONCALO;Outras;Colisao traseira;Sem Vitimas;Plena noite
797274;05/11/2010;Sexta;18:07:00;RJ;101;325.0;NITEROI;Outras;Atropelamento de pessoa;Com Vitimas Feridas;Anoitecer
797472;06/11/2010;Sabado;09:45:00;RJ;101;308.0;SAO GONCALO;Outras;Colisao com objeto fixo;Sem Vitimas;Pleno dia
797565;06/11/2010;Sabado;06:15:00;RJ;101;334.0;RIO DE JANEIRO;Outras;Colisao com objeto fixo;Sem Vitimas;Pleno dia
797595;06/11/2010;Sabado;15:25:00;RJ;101;313.0;SAO GONCALO;Nao guardar distancia de seguranca;Colisao traseira;Sem Vitimas;Pleno dia
797601;06/11/2010;Sabado;13:30:00;RJ;101;328.0;RIO DE JANEIRO;Outras;Colisao traseira;Sem Vitimas;Pleno dia
797612;05/11/2010;Sexta;17:30:00;RJ;101;328.0;NITEROI;Falta de atencao;Colisao lateral;Sem Vitimas;Pleno dia
797636;05/11/2010;Sexta;22:20:00;RJ;101;322.0;NITEROI;Falta de atencao;Colisao lateral;Sem Vitimas;Plena noite
797677;06/11/2010;Sabado;18:00:00;RJ;101;334.0;RIO DE JANEIRO;Falta de atencao;Colisao traseira;Sem Vitimas;Pleno dia
797814;07/11/2010;Domingo;08:00:00;RJ;101;316.0;SAO GONCALO;Outras;Saida de Pista;Sem Vitimas;Pleno dia
797953;07/11/2010;Domingo;18:30:00;RJ;101;311.0;SAO GONCALO;Outras;Capotamento;Com Vitimas Feridas;Anoitecer
797976;07/11/2010;Domingo;15:45:00;RJ;101;311.0;SAO GONCALO;Outras;Atropelamento de pessoa;Com Vitimas Feridas;Pleno dia
798052;03/11/2010;Quarta;17:05:00;RJ;101;322.0;NITEROI;Outras;Colisao traseira;Sem Vitimas;Pleno dia
798089;08/11/2010;Segunda;01:50:00;RJ;101;300.0;SAO GONCALO;Outras;Saida de Pista;Sem Vitimas;Plena noite
798301;08/11/2010;Segunda;11:20:00;RJ;101;322.0;NITEROI;Nao guardar distancia de seguranca;Colisao traseira;Sem Vitimas;Pleno dia
798325;05/11/2010;Sexta;21:00:00;RJ;101;322.0;NITEROI;Outras;Colisao traseira;Sem Vitimas;Plena noite
798500;08/11/2010;Segunda;15:40:00;RJ;101;334.0;RIO DE JANEIRO;Outras;Colisao lateral;Sem Vitimas;Pleno dia
798725;29/10/2010;Sexta;07:00:00;RJ;101;325.0;NITEROI;Outras;Colisao traseira;Sem Vitimas;Pleno dia
798750;06/11/2010;Sabado;04:00:00;RJ;101;311.0;SAO GONCALO;Outras;Colisao traseira;Sem Vitimas;Plena noite
798973;20/10/2010;Quarta;12:41:00;RJ;101;328.0;RIO DE JANEIRO;Outras;Colisao traseira;Sem Vitimas;Pleno dia
799048;09/11/2010;Terca;16:00:00;RJ;101;333.0;NITEROI;Falta de atencao;Colisao lateral;Sem Vitimas;Pleno dia
799250;09/11/2010;Terca;13:30:00;RJ;101;328.0;RIO DE JANEIRO;Outras;Colisao traseira;Sem Vitimas;Pleno dia
799590;07/11/2010;Domingo;00:15:00;RJ;101;327.0;NITEROI;Outras;Colisao traseira;Sem Vitimas;Plena noite
799598;17/08/2010;Terca;22:25:00;RJ;101;328.0;RIO DE JANEIRO;Outras;Colisao traseira;Com Vitimas Feridas;Plena noite
799760;10/11/2010;Quarta;19:00:00;RJ;101;322.0;NITEROI;Outras;Colisao lateral;Sem Vitimas;Plena noite
799788;10/11/2010;Quarta;20:29:00;RJ;101;322.0;NITEROI;Outras;Colisao lateral;Sem Vitimas;Plena noite
799883;10/11/2010;Quarta;20:00:00;RJ;101;323.0;NITEROI;Outras;Colisao traseira;Sem Vitimas;Plena noite
799997;11/11/2010;Quinta;05:40:00;RJ;101;321.0;NITEROI;Outras;Colisao com objeto fixo;Sem Vitimas;Pleno dia
800001;09/11/2010;Terca;19:35:00;RJ;101;327.0;RIO DE JANEIRO;Outras;Colisao traseira;Sem Vitimas;Plena noite
800002;11/11/2010;Quinta;07:00:00;RJ;101;302.0;SAO GONCALO;Outras;Colisao traseira;Sem Vitimas;Pleno dia
800209;11/11/2010;Quinta;05:30:00;RJ;101;300.0;SAO GONCALO;Outras;Saida de Pista;Sem Vitimas;Amanhecer
800223;11/11/2010;Quinta;15:30:00;RJ;101;311.0;SAO GONCALO;Outras;Colisao frontal;Sem Vitimas;Pleno dia
800240;11/11/2010;Quinta;15:35:00;RJ;101;317.0;SAO GONCALO;Nao guardar distancia de seguranca;Colisao traseira;Sem Vitimas;Pleno dia
800287;11/11/2010;Quinta;18:00:00;RJ;101;324.0;NITEROI;Outras;Colisao com objeto movel;Sem Vitimas;Pleno dia
800366;11/11/2010;Quinta;18:50:00;RJ;101;322.0;NITEROI;Outras;Colisao lateral;Sem Vitimas;Anoitecer
800414;11/11/2010;Quinta;19:30:00;RJ;101;327.0;NITEROI;Outras;Colisao traseira;Sem Vitimas;Plena noite
800583;12/11/2010;Sexta;06:45:00;RJ;101;310.7;SAO GONCALO;Outras;Colisao traseira;Com Vitimas Feridas;Pleno dia
800611;08/11/2010;Segunda;16:10:00;RJ;101;322.0;NITEROI;Falta de atencao;Colisao lateral;Sem Vitimas;Pleno dia
800627;12/11/2010;Sexta;07:30:00;RJ;101;313.0;SAO GONCALO;Outras;Colisao lateral;Sem Vitimas;Pleno dia
800688;12/11/2010;Sexta;08:40:00;RJ;101;320.0;NITEROI;Outras;Colisao lateral;Com Vitimas Feridas;Pleno dia
800754;05/11/2010;Sexta;05:00:00;RJ;101;322.0;NITEROI;Outras;Capotamento;Sem Vitimas;Amanhecer
800773;12/11/2010;Sexta;11:40:00;RJ;101;321.0;NITEROI;Outras;Colisao lateral;Sem Vitimas;Pleno dia
800809;12/11/2010;Sexta;09:50:00;RJ;101;325.0;NITEROI;Outras;Colisao traseira;Sem Vitimas;Pleno dia
801211;13/11/2010;Sabado;06:30:00;RJ;101;322.0;NITEROI;Nao guardar distancia de seguranca;Colisao traseira;Sem Vitimas;Pleno dia
801304;13/11/2010;Sabado;08:50:00;RJ;101;322.0;NITEROI;Outras;Colisao traseira;Com Vitimas Feridas;Pleno dia
801571;13/11/2010;Sabado;17:35:00;RJ;101;333.9;RIO DE JANEIRO;Outras;Colisao lateral;Sem Vitimas;Pleno dia
801645;13/11/2010;Sabado;19:40:00;RJ;101;303.0;SAO GONCALO;Outras;Colisao traseira;Sem Vitimas;Plena noite
801944;14/11/2010;Domingo;08:43:00;RJ;101;299.0;SAO GONCALO;Outras;Capotamento;Com Vitimas Feridas;Pleno dia
802021;07/11/2010;Domingo;02:50:00;RJ;101;313.0;SAO GONCALO;Outras;Capotamento;Com Vitimas Feridas;Plena noite
802118;14/11/2010;Domingo;12:45:00;RJ;101;299.0;SAO GONCALO;Falta de atencao;Colisao lateral;Sem Vitimas;Pleno dia
802136;06/11/2010;Sabado;08:30:00;RJ;101;324.0;NITEROI;Outras;Colisao traseira;Com Vitimas Fatais;Pleno dia
802202;14/11/2010;Domingo;19:20:00;RJ;101;313.0;SAO GONCALO;Outras;Saida de Pista;Sem Vitimas;Plena noite
802406;15/11/2010;Segunda;05:30:00;RJ;101;304.0;SAO GONCALO;Outras;Saida de Pista;Com Vitimas Feridas;Amanhecer
802663;15/11/2010;Segunda;15:30:00;RJ;101;319.0;SAO GONCALO;Outras;Colisao Transversal;Sem Vitimas;Pleno dia
802895;15/11/2010;Segunda;23:30:00;RJ;101;300.0;SAO GONCALO;Outras;Colisao lateral;Sem Vitimas;Plena noite
803014;16/11/2010;Terca;06:05:00;RJ;101;300.0;SAO GONCALO;Outras;Colisao traseira;Sem Vitimas;Amanhecer
803016;12/11/2010;Sexta;22:30:00;RJ;101;326.0;NITEROI;Outras;Danos Eventuais;Com Vitimas Feridas;Plena noite
803064;12/11/2010;Sexta;16:26:00;RJ;101;331.0;RIO DE JANEIRO;Outras;Colisao traseira;Sem Vitimas;Pleno dia
803096;13/11/2010;Sabado;03:10:00;RJ;101;325.0;NITEROI;Outras;Capotamento;Com Vitimas Feridas;Plena noite
803137;16/11/2010;Terca;05:15:00;RJ;101;310.0;SAO GONCALO;Outras;Atropelamento de pessoa;Com Vitimas Fatais;Amanhecer
803187;16/11/2010;Terca;09:30:00;RJ;101;321.0;NITEROI;Outras;Colisao traseira;Sem Vitimas;Pleno dia
803281;16/11/2010;Terca;10:45:00;RJ;101;326.0;NITEROI;Outras;Colisao lateral;Sem Vitimas;Pleno dia
803282;16/11/2010;Terca;12:40:00;RJ;101;334.0;RIO DE JANEIRO;Outras;Colisao traseira;Sem Vitimas;Pleno dia
803850;13/11/2010;Sabado;07:00:00;RJ;101;323.0;NITEROI;Outras;Colisao traseira;Sem Vitimas;Amanhecer
803884;13/11/2010;Sabado;07:50:00;RJ;101;325.0;NITEROI;Outras;Colisao traseira;Sem Vitimas;Amanhecer
804268;17/11/2010;Quarta;22:00:00;RJ;101;334.0;RIO DE JANEIRO;Outras;Colisao lateral;Sem Vitimas;Plena noite
804607;18/11/2010;Quinta;16:00:00;RJ;101;321.0;NITEROI;Outras;Colisao traseira;Sem Vitimas;Pleno dia
804638;18/11/2010;Quinta;13:00:00;RJ;101;333.0;RIO DE JANEIRO;Falta de atencao;Colisao traseira;Sem Vitimas;Pleno dia
804643;18/11/2010;Quinta;07:15:00;RJ;101;318.0;SAO GONCALO;Outras;Colisao lateral;Sem Vitimas;Pleno dia
804792;18/11/2010;Quinta;22:55:00;RJ;101;318.0;SAO GONCALO;Outras;Colisao lateral;Sem Vitimas;Plena noite
804819;19/11/2010;Sexta;06:16:00;RJ;101;300.0;SAO GONCALO;Nao guardar distancia de seguranca;Colisao lateral;Sem Vitimas;Amanhecer
805015;11/10/2010;Segunda;16:30:00;RJ;101;326.0;NITEROI;Outras;Colisao traseira;Com Vitimas Feridas;Pleno dia
805016;19/11/2010;Sexta;14:40:00;RJ;101;333.0;RIO DE JANEIRO;Outras;Colisao traseira;Com Vitimas Feridas;Pleno dia
805028;19/11/2010;Sexta;15:40:00;RJ;101;324.0;NITEROI;Outras;Colisao traseira;Sem Vitimas;Pleno dia
805138;19/11/2010;Sexta;19:30:00;RJ;101;322.0;NITEROI;Outras;Colisao lateral;Sem Vitimas;Plena noite
805202;19/11/2010;Sexta;21:40:00;RJ;101;321.0;NITEROI;Outras;Colisao traseira;Sem Vitimas;Plena noite
805232;19/11/2010;Sexta;21:30:00;RJ;101;313.0;SAO GONCALO;Outras;Colisao traseira;Sem Vitimas;Plena noite
805233;19/11/2010;Sexta;22:00:00;RJ;101;315.0;SAO GONCALO;Nao guardar distancia de seguranca;Colisao traseira;Sem Vitimas;Plena noite
805296;20/11/2010;Sabado;01:00:00;RJ;101;303.0;SAO GONCALO;Dormindo;Capotamento;Sem Vitimas;Plena noite
805400;16/11/2010;Terca;18:50:00;RJ;101;322.0;NITEROI;Outras;Colisao lateral;Sem Vitimas;Anoitecer
805492;20/11/2010;Sabado;10:00:00;RJ;101;324.0;NITEROI;Outras;Colisao traseira;Sem Vitimas;Pleno dia
805499;20/11/2010;Sabado;13:00:00;RJ;101;325.0;NITEROI;Outras;Colisao traseira;Sem Vitimas;Pleno dia
805710;20/11/2010;Sabado;22:03:00;RJ;101;322.2;NITEROI;Outras;Colisao com objeto fixo;Sem Vitimas;Plena noite
805752;20/11/2010;Sabado;20:50:00;RJ;101;322.0;NITEROI;Outras;Colisao lateral;Sem Vitimas;Plena noite
805951;21/11/2010;Domingo;10:45:00;RJ;101;319.0;SAO GONCALO;Outras;Saida de Pista;Sem Vitimas;Pleno dia
806210;21/11/2010;Domingo;18:50:00;RJ;101;320.0;NITEROI;Outras;Colisao lateral;Sem Vitimas;Anoitecer
806284;22/11/2010;Segunda;02:10:00;RJ;101;310.0;SAO GONCALO;Outras;Saida de Pista;Sem Vitimas;Plena noite
806344;22/11/2010;Segunda;05:40:00;RJ;101;301.0;SAO GONCALO;Outras;Saida de Pista;Sem Vitimas;Pleno dia
806514;22/11/2010;Segunda;07:30:00;RJ;101;318.0;SAO GONCALO;Outras;Atropelamento de pessoa;Com Vitimas Feridas;Pleno dia
806568;19/11/2010;Sexta;22:00:00;RJ;101;311.0;SAO GONCALO;Outras;Colisao lateral;Sem Vitimas;Plena noite
806693;22/11/2010;Segunda;19:00:00;RJ;101;323.0;NITEROI;Outras;Colisao traseira;Sem Vitimas;Anoitecer
806799;22/11/2010;Segunda;22:15:00;RJ;101;309.0;SAO GONCALO;Falta de atencao;Colisao traseira;Sem Vitimas;Plena noite
806832;22/11/2010;Segunda;23:35:00;RJ;101;314.0;SAO GONCALO;Ingestao de alcool;Colisao lateral;Sem Vitimas;Plena noite
806956;19/11/2010;Sexta;17:20:00;RJ;101;322.0;NITEROI;Outras;Colisao lateral;Sem Vitimas;Pleno dia
806963;23/11/2010;Terca;08:50:00;RJ;101;321.5;NITEROI;Outras;Colisao com objeto fixo;Sem Vitimas;Pleno dia
806970;15/11/2010;Segunda;20:00:00;RJ;101;330.0;RIO DE JANEIRO;Outras;Colisao traseira;Com Vitimas Feridas;Plena noite
807050;31/10/2010;Domingo;15:00:00;RJ;101;326.0;NITEROI;Outras;Colisao traseira;Sem Vitimas;Pleno dia
807366;23/11/2010;Terca;22:00:00;RJ;101;312.0;SAO GONCALO;Outras;Colisao com bicicleta;Com Vitimas Feridas;Plena noite
807413;24/11/2010;Quarta;03:50:00;RJ;101;331.0;RIO DE JANEIRO;Outras;Colisao com objeto movel;Sem Vitimas;Plena noite
807426;24/11/2010;Quarta;05:50:00;RJ;101;309.0;SAO GONCALO;Outras;Queda de motocicleta / bicicleta / veiculo;Sem Vitimas;Amanhecer
807428;24/11/2010;Quarta;05:50:00;RJ;101;309.0;SAO GONCALO;Animais na Pista;Atropelamento de animal;Com Vitimas Feridas;Amanhecer
807519;08/11/2010;Segunda;19:35:00;RJ;101;322.0;NITEROI;Outras;Colisao com objeto fixo;Com Vitimas Feridas;Anoitecer
807643;24/11/2010;Quarta;13:30:00;RJ;101;323.0;NITEROI;Outras;Colisao traseira;Sem Vitimas;Pleno dia
807646;24/11/2010;Quarta;13:20:00;RJ;101;323.0;NITEROI;Outras;Colisao com objeto fixo;Sem Vitimas;Pleno dia
807706;23/11/2010;Terca;23:30:00;RJ;101;315.0;SAO GONCALO;Outras;Colisao traseira;Sem Vitimas;Plena noite
807726;24/11/2010;Quarta;17:10:00;RJ;101;332.0;RIO DE JANEIRO;Falta de atencao;Colisao lateral;Sem Vitimas;Anoitecer
807811;24/11/2010;Quarta;07:40:00;RJ;101;321.0;NITEROI;Outras;Colisao lateral;Sem Vitimas;Pleno dia
807869;24/11/2010;Quarta;11:00:00;RJ;101;308.0;SAO GONCALO;Outras;Danos Eventuais;Sem Vitimas;Pleno dia
807989;25/11/2010;Quinta;06:55:00;RJ;101;318.0;SAO GONCALO;Outras;Colisao lateral;Com Vitimas Feridas;Pleno dia
807998;25/11/2010;Quinta;07:10:00;RJ;101;323.0;NITEROI;Outras;Colisao traseira;Sem Vitimas;Pleno dia
808016;25/11/2010;Quinta;07:15:00;RJ;101;306.0;SAO GONCALO;Outras;Colisao traseira;Sem Vitimas;Pleno dia
808106;25/11/2010;Quinta;06:50:00;RJ;101;320.0;NITEROI;Outras;Colisao traseira;Sem Vitimas;Amanhecer
808309;25/11/2010;Quinta;17:30:00;RJ;101;333.8;RIO DE JANEIRO;Nao guardar distancia de seguranca;Colisao traseira;Sem Vitimas;Pleno dia
808359;25/11/2010;Quinta;17:30:00;RJ;101;323.0;NITEROI;Outras;Colisao lateral;Sem Vitimas;Pleno dia
808401;25/11/2010;Quinta;01:45:00;RJ;101;305.9;SAO GONCALO;Outras;Capotamento;Com Vitimas Feridas;Plena noite
808441;25/11/2010;Quinta;10:10:00;RJ;101;326.0;NITEROI;Nao guardar distancia de seguranca;Colisao traseira;Sem Vitimas;Pleno dia
808619;26/11/2010;Sexta;06:30:00;RJ;101;312.0;SAO GONCALO;Falta de atencao;Atropelamento de pessoa;Com Vitimas Feridas;Pleno dia
808881;26/11/2010;Sexta;20:55:00;RJ;101;310.0;SAO GONCALO;Outras;Saida de Pista;Sem Vitimas;Plena noite
808973;26/11/2010;Sexta;17:05:00;RJ;101;322.0;NITEROI;Outras;Colisao lateral;Sem Vitimas;Pleno dia
809553;24/11/2010;Quarta;17:45:00;RJ;101;321.0;NITEROI;Outras;Colisao traseira;Sem Vitimas;Pleno dia
809558;24/11/2010;Quarta;16:50:00;RJ;101;322.0;NITEROI;Outras;Colisao traseira;Sem Vitimas;Pleno dia
809607;28/11/2010;Domingo;10:11:00;RJ;101;333.0;RIO DE JANEIRO;Dormindo;Colisao traseira;Sem Vitimas;Pleno dia
809618;24/11/2010;Quarta;17:27:00;RJ;101;325.0;NITEROI;Outras;Colisao lateral;Com Vitimas Feridas;Pleno dia
810378;29/11/2010;Segunda;00:05:00;RJ;101;313.0;SAO GONCALO;Ingestao de alcool;Colisao traseira;Com Vitimas Feridas;Plena noite
810383;29/11/2010;Segunda;18:10:00;RJ;101;322.0;NITEROI;Outras;Colisao lateral;Sem Vitimas;Pleno dia
810408;29/11/2010;Segunda;18:40:00;RJ;101;329.0;RIO DE JANEIRO;Falta de atencao;Colisao traseira;Sem Vitimas;Anoitecer
810409;29/11/2010;Segunda;19:45:00;RJ;101;299.0;RIO DE JANEIRO;Outras;Colisao traseira;Sem Vitimas;Pleno dia
810536;22/11/2010;Segunda;23:45:00;RJ;101;320.0;NITEROI;Outras;Colisao traseira;Sem Vitimas;Plena noite
810537;26/11/2010;Sexta;07:00:00;RJ;101;324.0;NITEROI;Outras;Colisao traseira;Sem Vitimas;Pleno dia
810543;27/11/2010;Sabado;04:30:00;RJ;101;309.0;SAO GONCALO;Animais na Pista;Atropelamento de animal;Com Vitimas Feridas;Plena noite
810561;27/11/2010;Sabado;04:33:00;RJ;101;309.0;SAO GONCALO;Animais na Pista;Atropelamento de animal;Sem Vitimas;Plena noite
810764;30/11/2010;Terca;08:35:00;RJ;101;322.0;NITEROI;Outras;Colisao traseira;Sem Vitimas;Pleno dia
810898;30/11/2010;Terca;18:00:00;RJ;101;334.0;RIO DE JANEIRO;Outras;Colisao lateral;Sem Vitimas;Pleno dia
810913;30/11/2010;Terca;19:32:00;RJ;101;322.0;NITEROI;Falta de atencao;Colisao lateral;Sem Vitimas;Plena noite
810983;30/11/2010;Terca;15:00:00;RJ;101;329.0;RIO DE JANEIRO;Outras;Colisao traseira;Sem Vitimas;Pleno dia
811028;30/11/2010;Terca;22:50:00;RJ;101;322.0;NITEROI;Outras;Colisao traseira;Sem Vitimas;Anoitecer
811032;30/11/2010;Terca;22:35:00;RJ;101;304.0;SAO GONCALO;Outras;Colisao lateral;Sem Vitimas;Plena noite
811184;01/12/2010;Quarta;08:15:00;RJ;101;326.0;NITEROI;Outras;Colisao traseira;Sem Vitimas;Pleno dia
811346;01/12/2010;Quarta;11:30:00;RJ;101;306.0;SAO GONCALO;Outras;Colisao lateral;Sem Vitimas;Pleno dia
811379;01/12/2010;Quarta;17:00:00;RJ;101;321.0;NITEROI;Nao guardar distancia de seguranca;Colisao traseira;Sem Vitimas;Pleno dia
811391;01/12/2010;Quarta;17:40:00;RJ;101;320.0;NITEROI;Nao guardar distancia de seguranca;Colisao lateral;Sem Vitimas;Pleno dia
811418;01/12/2010;Quarta;18:50:00;RJ;101;322.0;NITEROI;Outras;Colisao lateral;Sem Vitimas;Anoitecer
811458;01/12/2010;Quarta;19:00:00;RJ;101;328.0;RIO DE JANEIRO;Outras;Colisao traseira;Sem Vitimas;Plena noite
811590;02/12/2010;Quinta;01:30:00;RJ;101;316.0;SAO GONCALO;Outras;Saida de Pista;Sem Vitimas;Plena noite
811725;02/12/2010;Quinta;09:45:00;RJ;101;310.0;SAO GONCALO;Outras;Colisao traseira;Sem Vitimas;Pleno dia
811898;02/12/2010;Quinta;15:45:00;RJ;101;310.0;SAO GONCALO;Falta de atencao;Colisao traseira;Sem Vitimas;Pleno dia
811946;02/12/2010;Quinta;16:30:00;RJ;101;311.0;SAO GONCALO;Outras;Saida de Pista;Sem Vitimas;Pleno dia
811978;02/12/2010;Quinta;16:26:00;RJ;101;328.0;NITEROI;Outras;Colisao traseira;Sem Vitimas;Pleno dia
812000;02/12/2010;Quinta;18:00:00;RJ;101;322.0;NITEROI;Outras;Colisao lateral;Sem Vitimas;Pleno dia
812020;02/12/2010;Quinta;17:25:00;RJ;101;318.0;SAO GONCALO;Nao guardar distancia de seguranca;Colisao traseira;Sem Vitimas;Pleno dia
812065;02/12/2010;Quinta;19:38:00;RJ;101;334.0;RIO DE JANEIRO;Outras;Colisao traseira;Sem Vitimas;Plena noite
812123;02/12/2010;Quinta;22:45:00;RJ;101;312.5;SAO GONCALO;Outras;Colisao traseira;Sem Vitimas;Plena noite
812128;02/12/2010;Quinta;20:50:00;RJ;101;312.0;SAO GONCALO;Desobediencia a sinalizacao;Colisao lateral;Sem Vitimas;Plena noite
812145;02/12/2010;Quinta;22:46:00;RJ;101;312.5;SAO GONCALO;Outras;Colisao traseira;Sem Vitimas;Plena noite
812148;02/12/2010;Quinta;21:30:00;RJ;101;326.0;NITEROI;Outras;Colisao traseira;Com Vitimas Feridas;Plena noite
812155;02/12/2010;Quinta;23:54:00;RJ;101;332.0;RIO DE JANEIRO;Outras;Colisao lateral;Sem Vitimas;Plena noite
812203;03/12/2010;Sexta;05:10:00;RJ;101;323.0;NITEROI;Desobediencia a sinalizacao;Colisao com objeto fixo;Sem Vitimas;Plena noite
812248;01/12/2010;Quarta;17:30:00;RJ;101;333.0;RIO DE JANEIRO;Outras;Colisao traseira;Sem Vitimas;Pleno dia
812286;03/12/2010;Sexta;10:00:00;RJ;101;329.0;RIO DE JANEIRO;Outras;Colisao traseira;Sem Vitimas;Pleno dia
812290;03/12/2010;Sexta;10:50:00;RJ;101;322.0;NITEROI;Outras;Capotamento;Com Vitimas Feridas;Pleno dia
812371;03/12/2010;Sexta;07:30:00;RJ;101;333.0;RIO DE JANEIRO;Outras;Colisao traseira;Sem Vitimas;Pleno dia
812400;13/11/2010;Sabado;08:50:00;RJ;101;321.0;NITEROI;Outras;Colisao traseira;Sem Vitimas;Pleno dia
812603;03/12/2010;Sexta;21:30:00;RJ;101;314.0;SAO GONCALO;Outras;Colisao lateral;Sem Vitimas;Plena noite
812631;03/12/2010;Sexta;23:15:00;RJ;101;333.0;RIO DE JANEIRO;Outras;Colisao lateral;Sem Vitimas;Plena noite
812632;03/12/2010;Sexta;22:39:00;RJ;101;318.0;RIO DE JANEIRO;Outras;Colisao traseira;Sem Vitimas;Plena noite
812639;03/12/2010;Sexta;23:50:00;RJ;101;329.0;RIO DE JANEIRO;Outras;Colisao lateral;Sem Vitimas;Plena noite
812660;04/12/2010;Sabado;01:20:00;RJ;101;323.0;NITEROI;Nao guardar distancia de seguranca;Colisao traseira;Sem Vitimas;Plena noite
812725;30/11/2010;Terca;16:30:00;RJ;101;334.0;RIO DE JANEIRO;Outras;Colisao lateral;Sem Vitimas;Pleno dia
812802;04/12/2010;Sabado;09:30:00;RJ;101;311.0;SAO GONCALO;Outras;Saida de Pista;Sem Vitimas;Pleno dia
812814;03/12/2010;Sexta;17:00:00;RJ;101;327.0;NITEROI;Nao guardar distancia de seguranca;Colisao traseira;Sem Vitimas;Pleno dia
812965;04/12/2010;Sabado;13:45:00;RJ;101;300.0;SAO GONCALO;Falta de atencao;Colisao traseira;Sem Vitimas;Pleno dia
813004;04/12/2010;Sabado;16:10:00;RJ;101;306.0;SAO GONCALO;Outras;Colisao traseira;Com Vitimas Feridas;Pleno dia
813023;04/12/2010;Sabado;18:02:00;RJ;101;322.0;NITEROI;Falta de atencao;Colisao traseira;Sem Vitimas;Pleno dia
813036;04/12/2010;Sabado;16:50:00;RJ;101;321.0;NITEROI;Outras;Colisao traseira;Sem Vitimas;Pleno dia
813063;04/12/2010;Sabado;19:34:00;RJ;101;322.0;NITEROI;Falta de atencao;Colisao lateral;Sem Vitimas;Anoitecer
813139;04/12/2010;Sabado;18:20:00;RJ;101;322.0;NITEROI;Outras;Colisao lateral;Com Vitimas Feridas;Pleno dia
813166;04/12/2010;Sabado;20:00:00;RJ;101;309.0;SAO GONCALO;Outras;Atropelamento de pessoa;Com Vitimas Fatais;Plena noite
813171;04/12/2010;Sabado;18:00:00;RJ;101;318.0;SAO GONCALO;Defeito mecanico em veiculo;Saida de Pista;Sem Vitimas;Pleno dia
813189;02/12/2010;Quinta;22:45:00;RJ;101;325.0;NITEROI;Outras;Danos Eventuais;Com Vitimas Feridas;Plena noite
813200;05/12/2010;Domingo;01:00:00;RJ;101;322.0;NITEROI;Outras;Colisao traseira;Sem Vitimas;Plena noite
813277;01/12/2010;Quarta;22:00:00;RJ;101;316.0;SAO GONCALO;Outras;Colisao traseira;Sem Vitimas;Plena noite
813346;05/12/2010;Domingo;09:30:00;RJ;101;332.0;RIO DE JANEIRO;Outras;Colisao traseira;Sem Vitimas;Pleno dia
813440;01/12/2010;Quarta;22:05:00;RJ;101;312.0;SAO GONCALO;Velocidade incompativel;Colisao traseira;Com Vitimas Fatais;Plena noite
813594;03/12/2010;Sexta;04:55:00;RJ;101;323.0;NITEROI;Outras;Colisao traseira;Com Vitimas Feridas;Plena noite
813634;01/12/2010;Quarta;21:20:00;RJ;101;312.0;SAO GONCALO;Outras;Colisao traseira;Sem Vitimas;Plena noite
813776;06/12/2010;Segunda;03:00:00;RJ;101;322.0;NITEROI;Outras;Colisao traseira;Sem Vitimas;Plena noite
813856;06/12/2010;Segunda;08:00:00;RJ;101;322.5;NITEROI;Outras;Colisao traseira;Sem Vitimas;Pleno dia
813987;06/12/2010;Segunda;10:30:00;RJ;101;324.0;NITEROI;Outras;Colisao lateral;Sem Vitimas;Pleno dia
814129;06/12/2010;Segunda;16:30:00;RJ;101;321.0;NITEROI;Outras;Colisao traseira;Sem Vitimas;Pleno dia
814313;06/12/2010;Segunda;09:50:00;RJ;101;319.0;SAO GONCALO;Outras;Colisao lateral;Sem Vitimas;Pleno dia
814322;06/12/2010;Segunda;21:40:00;RJ;101;325.0;NITEROI;Outras;Danos Eventuais;Sem Vitimas;Plena noite
814323;06/12/2010;Segunda;21:55:00;RJ;101;334.0;RIO DE JANEIRO;Outras;Colisao traseira;Sem Vitimas;Plena noite
814352;06/12/2010;Segunda;23:03:00;RJ;101;332.0;RIO DE JANEIRO;Outras;Colisao com objeto fixo;Com Vitimas Feridas;Plena noite
814564;07/12/2010;Terca;06:05:00;RJ;101;322.0;NITEROI;Outras;Colisao com objeto fixo;Sem Vitimas;Amanhecer
814572;07/12/2010;Terca;11:15:00;RJ;101;324.0;NITEROI;Defeito mecanico em veiculo;Colisao traseira;Sem Vitimas;Pleno dia
814619;07/12/2010;Terca;13:30:00;RJ;101;312.0;SAO GONCALO;Ingestao de alcool;Colisao traseira;Sem Vitimas;Pleno dia
814627;07/12/2010;Terca;11:41:00;RJ;101;332.0;RIO DE JANEIRO;Outras;Colisao lateral;Sem Vitimas;Pleno dia
814754;07/12/2010;Terca;18:40:00;RJ;101;308.0;SAO GONCALO;Outras;Atropelamento de pessoa;Com Vitimas Feridas;Pleno dia
815001;01/12/2010;Quarta;05:18:00;RJ;101;320.0;NITEROI;Outras;Colisao com objeto fixo;Sem Vitimas;Amanhecer
815221;04/12/2010;Sabado;13:00:00;RJ;101;325.0;NITEROI;Outras;Colisao lateral;Sem Vitimas;Pleno dia
815235;04/12/2010;Sabado;15:00:00;RJ;101;322.0;NITEROI;Falta de atencao;Colisao lateral;Sem Vitimas;Pleno dia
815291;08/12/2010;Quarta;17:25:00;RJ;101;322.0;NITEROI;Outras;Colisao lateral;Sem Vitimas;Pleno dia
815318;08/12/2010;Quarta;17:40:00;RJ;101;322.0;RIO DE JANEIRO;Outras;Colisao traseira;Sem Vitimas;Pleno dia
815430;08/12/2010;Quarta;08:30:00;RJ;101;308.0;SAO GONCALO;Desobediencia a sinalizacao;Atropelamento de pessoa;Com Vitimas Feridas;Pleno dia
815577;09/12/2010;Quinta;08:00:00;RJ;101;318.0;SAO GONCALO;Outras;Colisao traseira;Sem Vitimas;Pleno dia
815615;09/12/2010;Quinta;09:40:00;RJ;101;333.0;RIO DE JANEIRO;Outras;Colisao lateral;Sem Vitimas;Pleno dia
815780;09/12/2010;Quinta;08:40:00;RJ;101;300.0;SAO GONCALO;Defeito mecanico em veiculo;Tombamento;Com Vitimas Feridas;Pleno dia
815813;09/12/2010;Quinta;16:36:00;RJ;101;310.0;SAO GONCALO;Dormindo;Saida de Pista;Sem Vitimas;Pleno dia
816089;10/12/2010;Sexta;03:54:00;RJ;101;325.0;NITEROI;Outras;Colisao com objeto fixo;Com Vitimas Feridas;Plena noite
816262;10/12/2010;Sexta;12:30:00;RJ;101;320.5;NITEROI;Outras;Colisao traseira;Sem Vitimas;Pleno dia
816492;10/12/2010;Sexta;07:00:00;RJ;101;316.0;SAO GONCALO;Outras;Colisao lateral;Sem Vitimas;Pleno dia
816567;10/12/2010;Sexta;21:10:00;RJ;101;329.0;NITEROI;Outras;Colisao lateral;Sem Vitimas;Plena noite
816600;10/12/2010;Sexta;22:50:00;RJ;101;321.0;NITEROI;Outras;Colisao lateral;Sem Vitimas;Plena noite
816646;11/12/2010;Sabado;00:11:00;RJ;101;331.0;RIO DE JANEIRO;Outras;Colisao lateral;Com Vitimas Feridas;Plena noite
816654;10/12/2010;Sexta;23:50:00;RJ;101;307.0;SAO GONCALO;Outras;Colisao traseira;Com Vitimas Feridas;Plena noite
816866;11/12/2010;Sabado;12:50:00;RJ;101;334.0;RIO DE JANEIRO;Outras;Colisao traseira;Sem Vitimas;Pleno dia
816884;11/12/2010;Sabado;11:15:00;RJ;101;325.0;NITEROI;Outras;Colisao traseira;Sem Vitimas;Pleno dia
816889;11/12/2010;Sabado;06:50:00;RJ;101;320.0;NITEROI;Falta de atencao;Colisao traseira;Sem Vitimas;Pleno dia
816977;11/12/2010;Sabado;16:25:00;RJ;101;321.0;NITEROI;Falta de atencao;Colisao traseira;Sem Vitimas;Pleno dia
816996;11/12/2010;Sabado;15:45:00;RJ;101;333.0;RIO DE JANEIRO;Outras;Colisao lateral;Sem Vitimas;Pleno dia
817007;11/12/2010;Sabado;11:40:00;RJ;101;303.0;SAO GONCALO;Outras;Colisao traseira;Sem Vitimas;Pleno dia
817032;11/12/2010;Sabado;18:24:00;RJ;101;318.0;SAO GONCALO;Outras;Colisao traseira;Sem Vitimas;Pleno dia
817122;11/12/2010;Sabado;22:15:00;RJ;101;321.5;NITEROI;Outras;Colisao lateral;Sem Vitimas;Plena noite
817583;12/12/2010;Domingo;17:15:00;RJ;101;334.0;RIO DE JANEIRO;Outras;Colisao traseira;Sem Vitimas;Pleno dia
817660;12/12/2010;Domingo;17:00:00;RJ;101;307.0;SAO GONCALO;Falta de atencao;Atropelamento de pessoa;Com Vitimas Feridas;Pleno dia
817906;13/12/2010;Segunda;08:00:00;RJ;101;334.0;RIO DE JANEIRO;Dormindo;Colisao lateral;Sem Vitimas;Pleno dia
817914;13/12/2010;Segunda;09:00:00;RJ;101;320.0;NITEROI;Outras;Colisao lateral;Sem Vitimas;Pleno dia
817995;13/12/2010;Segunda;09:54:00;RJ;101;300.0;SAO GONCALO;Outras;Colisao traseira;Sem Vitimas;Pleno dia
818187;13/12/2010;Segunda;17:50:00;RJ;101;320.0;NITEROI;Outras;Colisao traseira;Sem Vitimas;Pleno dia
818247;13/12/2010;Segunda;19:00:00;RJ;101;322.0;NITEROI;Outras;Colisao lateral;Sem Vitimas;Anoitecer
818310;13/12/2010;Segunda;17:30:00;RJ;101;320.0;NITEROI;Falta de atencao;Colisao traseira;Sem Vitimas;Pleno dia
818341;13/12/2010;Segunda;21:00:00;RJ;101;322.0;NITEROI;Outras;Colisao lateral;Sem Vitimas;Plena noite
818438;13/12/2010;Segunda;23:00:00;RJ;101;334.0;RIO DE JANEIRO;Outras;Colisao traseira;Sem Vitimas;Plena noite
818531;14/12/2010;Terca;06:50:00;RJ;101;310.0;SAO GONCALO;Outras;Colisao traseira;Sem Vitimas;Pleno dia
818625;13/12/2010;Segunda;22:30:00;RJ;101;321.0;NITEROI;Nao guardar distancia de seguranca;Colisao lateral;Sem Vitimas;Plena noite
818678;25/07/2010;Domingo;02:10:00;RJ;101;312.0;SAO GONCALO;Outras;Colisao traseira;Com Vitimas Feridas;Plena noite
818867;14/12/2010;Terca;17:40:00;RJ;101;323.0;NITEROI;Outras;Colisao traseira;Sem Vitimas;Pleno dia
818954;14/12/2010;Terca;16:35:00;RJ;101;312.0;SAO GONCALO;Outras;Saida de Pista;Sem Vitimas;Pleno dia
818977;14/12/2010;Terca;16:30:00;RJ;101;310.0;SAO GONCALO;Outras;Saida de Pista;Sem Vitimas;Pleno dia
818978;14/12/2010;Terca;20:30:00;RJ;101;321.0;NITEROI;Outras;Colisao lateral;Sem Vitimas;Plena noite
819027;14/12/2010;Terca;21:00:00;RJ;101;334.0;RIO DE JANEIRO;Outras;Danos Eventuais;Sem Vitimas;Plena noite
819030;14/12/2010;Terca;21:00:00;RJ;101;324.0;NITEROI;Outras;Colisao traseira;Sem Vitimas;Plena noite
819055;14/12/2010;Terca;22:50:00;RJ;101;324.0;NITEROI;Nao guardar distancia de seguranca;Colisao traseira;Sem Vitimas;Plena noite
819119;15/12/2010;Quarta;03:50:00;RJ;101;334.0;RIO DE JANEIRO;Falta de atencao;Colisao lateral;Sem Vitimas;Plena noite
819329;15/12/2010;Quarta;11:35:00;RJ;101;322.0;NITEROI;Outras;Colisao lateral;Sem Vitimas;Pleno dia
819406;15/12/2010;Quarta;11:55:00;RJ;101;325.0;NITEROI;Outras;Colisao lateral;Sem Vitimas;Pleno dia
819452;15/12/2010;Quarta;15:50:00;RJ;101;322.0;NITEROI;Nao guardar distancia de seguranca;Colisao traseira;Sem Vitimas;Pleno dia
819477;15/12/2010;Quarta;16:20:00;RJ;101;322.0;NITEROI;Outras;Colisao traseira;Sem Vitimas;Pleno dia
819513;15/12/2010;Quarta;17:20:00;RJ;101;322.0;NITEROI;Outras;Colisao traseira;Sem Vitimas;Anoitecer
819593;15/12/2010;Quarta;18:50:00;RJ;101;330.0;RIO DE JANEIRO;Falta de atencao;Colisao lateral;Sem Vitimas;Anoitecer
819600;15/12/2010;Quarta;18:28:00;RJ;101;321.0;NITEROI;Nao guardar distancia de seguranca;Colisao traseira;Sem Vitimas;Pleno dia
819631;15/12/2010;Quarta;17:15:00;RJ;101;328.0;RIO DE JANEIRO;Falta de atencao;Colisao traseira;Sem Vitimas;Pleno dia
819673;15/12/2010;Quarta;23:00:00;RJ;101;322.0;NITEROI;Desobediencia a sinalizacao;Colisao lateral;Sem Vitimas;Plena noite
819684;15/12/2010;Quarta;22:44:00;RJ;101;299.0;SAO GONCALO;Defeito mecanico em veiculo;Saida de Pista;Sem Vitimas;Plena noite
819694;15/12/2010;Quarta;23:00:00;RJ;101;321.0;NITEROI;Outras;Colisao lateral;Sem Vitimas;Plena noite
819717;15/12/2010;Quarta;23:30:00;RJ;101;321.0;NITEROI;Falta de atencao;Colisao lateral;Sem Vitimas;Plena noite
819726;15/12/2010;Quarta;23:30:00;RJ;101;321.0;NITEROI;Outras;Colisao traseira;Sem Vitimas;Plena noite
819741;15/12/2010;Quarta;23:00:00;RJ;101;321.0;NITEROI;Outras;Colisao lateral;Sem Vitimas;Plena noite
819768;16/12/2010;Quinta;05:29:00;RJ;101;322.4;RIO DE JANEIRO;Nao guardar distancia de seguranca;Colisao traseira;Sem Vitimas;Amanhecer
820107;16/12/2010;Quinta;14:18:00;RJ;101;329.0;NITEROI;Outras;Queda de motocicleta / bicicleta / veiculo;Com Vitimas Feridas;Pleno dia
820137;16/12/2010;Quinta;17:20:00;RJ;101;311.0;SAO GONCALO;Nao guardar distancia de seguranca;Colisao traseira;Com Vitimas Feridas;Pleno dia
820365;16/12/2010;Quinta;17:40:00;RJ;101;307.5;SAO GONCALO;Falta de atencao;Colisao traseira;Com Vitimas Feridas;Pleno dia
820409;17/12/2010;Sexta;03:50:00;RJ;101;334.0;RIO DE JANEIRO;Outras;Colisao lateral;Sem Vitimas;Plena noite
820439;17/12/2010;Sexta;06:30:00;RJ;101;329.0;RIO DE JANEIRO;Outras;Colisao com objeto fixo;Com Vitimas Feridas;Pleno dia
820542;12/12/2010;Domingo;07:00:00;RJ;101;322.0;NITEROI;Outras;Colisao com objeto fixo;Sem Vitimas;Pleno dia
820741;17/12/2010;Sexta;10:40:00;RJ;101;322.0;NITEROI;Falta de atencao;Colisao lateral;Sem Vitimas;Pleno dia
820821;17/12/2010;Sexta;19:06:00;RJ;101;321.0;NITEROI;Outras;Colisao lateral;Sem Vitimas;Anoitecer
820862;17/12/2010;Sexta;19:30:00;RJ;101;321.0;NITEROI;Outras;Colisao lateral;Sem Vitimas;Plena noite
820872;17/12/2010;Sexta;17:15:00;RJ;101;323.0;NITEROI;Nao guardar distancia de seguranca;Colisao lateral;Sem Vitimas;Pleno dia
820987;17/12/2010;Sexta;21:50:00;RJ;101;323.0;NITEROI;Nao guardar distancia de seguranca;Colisao traseira;Sem Vitimas;Plena noite
821000;17/12/2010;Sexta;22:10:00;RJ;101;322.0;NITEROI;Outras;Colisao lateral;Sem Vitimas;Plena noite
821009;17/12/2010;Sexta;22:45:00;RJ;101;327.0;NITEROI;Outras;Colisao traseira;Sem Vitimas;Plena noite
821018;17/12/2010;Sexta;23:10:00;RJ;101;321.0;NITEROI;Outras;Colisao lateral;Sem Vitimas;Plena noite
821080;17/12/2010;Sexta;23:10:00;RJ;101;321.0;NITEROI;Nao guardar distancia de seguranca;Colisao traseira;Sem Vitimas;Plena noite
821083;18/12/2010;Sabado;02:20:00;RJ;101;312.0;SAO GONCALO;Outras;Capotamento;Ignorado;Plena noite
821102;18/12/2010;Sabado;03:30:00;RJ;101;326.0;NITEROI;Outras;Colisao lateral;Sem Vitimas;Plena noite
821260;18/12/2010;Sabado;10:30:00;RJ;101;322.0;NITEROI;Outras;Colisao traseira;Sem Vitimas;Pleno dia
821326;18/12/2010;Sabado;13:00:00;RJ;101;323.0;NITEROI;Outras;Colisao traseira;Sem Vitimas;Pleno dia
821443;19/12/2010;Domingo;02:10:00;RJ;101;322.0;NITEROI;Outras;Colisao traseira;Sem Vitimas;Plena noite
821716;19/12/2010;Domingo;13:05:00;RJ;101;322.0;NITEROI;Outras;Colisao traseira;Sem Vitimas;Pleno dia
821727;19/12/2010;Domingo;12:50:00;RJ;101;321.0;NITEROI;Outras;Colisao lateral;Com Vitimas Feridas;Pleno dia
821797;19/12/2010;Domingo;14:44:00;RJ;101;313.0;SAO GONCALO;Outras;Saida de Pista;Sem Vitimas;Pleno dia
821866;18/12/2010;Sabado;00:20:00;RJ;101;322.0;NITEROI;Outras;Colisao com objeto fixo;Sem Vitimas;Plena noite
821874;19/12/2010;Domingo;18:15:00;RJ;101;323.0;NITEROI;Outras;Colisao traseira;Sem Vitimas;Pleno dia
821890;18/12/2010;Sabado;17:20:00;RJ;101;323.0;NITEROI;Outras;Colisao traseira;Com Vitimas Feridas;Pleno dia
821895;18/12/2010;Sabado;18:30:00;RJ;101;323.0;NITEROI;Outras;Colisao traseira;Sem Vitimas;Anoitecer
821914;15/12/2010;Quarta;22:37:00;RJ;101;301.0;SAO GONCALO;Outras;Colisao traseira;Sem Vitimas;Plena noite
821959;19/12/2010;Domingo;19:13:00;RJ;101;312.0;SAO GONCALO;Falta de atencao;Atropelamento de pessoa;Com Vitimas Feridas;Anoitecer
822103;20/12/2010;Segunda;01:15:00;RJ;101;302.0;SAO GONCALO;Outras;Colisao traseira;Com Vitimas Feridas;Plena noite
822180;18/12/2010;Sabado;17:30:00;RJ;101;304.0;SAO GONCALO;Outras;Colisao frontal;Sem Vitimas;Pleno dia
822194;20/12/2010;Segunda;06:30:00;RJ;101;317.0;SAO GONCALO;Outras;Colisao lateral;Sem Vitimas;Pleno dia
822195;16/12/2010;Quinta;17:00:00;RJ;101;322.0;NITEROI;Outras;Colisao traseira;Sem Vitimas;Pleno dia
822217;18/12/2010;Sabado;23:20:00;RJ;101;308.9;SAO GONCALO;Outras;Colisao traseira;Com Vitimas Feridas;Plena noite
822423;20/12/2010;Segunda;17:36:00;RJ;101;320.0;NITEROI;Outras;Colisao traseira;Sem Vitimas;Plena noite
822439;20/12/2010;Segunda;09:20:00;RJ;101;323.0;NITEROI;Falta de atencao;Colisao lateral;Sem Vitimas;Pleno dia
822559;20/12/2010;Segunda;17:40:00;RJ;101;314.0;SAO GONCALO;Falta de atencao;Colisao lateral;Sem Vitimas;Pleno dia
822654;20/12/2010;Segunda;20:10:00;RJ;101;328.0;RIO DE JANEIRO;Outras;Colisao traseira;Sem Vitimas;Plena noite
822665;20/12/2010;Segunda;18:37:00;RJ;101;329.0;RIO DE JANEIRO;Outras;Colisao lateral;Com Vitimas Feridas;Pleno dia
822782;20/12/2010;Segunda;21:20:00;RJ;101;313.0;SAO GONCALO;Outras;Colisao traseira;Sem Vitimas;Plena noite
823061;21/12/2010;Terca;11:35:00;RJ;101;332.0;RIO DE JANEIRO;Outras;Colisao lateral;Sem Vitimas;Pleno dia
823071;21/12/2010;Terca;11:40:00;RJ;101;325.0;NITEROI;Outras;Colisao traseira;Sem Vitimas;Pleno dia
823097;21/12/2010;Terca;06:10:00;RJ;101;320.0;NITEROI;Outras;Colisao traseira;Sem Vitimas;Pleno dia
823104;21/12/2010;Terca;12:15:00;RJ;101;328.0;RIO DE JANEIRO;Outras;Colisao traseira;Sem Vitimas;Pleno dia
823125;21/12/2010;Terca;14:00:00;RJ;101;322.0;NITEROI;Outras;Colisao traseira;Sem Vitimas;Pleno dia
823150;21/12/2010;Terca;14:05:00;RJ;101;319.0;SAO GONCALO;Outras;Colisao traseira;Sem Vitimas;Pleno dia
823159;18/12/2010;Sabado;00:00:00;RJ;101;303.0;SAO GONCALO;Outras;Capotamento;Com Vitimas Feridas;Plena noite
823211;21/12/2010;Terca;10:20:00;RJ;101;319.0;SAO GONCALO;Outras;Colisao traseira;Sem Vitimas;Pleno dia
823249;21/12/2010;Terca;17:00:00;RJ;101;322.0;NITEROI;Nao guardar distancia de seguranca;Colisao traseira;Sem Vitimas;Pleno dia
823631;22/12/2010;Quarta;08:00:00;RJ;101;333.0;RIO DE JANEIRO;Outras;Colisao traseira;Sem Vitimas;Pleno dia
823876;22/12/2010;Quarta;11:00:00;RJ;101;322.0;NITEROI;Outras;Colisao lateral;Sem Vitimas;Amanhecer
823896;22/12/2010;Quarta;14:11:00;RJ;101;326.0;NITEROI;Outras;Colisao traseira;Com Vitimas Feridas;Pleno dia
823954;22/12/2010;Quarta;16:12:00;RJ;101;333.0;RIO DE JANEIRO;Outras;Colisao traseira;Sem Vitimas;Pleno dia
823956;18/12/2010;Sabado;18:20:00;RJ;101;325.0;SAO GONCALO;Outras;Colisao traseira;Sem Vitimas;Pleno dia
823966;18/12/2010;Sabado;17:25:00;RJ;101;327.0;NITEROI;Outras;Colisao lateral;Sem Vitimas;Pleno dia
824092;22/12/2010;Quarta;19:00:00;RJ;101;319.0;NITEROI;Falta de atencao;Colisao traseira;Sem Vitimas;Plena noite
824113;11/11/2010;Quinta;15:00:00;RJ;101;323.0;NITEROI;Outras;Colisao lateral;Sem Vitimas;Pleno dia
824198;22/12/2010;Quarta;20:40:00;RJ;101;322.0;NITEROI;Falta de atencao;Colisao lateral;Sem Vitimas;Plena noite
824221;22/12/2010;Quarta;21:40:00;RJ;101;334.0;RIO DE JANEIRO;Outras;Colisao traseira;Sem Vitimas;Plena noite
824443;19/12/2010;Domingo;05:30:00;RJ;101;312.5;SAO GONCALO;Outras;Atropelamento de pessoa;Com Vitimas Fatais;Amanhecer
824515;23/12/2010;Quinta;11:00:00;RJ;101;321.0;NITEROI;Outras;Colisao traseira;Sem Vitimas;Pleno dia
824541;23/12/2010;Quinta;12:50:00;RJ;101;322.0;NITEROI;Outras;Colisao traseira;Sem Vitimas;Pleno dia
824592;23/12/2010;Quinta;12:44:00;RJ;101;300.0;SAO GONCALO;Outras;Colisao traseira;Sem Vitimas;Pleno dia
824695;23/12/2010;Quinta;16:24:00;RJ;101;322.0;NITEROI;Falta de atencao;Atropelamento de pessoa;Com Vitimas Feridas;Pleno dia
824728;23/12/2010;Quinta;16:25:00;RJ;101;333.0;RIO DE JANEIRO;Outras;Colisao traseira;Sem Vitimas;Pleno dia
824787;23/12/2010;Quinta;18:25:00;RJ;101;322.0;RIO DE JANEIRO;Outras;Colisao lateral;Sem Vitimas;Anoitecer
824888;23/12/2010;Quinta;18:55:00;RJ;101;329.0;RIO DE JANEIRO;Falta de atencao;Colisao traseira;Sem Vitimas;Anoitecer
824986;23/12/2010;Quinta;19:16:00;RJ;101;332.0;RIO DE JANEIRO;Outras;Colisao traseira;Sem Vitimas;Plena noite
825171;20/12/2010;Segunda;16:00:00;RJ;101;322.0;NITEROI;Falta de atencao;Colisao traseira;Sem Vitimas;Pleno dia
825177;21/12/2010;Terca;01:30:00;RJ;101;329.0;NITEROI;Falta de atencao;Colisao traseira;Com Vitimas Feridas;Plena noite
825235;20/12/2010;Segunda;13:30:00;RJ;101;322.0;NITEROI;Outras;Capotamento;Com Vitimas Feridas;Pleno dia
825276;22/12/2010;Quarta;17:00:00;RJ;101;325.0;NITEROI;Outras;Colisao traseira;Sem Vitimas;Pleno dia
825285;22/12/2010;Quarta;23:15:00;RJ;101;322.0;NITEROI;Dormindo;Colisao traseira;Sem Vitimas;Plena noite
826233;25/12/2010;Sabado;17:20:00;RJ;101;309.0;SAO GONCALO;Outras;Atropelamento de pessoa;Com Vitimas Feridas;Pleno dia
826237;25/12/2010;Sabado;19:45:00;RJ;101;312.0;SAO GONCALO;Outras;Saida de Pista;Sem Vitimas;Anoitecer
826262;25/12/2010;Sabado;09:20:00;RJ;101;305.0;SAO GONCALO;Velocidade incompativel;Colisao com objeto fixo;Com Vitimas Feridas;Pleno dia
826335;26/12/2010;Domingo;00:15:00;RJ;101;334.0;RIO DE JANEIRO;Outras;Colisao com objeto movel;Sem Vitimas;Plena noite
826419;26/12/2010;Domingo;07:40:00;RJ;101;323.0;NITEROI;Outras;Colisao traseira;Sem Vitimas;Pleno dia
826646;21/12/2010;Terca;03:00:00;RJ;101;318.0;SAO GONCALO;Outras;Colisao traseira;Com Vitimas Feridas;Plena noite
826670;26/12/2010;Domingo;14:30:00;RJ;101;314.0;SAO GONCALO;Outras;Capotamento;Sem Vitimas;Pleno dia
826678;22/12/2010;Quarta;22:30:00;RJ;101;316.0;SAO GONCALO;Outras;Saida de Pista;Sem Vitimas;Plena noite
826953;24/12/2010;Sexta;22:24:00;RJ;101;312.0;SAO GONCALO;Outras;Saida de Pista;Sem Vitimas;Plena noite
827006;26/12/2010;Domingo;21:42:00;RJ;101;331.0;RIO DE JANEIRO;Outras;Colisao traseira;Sem Vitimas;Plena noite
827514;27/12/2010;Segunda;16:15:00;RJ;101;321.0;NITEROI;Outras;Colisao traseira;Sem Vitimas;Pleno dia
827583;27/12/2010;Segunda;17:45:00;RJ;101;320.0;NITEROI;Outras;Colisao lateral;Sem Vitimas;Anoitecer
827804;27/12/2010;Segunda;22:05:00;RJ;101;331.0;RIO DE JANEIRO;Outras;Colisao traseira;Sem Vitimas;Plena noite
827845;28/12/2010;Terca;01:45:00;RJ;101;307.0;SAO GONCALO;Falta de atencao;Colisao traseira;Sem Vitimas;Plena noite
827856;28/12/2010;Terca;03:00:00;RJ;101;316.0;NITEROI;Outras;Saida de Pista;Sem Vitimas;Plena noite
827890;20/12/2010;Segunda;21:00:00;RJ;101;322.0;RIO DE JANEIRO;Outras;Colisao traseira;Sem Vitimas;Plena noite
828156;20/12/2010;Segunda;19:00:00;RJ;101;314.0;SAO GONCALO;Outras;Colisao lateral;Com Vitimas Feridas;Anoitecer
828393;28/12/2010;Terca;21:00:00;RJ;101;327.0;NITEROI;Outras;Colisao lateral;Sem Vitimas;Plena noite
828437;28/12/2010;Terca;21:50:00;RJ;101;322.0;NITEROI;Outras;Colisao lateral;Sem Vitimas;Plena noite
828448;28/12/2010;Terca;22:40:00;RJ;101;321.0;NITEROI;Outras;Colisao traseira;Sem Vitimas;Plena noite
828536;29/12/2010;Quarta;02:55:00;RJ;101;330.0;RIO DE JANEIRO;Defeito mecanico em veiculo;Colisao com objeto movel;Sem Vitimas;Plena noite
828681;29/12/2010;Quarta;10:31:00;RJ;101;324.0;NITEROI;Nao guardar distancia de seguranca;Colisao traseira;Sem Vitimas;Pleno dia
828687;29/12/2010;Quarta;09:35:00;RJ;101;323.0;NITEROI;Nao guardar distancia de seguranca;Colisao traseira;Sem Vitimas;Pleno dia
828747;25/12/2010;Sabado;05:20:00;RJ;101;320.0;NITEROI;Outras;Queda de motocicleta / bicicleta / veiculo;Com Vitimas Feridas;Amanhecer
828856;29/12/2010;Quarta;11:00:00;RJ;101;323.0;NITEROI;Nao guardar distancia de seguranca;Colisao traseira;Sem Vitimas;Pleno dia
828884;29/12/2010;Quarta;17:20:00;RJ;101;301.0;SAO GONCALO;Outras;Colisao lateral;Com Vitimas Feridas;Pleno dia
828900;29/12/2010;Quarta;18:10:00;RJ;101;324.0;NITEROI;Outras;Colisao traseira;Sem Vitimas;Pleno dia
828908;29/12/2010;Quarta;17:45:00;RJ;101;308.0;SAO GONCALO;Outras;Colisao traseira;Sem Vitimas;Pleno dia
828982;29/12/2010;Quarta;19:00:00;RJ;101;302.0;SAO GONCALO;Outras;Colisao com objeto movel;Com Vitimas Feridas;Anoitecer
828996;29/12/2010;Quarta;20:40:00;RJ;101;323.0;NITEROI;Outras;Colisao traseira;Sem Vitimas;Plena noite
829236;30/12/2010;Quinta;08:30:00;RJ;101;330.0;RIO DE JANEIRO;Outras;Colisao traseira;Sem Vitimas;Pleno dia
829518;30/12/2010;Quinta;17:09:00;RJ;101;332.0;RIO DE JANEIRO;Outras;Colisao traseira;Sem Vitimas;Pleno dia
829573;30/12/2010;Quinta;19:20:00;RJ;101;322.0;NITEROI;Outras;Colisao lateral;Sem Vitimas;Plena noite
829681;30/12/2010;Quinta;22:00:00;RJ;101;304.0;SAO GONCALO;Dormindo;Saida de Pista;Sem Vitimas;Plena noite
829723;30/12/2010;Quinta;23:40:00;RJ;101;322.0;NITEROI;Outras;Colisao traseira;Sem Vitimas;Plena noite
829742;31/12/2010;Sexta;00:20:00;RJ;101;322.0;NITEROI;Outras;Colisao traseira;Sem Vitimas;Plena noite
829745;30/12/2010;Quinta;21:20:00;RJ;101;327.0;RIO DE JANEIRO;Outras;Colisao traseira;Sem Vitimas;Plena noite
829815;31/12/2010;Sexta;05:10:00;RJ;101;322.0;NITEROI;Outras;Colisao traseira;Sem Vitimas;Amanhecer
829817;31/12/2010;Sexta;05:10:00;RJ;101;322.0;NITEROI;Outras;Colisao traseira;Sem Vitimas;Amanhecer
830133;31/12/2010;Sexta;13:50:00;RJ;101;323.0;NITEROI;Falta de atencao;Colisao traseira;Sem Vitimas;Pleno dia
830163;31/12/2010;Sexta;16:25:00;RJ;101;324.0;NITEROI;Outras;Colisao traseira;Sem Vitimas;Pleno dia
830220;31/12/2010;Sexta;16:35:00;RJ;101;326.0;NITEROI;Nao guardar distancia de seguranca;Colisao traseira;Sem Vitimas;Pleno dia
830231;31/12/2010;Sexta;16:30:00;RJ;101;323.0;NITEROI;Nao guardar distancia de seguranca;Colisao traseira;Sem Vitimas;Pleno dia
830261;31/12/2010;Sexta;17:58:00;RJ;101;302.0;SAO GONCALO;Outras;Colisao traseira;Sem Vitimas;Pleno dia
830335;31/12/2010;Sexta;21:50:00;RJ;101;320.0;NITEROI;Velocidade incompativel;Colisao traseira;Sem Vitimas;Plena noite
830839;28/12/2010;Terca;09:00:00;RJ;101;321.0;NITEROI;Falta de atencao;Colisao lateral;Sem Vitimas;Amanhecer
837436;09/01/2010;Sabado;21:20:00;RJ;101;319.0;NITEROI;Outras;Queda de motocicleta / bicicleta / veiculo;Com Vitimas Feridas;Pleno dia
845115;22/12/2010;Quarta;12:10:00;RJ;101;310.0;SAO GONCALO;Desobediencia a sinalizacao;Colisao traseira;Com Vitimas Feridas;Pleno dia
860041;13/12/2010;Segunda;11:00:00;RJ;101;303.0;SAO GONCALO;Outras;Colisao traseira;Sem Vitimas;Pleno dia
867899;02/03/2010;Terca;04:00:00;RJ;101;322.0;NITEROI;Outras;Colisao lateral;Sem Vitimas;Plena noite
873961;25/03/2010;Quinta;13:20:00;RJ;101;332.0;RIO DE JANEIRO;Outras;Colisao traseira;Sem Vitimas;Pleno dia
877314;25/03/2010;Quinta;13:20:00;RJ;101;330.0;RIO DE JANEIRO;Outras;Colisao traseira;Com Vitimas Feridas;Pleno dia
922962;23/04/2010;Sexta;05:30:00;RJ;101;323.0;NITEROI;Outras;Colisao traseira;Com Vitimas Feridas;Amanhecer
939047;20/12/2010;Segunda;21:20:00;RJ;101;313.0;SAO GONCALO;Outras;Colisao traseira;Sem Vitimas;Plena noite
939879;07/09/2010;Terca;10:00:00;RJ;101;333.0;RIO DE JANEIRO;Outras;Colisao traseira;Sem Vitimas;Pleno dia
999165;10/05/2010;Segunda;06:05:00;RJ;101;331.0;RIO DE JANEIRO;Falta de atencao;Colisao traseira;Sem Vitimas;Pleno dia
