id;data_inversa;dia_semana;horario;uf;br;km;municipio;causa_acidente;tipo_acidente;classificacao_acidente;fase_dia
1000018;28/10/2011;Sexta;21:30:00;RJ;101;316.0;SAO GONCALO;Outras;Colisao traseira;Sem Vitimas;Plena noite
1000157;29/10/2011;Sabado;07:40:00;RJ;101;322.0;NITEROI;Outras;Colisao traseira;Sem Vitimas;Pleno dia
1000170;29/10/2011;Sabado;08:00:00;RJ;101;322.0;NITEROI;Outras;Queda de motocicleta / bicicleta / veiculo;Com Vitimas Feridas;Pleno dia
1000227;29/10/2011;Sabado;11:10:00;RJ;101;323.0;NITEROI;Outras;Colisao traseira;Sem Vitimas;Pleno dia
1000300;29/10/2011;Sabado;13:00:00;RJ;101;322.0;NITEROI;Outras;Colisao traseira;Com Vitimas Feridas;Pleno dia
1000303;29/10/2011;Sabado;10:20:00;RJ;101;325.0;NITEROI;Outras;Colisao traseira;Sem Vitimas;Pleno dia
1000310;29/10/2011;Sabado;15:50:00;RJ;101;305.0;SAO GONCALO;Outras;Capotamento;Com Vitimas Feridas;Pleno dia
1000324;29/10/2011;Sabado;16:40:00;RJ;101;323.0;NITEROI;Outras;Colisao traseira;Sem Vitimas;Pleno dia
1000368;29/10/2011;Sabado;17:30:00;RJ;101;329.0;RIO DE JANEIRO;Outras;Colisao lateral;Sem Vitimas;Anoitecer
1000538;29/10/2011;Sabado;23:05:00;RJ;101;315.0;SAO GONCALO;Outras;Colisao lateral;Sem Vitimas;Plena noite
1000567;30/10/2011;Domingo;00:30:00;RJ;101;322.0;NITEROI;Outras;Queda de motocicleta / bicicleta / veiculo;Com Vitimas Feridas;Plena noite
1000628;30/10/2011;Domingo;05:50:00;RJ;101;313.0;SAO GONCALO;Outras;Saida de Pista;Sem Vitimas;Amanhecer
1000977;30/10/2011;Domingo;19:00:00;RJ;101;310.0;SAO GONCALO;Outras;Colisao traseira;Sem Vitimas;Plena noite
1001076;31/10/2011;Segunda;17:00:00;RJ;101;320.0;NITEROI;Outras;Colisao traseira;Sem Vitimas;Pleno dia
1001105;31/10/2011;Segunda;08:30:00;RJ;101;312.0;SAO GONCALO;Outras;Saida de Pista;Sem Vitimas;Pleno dia
1001109;31/10/2011;Segunda;17:30:00;RJ;101;321.0;NITEROI;Falta de atencao;Colisao traseira;Sem Vitimas;Pleno dia
1001146;31/10/2011;Segunda;18:00:00;RJ;101;330.0;RIO DE JANEIRO;Outras;Colisao traseira;Sem Vitimas;Pleno dia
1001149;31/10/2011;Segunda;15:00:00;RJ;101;322.0;NITEROI;Desobediencia a sinalizacao;Colisao traseira;Sem Vitimas;Pleno dia
1001256;30/10/2011;Domingo;08:00:00;RJ;101;304.0;SAO GONCALO;Outras;Capotamento;Sem Vitimas;Pleno dia
1001284;31/10/2011;Segunda;21:00:00;RJ;101;319.0;SAO GONCALO;Nao guardar distancia de seguranca;Colisao traseira;Sem Vitimas;Plena noite
1001309;31/10/2011;Segunda;23:30:00;RJ;101;319.0;NITEROI;Outras;Capotamento;Sem Vitimas;Plena noite
1001371;28/10/2011;Sexta;22:00:00;RJ;101;333.0;RIO DE JANEIRO;Falta de atencao;Colisao lateral;Sem Vitimas;Plena noite
1001379;28/10/2011;Sexta;23:00:00;RJ;101;322.0;NITEROI;Falta de atencao;Colisao com objeto fixo;Sem Vitimas;Plena noite
1001383;28/10/2011;Sexta;21:50:00;RJ;101;334.0;RIO DE JANEIRO;Falta de atencao;Colisao lateral;Sem Vitimas;Plena noite
1001524;28/10/2011;Sexta;22:00:00;RJ;101;326.0;NITEROI;Falta de atencao;Colisao lateral;Sem Vitimas;Plena noite
1001552;28/10/2011;Sexta;13:00:00;RJ;101;325.0;NITEROI;Falta de atencao;Colisao traseira;Sem Vitimas;Pleno dia
1001703;01/11/2011;Terca;15:30:00;RJ;101;319.0;SAO GONCALO;Outras;Colisao traseira;Sem Vitimas;Pleno dia
1001716;01/11/2011;Terca;13:00:00;RJ;101;319.0;SAO GONCALO;Outras;Saida de Pista;Sem Vitimas;Plena noite
1001739;01/11/2011;Terca;16:30:00;RJ;101;304.0;SAO GONCALO;Outras;Colisao traseira;Com Vitimas Feridas;Pleno dia
1001803;01/11/2011;Terca;20:20:00;RJ;101;316.0;SAO GONCALO;Outras;Capotamento;Com Vitimas Feridas;Plena noite
1001977;02/11/2011;Quarta;05:35:00;RJ;101;328.0;NITEROI;Outras;Capotamento;Com Vitimas Feridas;Amanhecer
1002086;02/11/2011;Quarta;06:30:00;RJ;101;317.0;SAO GONCALO;Ingestao de alcool;Colisao traseira;Com Vitimas Feridas;Pleno dia
1002331;02/11/2011;Quarta;17:20:00;RJ;101;316.0;SAO GONCALO;Outras;Saida de Pista;Sem Vitimas;Pleno dia
1002386;31/10/2011;Segunda;20:55:00;RJ;101;333.0;RIO DE JANEIRO;Velocidade incompativel;Colisao traseira;Sem Vitimas;Plena noite
1002428;02/11/2011;Quarta;23:30:00;RJ;101;330.0;RIO DE JANEIRO;Outras;Capotamento;Sem Vitimas;Plena noite
1002502;29/10/2011;Sabado;17:40:00;RJ;101;322.0;NITEROI;Outras;Colisao com objeto fixo;Sem Vitimas;Anoitecer
1002508;03/11/2011;Quinta;06:30:00;RJ;101;310.0;SAO GONCALO;Outras;Saida de Pista;Sem Vitimas;Amanhecer
1002597;03/11/2011;Quinta;07:00:00;RJ;101;316.0;SAO GONCALO;Outras;Colisao lateral;Sem Vitimas;Pleno dia
1002651;03/11/2011;Quinta;09:45:00;RJ;101;321.2;NITEROI;Falta de atencao;Colisao traseira;Sem Vitimas;Pleno dia
1002761;03/11/2011;Quinta;06:05:00;RJ;101;330.0;RIO DE JANEIRO;Outras;Colisao traseira;Sem Vitimas;Pleno dia
1002775;26/10/2011;Quarta;16:40:00;RJ;101;322.0;NITEROI;Outras;Colisao lateral;Sem Vitimas;Pleno dia
1002802;03/11/2011;Quinta;15:29:00;RJ;101;321.0;NITEROI;Outras;Colisao lateral;Sem Vitimas;Pleno dia
1003128;04/11/2011;Sexta;07:20:00;RJ;101;319.0;SAO GONCALO;Outras;Colisao lateral;Sem Vitimas;Pleno dia
1003420;04/11/2011;Sexta;16:30:00;RJ;101;307.0;SAO GONCALO;Nao guardar distancia de seguranca;Colisao traseira;Sem Vitimas;Pleno dia
1003507;05/11/2011;Sabado;23:15:00;RJ;101;309.0;SAO GONCALO;Outras;Colisao traseira;Sem Vitimas;Plena noite
1003514;05/11/2011;Sabado;23:00:00;RJ;101;309.0;SAO GONCALO;Outras;Colisao traseira;Sem Vitimas;Plena noite
1003616;30/10/2011;Domingo;22:30:00;RJ;101;322.0;NITEROI;Outras;Colisao lateral;Sem Vitimas;Plena noite
1003642;30/10/2011;Domingo;22:30:00;RJ;101;322.0;NITEROI;Outras;Colisao traseira;Sem Vitimas;Plena noite
1003841;06/11/2011;Domingo;14:45:00;RJ;101;322.0;NITEROI;Outras;Colisao lateral;Sem Vitimas;Pleno dia
1003954;05/11/2011;Sabado;20:00:00;RJ;101;312.0;SAO GONCALO;Outras;Colisao traseira;Sem Vitimas;Plena noite
1004000;06/11/2011;Domingo;19:50:00;RJ;101;311.0;SAO GONCALO;Outras;Atropelamento de pessoa;Com Vitimas Fatais;Plena noite
1004003;06/11/2011;Domingo;17:55:00;RJ;101;300.0;SAO GONCALO;Outras;Colisao lateral;Sem Vitimas;Pleno dia
1004043;06/11/2011;Domingo;23:40:00;RJ;101;319.0;SAO GONCALO;Outras;Danos Eventuais;Sem Vitimas;Plena noite
1004091;30/10/2011;Domingo;17:00:00;RJ;101;306.0;SAO GONCALO;Animais na Pista;Capotamento;Sem Vitimas;Pleno dia
1004133;07/11/2011;Segunda;08:00:00;RJ;101;322.0;NITEROI;Outras;Colisao com objeto fixo;Sem Vitimas;Pleno dia
1004201;03/11/2011;Quinta;17:50:00;RJ;101;322.0;NITEROI;Outras;Colisao traseira;Sem Vitimas;Pleno dia
1004237;30/10/2011;Domingo;20:20:00;RJ;101;326.0;NITEROI;Outras;Colisao com objeto fixo;Com Vitimas Feridas;Plena noite
1004247;07/11/2011;Segunda;06:00:00;RJ;101;311.0;SAO GONCALO;Outras;Colisao traseira;Com Vitimas Feridas;Amanhecer
1004361;07/11/2011;Segunda;11:30:00;RJ;101;328.0;RIO DE JANEIRO;Outras;Colisao traseira;Sem Vitimas;Pleno dia
1004404;07/11/2011;Segunda;12:32:00;RJ;101;323.2;NITEROI;Outras;Colisao traseira;Sem Vitimas;Pleno dia
1004881;04/11/2011;Sexta;23:30:00;RJ;101;322.5;NITEROI;Nao guardar distancia de seguranca;Colisao traseira;Sem Vitimas;Plena noite
1004939;04/11/2011;Sexta;21:00:00;RJ;101;304.0;SAO GONCALO;Outras;Capotamento;Com Vitimas Fatais;Plena noite
1004987;28/10/2011;Sexta;23:50:00;RJ;101;320.0;NITEROI;Falta de atencao;Colisao traseira;Sem Vitimas;Plena noite
1004994;05/11/2011;Sabado;00:30:00;RJ;101;325.0;NITEROI;Outras;Capotamento;Sem Vitimas;Plena noite
1005010;08/11/2011;Terca;11:45:00;RJ;101;333.0;RIO DE JANEIRO;Defeito mecanico em veiculo;Colisao traseira;Com Vitimas Feridas;Pleno dia
1005014;05/11/2011;Sabado;17:00:00;RJ;101;328.0;RIO DE JANEIRO;Falta de atencao;Colisao lateral;Com Vitimas Feridas;Pleno dia
1005194;04/11/2011;Sexta;23:50:00;RJ;101;328.0;NITEROI;Ingestao de alcool;Colisao lateral;Sem Vitimas;Plena noite
1005195;05/11/2011;Sabado;09:00:00;RJ;101;326.0;NITEROI;Outras;Colisao traseira;Sem Vitimas;Pleno dia
1005208;05/11/2011;Sabado;09:00:00;RJ;101;326.0;RIO DE JANEIRO;Outras;Colisao traseira;Sem Vitimas;Pleno dia
1005274;07/11/2011;Segunda;17:30:00;RJ;101;309.0;SAO GONCALO;Outras;Colisao com bicicleta;Com Vitimas Feridas;Pleno dia
1005368;09/11/2011;Quarta;00:35:00;RJ;101;323.0;NITEROI;Nao guardar distancia de seguranca;Colisao traseira;Sem Vitimas;Plena noite
1005469;07/11/2011;Segunda;17:50:00;RJ;101;329.0;RIO DE JANEIRO;Outras;Capotamento;Com Vitimas Feridas;Pleno dia
1005543;05/11/2011;Sabado;17:30:00;RJ;101;326.0;NITEROI;Outras;Colisao traseira;Com Vitimas Feridas;Pleno dia
1005566;09/11/2011;Quarta;09:20:00;RJ;101;320.0;SAO GONCALO;Outras;Colisao lateral;Sem Vitimas;Pleno dia
1005571;05/11/2011;Sabado;22:30:00;RJ;101;311.0;SAO GONCALO;Outras;Colisao com objeto fixo;Sem Vitimas;Plena noite
1005903;05/11/2011;Sabado;14:00:00;RJ;101;312.0;SAO GONCALO;Outras;Colisao traseira;Sem Vitimas;Pleno dia
1005926;05/11/2011;Sabado;21:00:00;RJ;101;300.0;SAO GONCALO;Outras;Colisao com objeto fixo;Sem Vitimas;Anoitecer
1006143;10/11/2011;Quinta;09:10:00;RJ;101;321.0;RIO DE JANEIRO;Defeito mecanico em veiculo;Colisao lateral;Sem Vitimas;Pleno dia
1006186;10/11/2011;Quinta;10:15:00;RJ;101;331.0;RIO DE JANEIRO;Outras;Colisao traseira;Sem Vitimas;Pleno dia
1006269;10/11/2011;Quinta;13:45:00;RJ;101;327.0;NITEROI;Outras;Colisao traseira;Sem Vitimas;Pleno dia
1006355;30/09/2011;Sexta;19:30:00;RJ;101;313.0;SAO GONCALO;Falta de atencao;Colisao traseira;Sem Vitimas;Plena noite
1006357;10/11/2011;Quinta;18:30:00;RJ;101;326.0;NITEROI;Outras;Queda de motocicleta / bicicleta / veiculo;Com Vitimas Feridas;Anoitecer
1006394;10/11/2011;Quinta;20:15:00;RJ;101;322.0;NITEROI;Outras;Colisao traseira;Sem Vitimas;Plena noite
1006441;10/11/2011;Quinta;21:25:00;RJ;101;326.0;NITEROI;Outras;Colisao lateral;Sem Vitimas;Plena noite
1006598;03/11/2011;Quinta;11:00:00;RJ;101;329.0;RIO DE JANEIRO;Outras;Colisao traseira;Sem Vitimas;Pleno dia
1006742;09/11/2011;Quarta;08:40:00;RJ;101;322.0;NITEROI;Outras;Colisao com objeto fixo;Sem Vitimas;Pleno dia
1006743;11/11/2011;Sexta;11:05:00;RJ;101;317.0;SAO GONCALO;Outras;Colisao traseira;Sem Vitimas;Pleno dia
1006748;09/11/2011;Quarta;15:45:00;RJ;101;329.0;RIO DE JANEIRO;Outras;Colisao traseira;Sem Vitimas;Pleno dia
1006759;11/11/2011;Sexta;12:00:00;RJ;101;304.0;SAO GONCALO;Outras;Colisao lateral;Sem Vitimas;Pleno dia
1006810;11/11/2011;Sexta;09:15:00;RJ;101;319.0;SAO GONCALO;Outras;Colisao lateral;Com Vitimas Feridas;Pleno dia
1006896;11/11/2011;Sexta;16:40:00;RJ;101;328.0;RIO DE JANEIRO;Falta de atencao;Colisao traseira;Sem Vitimas;Pleno dia
1006897;09/11/2011;Quarta;18:00:00;RJ;101;325.0;NITEROI;Outras;Colisao traseira;Sem Vitimas;Anoitecer
1006909;09/11/2011;Quarta;21:40:00;RJ;101;322.0;NITEROI;Outras;Colisao lateral;Sem Vitimas;Plena noite
1006935;11/11/2011;Sexta;17:50:00;RJ;101;306.0;SAO GONCALO;Falta de atencao;Colisao traseira;Sem Vitimas;Pleno dia
1007102;11/11/2011;Sexta;22:00:00;RJ;101;315.0;SAO GONCALO;Falta de atencao;Colisao traseira;Com Vitimas Feridas;Plena noite
1007125;11/11/2011;Sexta;15:25:00;RJ;101;328.0;RIO DE JANEIRO;Outras;Capotamento;Com Vitimas Feridas;Pleno dia
1007137;11/11/2011;Sexta;22:40:00;RJ;101;309.0;SAO GONCALO;Ingestao de alcool;Atropelamento de pessoa;Com Vitimas Fatais;Plena noite
1007218;11/11/2011;Sexta;19:00:00;RJ;101;313.0;SAO GONCALO;Outras;Colisao lateral;Sem Vitimas;Plena noite
1007261;12/11/2011;Sabado;07:50:00;RJ;101;308.0;SAO GONCALO;Outras;Colisao traseira;Sem Vitimas;Pleno dia
1007390;12/11/2011;Sabado;13:00:00;RJ;101;306.0;SAO GONCALO;Desobediencia a sinalizacao;Colisao Transversal;Sem Vitimas;Pleno dia
1007441;12/11/2011;Sabado;13:20:00;RJ;101;313.0;SAO GONCALO;Nao guardar distancia de seguranca;Colisao traseira;Sem Vitimas;Pleno dia
1007551;12/11/2011;Sabado;18:00:00;RJ;101;322.0;NITEROI;Nao guardar distancia de seguranca;Colisao traseira;Sem Vitimas;Anoitecer
1007609;12/11/2011;Sabado;10:50:00;RJ;101;302.0;SAO GONCALO;Outras;Colisao lateral;Sem Vitimas;Pleno dia
1007628;09/11/2011;Quarta;22:40:00;RJ;101;320.0;NITEROI;Outras;Colisao lateral;Sem Vitimas;Plena noite
1007636;12/11/2011;Sabado;20:40:00;RJ;101;328.0;RIO DE JANEIRO;Outras;Colisao traseira;Sem Vitimas;Plena noite
1007658;12/11/2011;Sabado;20:30:00;RJ;101;329.0;RIO DE JANEIRO;Falta de atencao;Colisao traseira;Com Vitimas Feridas;Plena noite
1007711;12/11/2011;Sabado;21:30:00;RJ;101;309.0;SAO GONCALO;Outras;Colisao traseira;Sem Vitimas;Plena noite
1007725;12/11/2011;Sabado;17:40:00;RJ;101;308.0;SAO GONCALO;Outras;Colisao lateral;Com Vitimas Feridas;Plena noite
1007909;13/11/2011;Domingo;10:00:00;RJ;101;322.0;NITEROI;Falta de atencao;Colisao traseira;Sem Vitimas;Pleno dia
1008335;14/11/2011;Segunda;05:15:00;RJ;101;314.0;NITEROI;Outras;Colisao com objeto fixo;Sem Vitimas;Plena noite
1008368;14/11/2011;Segunda;07:40:00;RJ;101;313.0;SAO GONCALO;Defeito mecanico em veiculo;Colisao com objeto fixo;Sem Vitimas;Pleno dia
1008402;14/11/2011;Segunda;09:15:00;RJ;101;322.0;NITEROI;Outras;Colisao lateral;Sem Vitimas;Pleno dia
1008436;14/11/2011;Segunda;09:30:00;RJ;101;321.0;NITEROI;Outras;Colisao lateral;Sem Vitimas;Pleno dia
1008547;14/11/2011;Segunda;12:30:00;RJ;101;322.0;NITEROI;Outras;Colisao traseira;Sem Vitimas;Pleno dia
1008734;14/11/2011;Segunda;20:20:00;RJ;101;322.0;NITEROI;Outras;Colisao traseira;Sem Vitimas;Plena noite
1008763;14/11/2011;Segunda;20:25:00;RJ;101;322.0;NITEROI;Outras;Colisao traseira;Sem Vitimas;Plena noite
1009499;16/11/2011;Quarta;06:45:00;RJ;101;322.0;NITEROI;Outras;Colisao com objeto fixo;Sem Vitimas;Pleno dia
1009744;12/11/2011;Sabado;14:40:00;RJ;101;311.0;SAO GONCALO;Falta de atencao;Colisao traseira;Sem Vitimas;Pleno dia
1009816;16/11/2011;Quarta;15:20:00;RJ;101;320.0;NITEROI;Nao guardar distancia de seguranca;Colisao traseira;Sem Vitimas;Pleno dia
1009833;16/11/2011;Quarta;07:00:00;RJ;101;321.0;NITEROI;Outras;Colisao com objeto fixo;Sem Vitimas;Amanhecer
1010129;17/11/2011;Quinta;05:15:00;RJ;101;305.0;SAO GONCALO;Animais na Pista;Atropelamento de animal;Sem Vitimas;Amanhecer
1010183;13/11/2011;Domingo;23:00:00;RJ;101;304.0;SAO GONCALO;Outras;Colisao traseira;Com Vitimas Feridas;Plena noite
1010674;14/11/2011;Segunda;14:00:00;RJ;101;327.0;NITEROI;Outras;Colisao lateral;Sem Vitimas;Pleno dia
1010695;14/11/2011;Segunda;15:30:00;RJ;101;322.0;NITEROI;Outras;Colisao lateral;Sem Vitimas;Pleno dia
1010913;17/11/2011;Quinta;15:50:00;RJ;101;332.9;RIO DE JANEIRO;Outras;Colisao com objeto fixo;Sem Vitimas;Pleno dia
1011290;19/11/2011;Sabado;11:30:00;RJ;101;327.0;NITEROI;Outras;Colisao traseira;Sem Vitimas;Pleno dia
1011308;15/11/2011;Terca;16:30:00;RJ;101;318.0;SAO GONCALO;Outras;Queda de motocicleta / bicicleta / veiculo;Com Vitimas Feridas;Pleno dia
1011325;16/11/2011;Quarta;01:00:00;RJ;101;320.0;NITEROI;Outras;Saida de Pista;Com Vitimas Feridas;Plena noite
1011422;19/11/2011;Sabado;18:10:00;RJ;101;316.0;SAO GONCALO;Outras;Colisao traseira;Sem Vitimas;Pleno dia
1011472;19/11/2011;Sabado;20:20:00;RJ;101;316.0;SAO GONCALO;Outras;Colisao traseira;Sem Vitimas;Pleno dia
1011490;19/11/2011;Sabado;16:45:00;RJ;101;315.0;SAO GONCALO;Outras;Colisao traseira;Com Vitimas Fatais;Pleno dia
1011591;20/11/2011;Domingo;01:40:00;RJ;101;333.0;RIO DE JANEIRO;Outras;Colisao traseira;Sem Vitimas;Plena noite
1011611;20/11/2011;Domingo;01:39:00;RJ;101;327.0;RIO DE JANEIRO;Outras;Colisao traseira;Sem Vitimas;Plena noite
1011700;17/11/2011;Quinta;22:40:00;RJ;101;320.0;NITEROI;Outras;Colisao traseira;Sem Vitimas;Plena noite
1011710;17/11/2011;Quinta;23:50:00;RJ;101;320.0;NITEROI;Outras;Colisao lateral;Sem Vitimas;Plena noite
1012079;21/11/2011;Segunda;07:00:00;RJ;101;314.0;SAO GONCALO;Outras;Colisao traseira;Sem Vitimas;Pleno dia
1012245;21/11/2011;Segunda;07:30:00;RJ;101;308.0;SAO GONCALO;Outras;Colisao traseira;Com Vitimas Feridas;Pleno dia
1012436;21/11/2011;Segunda;05:57:00;RJ;101;314.0;SAO GONCALO;Outras;Atropelamento de pessoa;Com Vitimas Feridas;Pleno dia
1012670;22/11/2011;Terca;10:00:00;RJ;101;314.0;SAO GONCALO;Outras;Colisao lateral;Sem Vitimas;Pleno dia
1013077;22/11/2011;Terca;22:20:00;RJ;101;319.0;SAO GONCALO;Outras;Colisao lateral;Sem Vitimas;Plena noite
1013325;23/11/2011;Quarta;11:50:00;RJ;101;322.0;NITEROI;Defeito mecanico em veiculo;Colisao com objeto fixo;Sem Vitimas;Pleno dia
1013328;23/11/2011;Quarta;11:00:00;RJ;101;333.0;RIO DE JANEIRO;Outras;Colisao lateral;Sem Vitimas;Pleno dia
1013401;23/11/2011;Quarta;11:30:00;RJ;101;322.0;NITEROI;Outras;Colisao traseira;Sem Vitimas;Pleno dia
1013403;23/11/2011;Quarta;14:00:00;RJ;101;327.0;RIO DE JANEIRO;Outras;Colisao traseira;Sem Vitimas;Pleno dia
1013470;23/11/2011;Quarta;18:00:00;RJ;101;307.0;SAO GONCALO;Outras;Saida de Pista;Sem Vitimas;Anoitecer
1013555;23/11/2011;Quarta;15:05:00;RJ;101;321.0;NITEROI;Falta de atencao;Colisao lateral;Sem Vitimas;Pleno dia
1013708;21/11/2011;Segunda;15:50:00;RJ;101;330.0;RIO DE JANEIRO;Outras;Colisao lateral;Sem Vitimas;Pleno dia
1013716;21/11/2011;Segunda;17:30:00;RJ;101;321.0;NITEROI;Outras;Colisao lateral;Sem Vitimas;Pleno dia
1013782;12/11/2011;Sabado;12:30:00;RJ;101;303.0;SAO GONCALO;Falta de atencao;Saida de Pista;Ignorado;Pleno dia
1013794;24/11/2011;Quinta;10:00:00;RJ;101;322.0;RIO DE JANEIRO;Nao guardar distancia de seguranca;Colisao traseira;Sem Vitimas;Pleno dia
1014143;21/11/2011;Segunda;17:00:00;RJ;101;324.0;NITEROI;Falta de atencao;Colisao traseira;Com Vitimas Feridas;Pleno dia
1014149;21/11/2011;Segunda;08:00:00;RJ;101;326.0;RIO DE JANEIRO;Falta de atencao;Colisao traseira;Sem Vitimas;Pleno dia
1014372;25/11/2011;Sexta;13:13:00;RJ;101;331.0;RIO DE JANEIRO;Falta de atencao;Colisao lateral;Com Vitimas Feridas;Pleno dia
1014441;25/11/2011;Sexta;18:00:00;RJ;101;333.0;RIO DE JANEIRO;Outras;Colisao lateral;Sem Vitimas;Anoitecer
1014564;25/11/2011;Sexta;21:45:00;RJ;101;329.0;NITEROI;Outras;Colisao traseira;Sem Vitimas;Plena noite
1014675;18/11/2011;Sexta;22:35:00;RJ;101;322.0;NITEROI;Outras;Colisao traseira;Sem Vitimas;Plena noite
1014679;26/11/2011;Sabado;05:30:00;RJ;101;307.0;SAO GONCALO;Outras;Colisao traseira;Com Vitimas Feridas;Amanhecer
1014691;18/11/2011;Sexta;22:35:00;RJ;101;322.0;NITEROI;Outras;Colisao lateral;Sem Vitimas;Plena noite
1014701;18/11/2011;Sexta;22:50:00;RJ;101;320.0;NITEROI;Outras;Colisao lateral;Sem Vitimas;Plena noite
1014739;26/11/2011;Sabado;10:00:00;RJ;101;322.0;NITEROI;Outras;Colisao lateral;Sem Vitimas;Pleno dia
1014813;26/11/2011;Sabado;13:20:00;RJ;101;300.0;SAO GONCALO;Outras;Colisao traseira;Sem Vitimas;Pleno dia
1014884;26/11/2011;Sabado;16:30:00;RJ;101;322.0;NITEROI;Outras;Colisao traseira;Sem Vitimas;Pleno dia
1015236;25/11/2011;Sexta;10:50:00;RJ;101;324.0;NITEROI;Outras;Colisao com objeto fixo;Sem Vitimas;Pleno dia
1015241;23/11/2011;Quarta;13:00:00;RJ;101;326.0;NITEROI;Outras;Colisao traseira;Sem Vitimas;Pleno dia
1015251;25/11/2011;Sexta;12:50:00;RJ;101;322.0;NITEROI;Outras;Colisao lateral;Sem Vitimas;Pleno dia
1015279;27/11/2011;Domingo;06:40:00;RJ;101;309.8;SAO GONCALO;Outras;Colisao com objeto fixo;Sem Vitimas;Amanhecer
1015432;27/11/2011;Domingo;16:05:00;RJ;101;322.0;NITEROI;Outras;Colisao lateral;Sem Vitimas;Pleno dia
1015501;27/11/2011;Domingo;17:00:00;RJ;101;312.0;SAO GONCALO;Outras;Colisao traseira;Sem Vitimas;Pleno dia
1015506;27/11/2011;Domingo;17:00:00;RJ;101;318.0;SAO GONCALO;Outras;Colisao traseira;Sem Vitimas;Pleno dia
1015688;28/11/2011;Segunda;05:40:00;RJ;101;308.0;SAO GONCALO;Nao guardar distancia de seguranca;Colisao traseira;Sem Vitimas;Amanhecer
1015742;28/11/2011;Segunda;08:00:00;RJ;101;316.0;SAO GONCALO;Nao guardar distancia de seguranca;Colisao traseira;Sem Vitimas;Pleno dia
1015837;28/11/2011;Segunda;09:50:00;RJ;101;321.0;NITEROI;Outras;Colisao traseira;Sem Vitimas;Pleno dia
1015851;24/11/2011;Quinta;18:11:00;RJ;101;322.0;NITEROI;Outras;Colisao lateral;Sem Vitimas;Anoitecer
1015952;28/11/2011;Segunda;11:00:00;RJ;101;321.0;NITEROI;Nao guardar distancia de seguranca;Colisao lateral;Sem Vitimas;Pleno dia
1015963;28/11/2011;Segunda;18:15:00;RJ;101;303.0;SAO GONCALO;Outras;Colisao com objeto fixo;Sem Vitimas;Pleno dia
1016073;28/11/2011;Segunda;16:30:00;RJ;101;332.0;NITEROI;Defeito mecanico em veiculo;Colisao lateral;Com Vitimas Feridas;Pleno dia
1016138;28/11/2011;Segunda;23:20:00;RJ;101;322.0;NITEROI;Nao guardar distancia de seguranca;Colisao lateral;Sem Vitimas;Plena noite
1016151;28/11/2011;Segunda;23:00:00;RJ;101;314.0;SAO GONCALO;Outras;Capotamento;Sem Vitimas;Plena noite
1016261;29/11/2011;Terca;06:05:00;RJ;101;321.0;NITEROI;Outras;Colisao lateral;Sem Vitimas;Pleno dia
1016286;29/11/2011;Terca;06:30:00;RJ;101;318.0;RIO DE JANEIRO;Outras;Colisao traseira;Sem Vitimas;Pleno dia
1016316;29/11/2011;Terca;08:30:00;RJ;101;316.0;SAO GONCALO;Falta de atencao;Colisao traseira;Sem Vitimas;Pleno dia
1016336;29/11/2011;Terca;09:40:00;RJ;101;315.0;SAO GONCALO;Outras;Colisao traseira;Sem Vitimas;Anoitecer
1016349;25/11/2011;Sexta;09:40:00;RJ;101;318.0;SAO GONCALO;Outras;Atropelamento de pessoa;Com Vitimas Feridas;Plena noite
1016490;25/11/2011;Sexta;19:00:00;RJ;101;303.0;SAO GONCALO;Outras;Colisao traseira;Com Vitimas Feridas;Plena noite
1016504;29/11/2011;Terca;18:30:00;RJ;101;330.0;NITEROI;Outras;Colisao traseira;Sem Vitimas;Pleno dia
1016511;29/11/2011;Terca;18:50:00;RJ;101;322.0;NITEROI;Outras;Colisao lateral;Sem Vitimas;Anoitecer
1016751;18/11/2011;Sexta;17:40:00;RJ;101;329.0;RIO DE JANEIRO;Outras;Queda de motocicleta / bicicleta / veiculo;Com Vitimas Feridas;Pleno dia
1016771;30/11/2011;Quarta;07:35:00;RJ;101;322.0;NITEROI;Outras;Colisao traseira;Sem Vitimas;Pleno dia
1016844;30/11/2011;Quarta;10:00:00;RJ;101;326.0;NITEROI;Outras;Colisao com objeto movel;Sem Vitimas;Pleno dia
1016905;30/11/2011;Quarta;13:11:00;RJ;101;322.0;NITEROI;Outras;Colisao lateral;Sem Vitimas;Pleno dia
1017011;30/11/2011;Quarta;17:00:00;RJ;101;322.0;NITEROI;Outras;Colisao traseira;Sem Vitimas;Pleno dia
1017047;30/11/2011;Quarta;17:55:00;RJ;101;330.0;RIO DE JANEIRO;Outras;Colisao traseira;Sem Vitimas;Pleno dia
1017069;30/11/2011;Quarta;11:10:00;RJ;101;329.0;RIO DE JANEIRO;Outras;Colisao traseira;Com Vitimas Feridas;Pleno dia
1017290;01/12/2011;Quinta;14:10:00;RJ;101;321.0;NITEROI;Falta de atencao;Colisao traseira;Com Vitimas Feridas;Pleno dia
1017305;01/12/2011;Quinta;08:35:00;RJ;101;303.0;SAO GONCALO;Outras;Colisao com objeto fixo;Sem Vitimas;Pleno dia
1017306;01/12/2011;Quinta;09:00:00;RJ;101;318.0;SAO GONCALO;Falta de atencao;Colisao traseira;Sem Vitimas;Pleno dia
1017340;01/12/2011;Quinta;09:10:00;RJ;101;313.0;SAO GONCALO;Outras;Colisao traseira;Sem Vitimas;Pleno dia
1017480;01/12/2011;Quinta;18:30:00;RJ;101;319.0;SAO GONCALO;Outras;Colisao traseira;Sem Vitimas;Pleno dia
1017488;01/12/2011;Quinta;17:00:00;RJ;101;320.0;NITEROI;Nao guardar distancia de seguranca;Colisao lateral;Sem Vitimas;Pleno dia
1017611;01/12/2011;Quinta;21:50:00;RJ;101;334.0;RIO DE JANEIRO;Falta de atencao;Colisao lateral;Sem Vitimas;Plena noite
1017674;02/12/2011;Sexta;03:10:00;RJ;101;303.0;SAO GONCALO;Outras;Colisao lateral;Sem Vitimas;Plena noite
1017724;28/11/2011;Segunda;17:30:00;RJ;101;331.5;RIO DE JANEIRO;Velocidade incompativel;Colisao traseira;Com Vitimas Feridas;Pleno dia
1017799;28/11/2011;Segunda;13:45:00;RJ;101;320.0;NITEROI;Nao guardar distancia de seguranca;Colisao lateral;Sem Vitimas;Pleno dia
1017823;02/12/2011;Sexta;09:00:00;RJ;101;319.0;NITEROI;Nao guardar distancia de seguranca;Colisao lateral;Sem Vitimas;Pleno dia
1017830;02/12/2011;Sexta;07:45:00;RJ;101;317.0;SAO GONCALO;Outras;Colisao traseira;Sem Vitimas;Pleno dia
1017900;05/11/2011;Sabado;06:30:00;RJ;101;320.0;NITEROI;Falta de atencao;Tombamento;Com Vitimas Feridas;Pleno dia
1017935;02/12/2011;Sexta;08:00:00;RJ;101;311.0;SAO GONCALO;Outras;Colisao traseira;Com Vitimas Fatais;Pleno dia
1018040;02/12/2011;Sexta;17:30:00;RJ;101;316.0;SAO GONCALO;Falta de atencao;Colisao lateral;Sem Vitimas;Pleno dia
1018046;02/12/2011;Sexta;16:50:00;RJ;101;322.0;NITEROI;Nao guardar distancia de seguranca;Colisao lateral;Sem Vitimas;Pleno dia
1018057;02/12/2011;Sexta;18:10:00;RJ;101;315.0;SAO GONCALO;Falta de atencao;Colisao traseira;Sem Vitimas;Pleno dia
1018079;02/12/2011;Sexta;16:40:00;RJ;101;315.0;SAO GONCALO;Outras;Colisao frontal;Com Vitimas Fatais;Pleno dia
1018197;02/12/2011;Sexta;23:00:00;RJ;101;322.0;NITEROI;Nao guardar distancia de seguranca;Colisao lateral;Sem Vitimas;Plena noite
1018255;03/12/2011;Sabado;03:00:00;RJ;101;313.0;SAO GONCALO;Outras;Colisao traseira;Sem Vitimas;Plena noite
1018349;03/12/2011;Sabado;08:00:00;RJ;101;306.0;SAO GONCALO;Outras;Colisao traseira;Sem Vitimas;Pleno dia
1018403;03/12/2011;Sabado;11:03:00;RJ;101;321.2;NITEROI;Outras;Colisao traseira;Sem Vitimas;Pleno dia
1018858;04/12/2011;Domingo;06:02:00;RJ;101;331.0;NITEROI;Dormindo;Colisao lateral;Sem Vitimas;Pleno dia
1018904;04/12/2011;Domingo;06:09:00;RJ;101;313.0;SAO GONCALO;Dormindo;Saida de Pista;Sem Vitimas;Amanhecer
1019119;04/12/2011;Domingo;18:35:00;RJ;101;322.0;NITEROI;Outras;Colisao traseira;Sem Vitimas;Pleno dia
1019168;04/12/2011;Domingo;20:15:00;RJ;101;325.0;NITEROI;Outras;Colisao frontal;Sem Vitimas;Plena noite
1019199;04/12/2011;Domingo;20:45:00;RJ;101;319.0;SAO GONCALO;Outras;Saida de Pista;Sem Vitimas;Plena noite
1019356;05/12/2011;Segunda;06:50:00;RJ;101;314.8;SAO GONCALO;Outras;Colisao lateral;Com Vitimas Feridas;Amanhecer
1019414;01/12/2011;Quinta;22:15:00;RJ;101;322.0;NITEROI;Falta de atencao;Colisao traseira;Sem Vitimas;Plena noite
1019767;05/12/2011;Segunda;19:10:00;RJ;101;322.0;NITEROI;Falta de atencao;Colisao traseira;Sem Vitimas;Anoitecer
1019938;03/12/2011;Sabado;01:00:00;RJ;101;313.0;SAO GONCALO;Outras;Colisao traseira;Sem Vitimas;Plena noite
1019945;02/12/2011;Sexta;20:40:00;RJ;101;318.0;SAO GONCALO;Outras;Colisao traseira;Sem Vitimas;Plena noite
1020134;06/12/2011;Terca;11:30:00;RJ;101;311.0;SAO GONCALO;Outras;Colisao traseira;Sem Vitimas;Pleno dia
1020178;06/12/2011;Terca;13:50:00;RJ;101;321.0;NITEROI;Outras;Colisao lateral;Sem Vitimas;Pleno dia
1020208;06/12/2011;Terca;10:45:00;RJ;101;311.0;SAO GONCALO;Outras;Colisao lateral;Com Vitimas Feridas;Pleno dia
1020277;03/12/2011;Sabado;05:50:00;RJ;101;322.0;NITEROI;Falta de atencao;Colisao lateral;Sem Vitimas;Amanhecer
1020291;03/12/2011;Sabado;00:55:00;RJ;101;313.0;SAO GONCALO;Outras;Colisao com objeto fixo;Com Vitimas Feridas;Plena noite
1020304;06/12/2011;Terca;18:15:00;RJ;101;311.0;SAO GONCALO;Falta de atencao;Colisao traseira;Com Vitimas Feridas;Pleno dia
1020338;06/12/2011;Terca;19:50:00;RJ;101;311.0;SAO GONCALO;Nao guardar distancia de seguranca;Colisao traseira;Sem Vitimas;Plena noite
1020565;29/11/2011;Terca;22:15:00;RJ;101;318.0;SAO GONCALO;Outras;Atropelamento de pessoa;Com Vitimas Fatais;Plena noite
1020773;07/12/2011;Quarta;15:25:00;RJ;101;313.0;SAO GONCALO;Outras;Saida de Pista;Sem Vitimas;Pleno dia
1020800;07/12/2011;Quarta;15:00:00;RJ;101;305.0;SAO GONCALO;Outras;Colisao com objeto fixo;Sem Vitimas;Pleno dia
1020816;07/12/2011;Quarta;17:00:00;RJ;101;306.0;SAO GONCALO;Nao guardar distancia de seguranca;Colisao traseira;Sem Vitimas;Pleno dia
1020910;07/12/2011;Quarta;20:05:00;RJ;101;324.0;NITEROI;Outras;Colisao traseira;Sem Vitimas;Plena noite
1020967;07/12/2011;Quarta;22:30:00;RJ;101;316.0;SAO GONCALO;Outras;Saida de Pista;Sem Vitimas;Plena noite
1021134;08/12/2011;Quinta;08:42:00;RJ;101;328.0;NITEROI;Defeito mecanico em veiculo;Colisao lateral;Sem Vitimas;Pleno dia
1021190;05/11/2011;Sabado;12:00:00;RJ;101;320.0;NITEROI;Outras;Colisao traseira;Sem Vitimas;Pleno dia
1021341;07/12/2011;Quarta;01:30:00;RJ;101;330.0;RIO DE JANEIRO;Falta de atencao;Colisao com objeto movel;Com Vitimas Feridas;Plena noite
1021386;08/12/2011;Quinta;16:35:00;RJ;101;303.0;SAO GONCALO;Outras;Danos Eventuais;Sem Vitimas;Pleno dia
1021421;08/12/2011;Quinta;17:00:00;RJ;101;301.0;SAO GONCALO;Falta de atencao;Atropelamento de pessoa;Com Vitimas Feridas;Pleno dia
1021748;09/12/2011;Sexta;09:00:00;RJ;101;320.0;NITEROI;Nao guardar distancia de seguranca;Colisao lateral;Com Vitimas Feridas;Pleno dia
1021773;09/12/2011;Sexta;10:30:00;RJ;101;313.0;SAO GONCALO;Outras;Colisao traseira;Com Vitimas Feridas;Pleno dia
1021875;09/12/2011;Sexta;13:45:00;RJ;101;334.0;RIO DE JANEIRO;Outras;Colisao lateral;Sem Vitimas;Pleno dia
1022112;09/12/2011;Sexta;11:25:00;RJ;101;318.8;SAO GONCALO;Nao guardar distancia de seguranca;Colisao traseira;Com Vitimas Feridas;Pleno dia
1022324;10/12/2011;Sabado;08:55:00;RJ;101;322.0;NITEROI;Desobediencia a sinalizacao;Colisao traseira;Com Vitimas Feridas;Pleno dia
1022394;10/12/2011;Sabado;09:45:00;RJ;101;300.0;SAO GONCALO;Animais na Pista;Colisao traseira;Sem Vitimas;Pleno dia
1022419;10/12/2011;Sabado;10:50:00;RJ;101;301.0;SAO GONCALO;Nao guardar distancia de seguranca;Colisao traseira;Sem Vitimas;Pleno dia
1022428;10/12/2011;Sabado;12:00:00;RJ;101;321.5;NITEROI;Nao guardar distancia de seguranca;Colisao lateral;Sem Vitimas;Pleno dia
1022468;10/12/2011;Sabado;12:50:00;RJ;101;316.0;SAO GONCALO;Outras;Colisao com objeto fixo;Com Vitimas Feridas;Pleno dia
1022632;10/12/2011;Sabado;17:30:00;RJ;101;320.0;NITEROI;Outras;Colisao com objeto fixo;Sem Vitimas;Anoitecer
1022758;10/12/2011;Sabado;22:00:00;RJ;101;320.5;NITEROI;Outras;Colisao traseira;Sem Vitimas;Plena noite
1022842;10/12/2011;Sabado;23:55:00;RJ;101;321.0;NITEROI;Outras;Colisao lateral;Sem Vitimas;Plena noite
1022847;11/12/2011;Domingo;04:50:00;RJ;101;322.0;NITEROI;Falta de atencao;Colisao com objeto fixo;Com Vitimas Feridas;Amanhecer
1022956;07/12/2011;Quarta;15:50:00;RJ;101;312.0;SAO GONCALO;Falta de atencao;Colisao traseira;Sem Vitimas;Pleno dia
1023145;11/12/2011;Domingo;17:00:00;RJ;101;317.0;SAO GONCALO;Falta de atencao;Colisao traseira;Sem Vitimas;Pleno dia
1023316;11/12/2011;Domingo;22:20:00;RJ;101;317.0;SAO GONCALO;Outras;Queda de motocicleta / bicicleta / veiculo;Com Vitimas Feridas;Plena noite
1023557;12/12/2011;Segunda;11:30:00;RJ;101;313.0;SAO GONCALO;Outras;Colisao lateral;Sem Vitimas;Pleno dia
1023614;12/12/2011;Segunda;14:00:00;RJ;101;333.0;RIO DE JANEIRO;Outras;Colisao lateral;Sem Vitimas;Pleno dia
1023641;12/12/2011;Segunda;15:00:00;RJ;101;315.0;SAO GONCALO;Outras;Incendio;Sem Vitimas;Pleno dia
1023676;12/12/2011;Segunda;16:10:00;RJ;101;302.8;SAO GONCALO;Outras;Colisao traseira;Sem Vitimas;Pleno dia
1023683;08/12/2011;Quinta;05:30:00;RJ;101;329.0;RIO DE JANEIRO;Falta de atencao;Colisao traseira;Sem Vitimas;Amanhecer
1023701;12/12/2011;Segunda;16:45:00;RJ;101;328.0;NITEROI;Outras;Colisao traseira;Sem Vitimas;Pleno dia
1023716;12/12/2011;Segunda;17:00:00;RJ;101;328.0;NITEROI;Outras;Colisao lateral;Sem Vitimas;Pleno dia
1023734;12/12/2011;Segunda;16:31:00;RJ;101;320.0;NITEROI;Outras;Colisao traseira;Sem Vitimas;Pleno dia
1023790;12/12/2011;Segunda;18:00:00;RJ;101;305.0;SAO GONCALO;Outras;Colisao lateral;Sem Vitimas;Pleno dia
1024070;13/12/2011;Terca;07:10:00;RJ;101;321.7;NITEROI;Outras;Colisao lateral;Sem Vitimas;Pleno dia
1024181;13/12/2011;Terca;09:15:00;RJ;101;332.0;RIO DE JANEIRO;Falta de atencao;Colisao traseira;Com Vitimas Feridas;Pleno dia
1024186;13/12/2011;Terca;11:30:00;RJ;101;305.0;SAO GONCALO;Outras;Colisao traseira;Sem Vitimas;Pleno dia
1024398;13/12/2011;Terca;17:40:00;RJ;101;322.0;NITEROI;Nao guardar distancia de seguranca;Colisao lateral;Sem Vitimas;Pleno dia
1024403;13/12/2011;Terca;08:30:00;RJ;101;329.0;RIO DE JANEIRO;Nao guardar distancia de seguranca;Colisao traseira;Sem Vitimas;Pleno dia
1024479;13/12/2011;Terca;19:15:00;RJ;101;334.0;RIO DE JANEIRO;Outras;Colisao lateral;Sem Vitimas;Anoitecer
1024487;13/12/2011;Terca;19:50:00;RJ;101;327.0;NITEROI;Falta de atencao;Colisao traseira;Sem Vitimas;Plena noite
1024526;13/12/2011;Terca;17:55:00;RJ;101;317.0;SAO GONCALO;Outras;Colisao traseira;Sem Vitimas;Pleno dia
1024671;11/12/2011;Domingo;04:15:00;RJ;101;334.0;RIO DE JANEIRO;Outras;Colisao com objeto fixo;Com Vitimas Feridas;Plena noite
1024796;14/12/2011;Quarta;10:40:00;RJ;101;304.0;SAO GONCALO;Outras;Colisao traseira;Sem Vitimas;Pleno dia
1024846;14/12/2011;Quarta;11:05:00;RJ;101;328.0;RIO DE JANEIRO;Nao guardar distancia de seguranca;Colisao traseira;Sem Vitimas;Pleno dia
1024881;14/12/2011;Quarta;12:35:00;RJ;101;303.0;SAO GONCALO;Outras;Colisao traseira;Sem Vitimas;Pleno dia
1025030;11/12/2011;Domingo;19:00:00;RJ;101;322.0;NITEROI;Outras;Colisao lateral;Sem Vitimas;Pleno dia
1025042;11/12/2011;Domingo;17:25:00;RJ;101;321.0;NITEROI;Outras;Colisao traseira;Sem Vitimas;Plena noite
1025057;11/12/2011;Domingo;16:50:00;RJ;101;322.0;NITEROI;Outras;Colisao traseira;Sem Vitimas;Pleno dia
1025179;14/12/2011;Quarta;16:30:00;RJ;101;324.5;NITEROI;Falta de atencao;Colisao traseira;Sem Vitimas;Pleno dia
1025191;15/12/2011;Quinta;00:00:00;RJ;101;332.0;RIO DE JANEIRO;Outras;Colisao lateral;Com Vitimas Feridas;Plena noite
1025210;15/12/2011;Quinta;01:20:00;RJ;101;317.5;SAO GONCALO;Outras;Colisao com objeto fixo;Sem Vitimas;Plena noite
1025262;15/12/2011;Quinta;06:30:00;RJ;101;322.0;NITEROI;Falta de atencao;Colisao lateral;Sem Vitimas;Pleno dia
1025277;06/11/2011;Domingo;03:10:00;RJ;101;328.0;RIO DE JANEIRO;Ingestao de alcool;Colisao traseira;Com Vitimas Feridas;Plena noite
1025455;15/12/2011;Quinta;07:30:00;RJ;101;318.0;SAO GONCALO;Falta de atencao;Colisao Transversal;Sem Vitimas;Pleno dia
1025812;16/12/2011;Sexta;00:15:00;RJ;101;328.0;NITEROI;Outras;Colisao traseira;Com Vitimas Feridas;Plena noite
1025898;15/12/2011;Quinta;22:30:00;RJ;101;322.0;NITEROI;Outras;Colisao lateral;Sem Vitimas;Plena noite
1025905;15/12/2011;Quinta;22:10:00;RJ;101;322.0;NITEROI;Outras;Colisao lateral;Sem Vitimas;Plena noite
1025911;15/12/2011;Quinta;14:33:00;RJ;101;321.0;NITEROI;Outras;Colisao traseira;Sem Vitimas;Pleno dia
1025931;16/12/2011;Sexta;08:48:00;RJ;101;321.0;NITEROI;Outras;Colisao traseira;Sem Vitimas;Pleno dia
1025975;16/12/2011;Sexta;08:59:00;RJ;101;314.0;SAO GONCALO;Outras;Colisao traseira;Sem Vitimas;Pleno dia
1026004;16/12/2011;Sexta;11:04:00;RJ;101;325.0;NITEROI;Outras;Colisao traseira;Sem Vitimas;Pleno dia
1026012;16/12/2011;Sexta;11:10:00;RJ;101;327.0;NITEROI;Nao guardar distancia de seguranca;Colisao traseira;Com Vitimas Feridas;Pleno dia
1026043;16/12/2011;Sexta;13:21:00;RJ;101;323.0;NITEROI;Outras;Colisao traseira;Sem Vitimas;Pleno dia
1026145;16/12/2011;Sexta;16:00:00;RJ;101;316.0;SAO GONCALO;Falta de atencao;Colisao traseira;Sem Vitimas;Pleno dia
1026155;16/12/2011;Sexta;08:10:00;RJ;101;314.0;SAO GONCALO;Outras;Colisao traseira;Com Vitimas Feridas;Pleno dia
1026206;16/12/2011;Sexta;17:10:00;RJ;101;319.0;SAO GONCALO;Falta de atencao;Colisao traseira;Sem Vitimas;Pleno dia
1026291;16/12/2011;Sexta;19:15:00;RJ;101;317.0;SAO GONCALO;Outras;Colisao traseira;Sem Vitimas;Pleno dia
1026296;16/12/2011;Sexta;20:20:00;RJ;101;327.0;NITEROI;Outras;Colisao lateral;Sem Vitimas;Plena noite
1026297;16/12/2011;Sexta;15:30:00;RJ;101;318.0;SAO GONCALO;Nao guardar distancia de seguranca;Colisao traseira;Com Vitimas Feridas;Pleno dia
1026324;16/12/2011;Sexta;20:35:00;RJ;101;334.0;RIO DE JANEIRO;Outras;Colisao traseira;Sem Vitimas;Plena noite
1026333;16/12/2011;Sexta;18:49:00;RJ;101;317.0;SAO GONCALO;Outras;Saida de Pista;Com Vitimas Feridas;Pleno dia
1026349;16/12/2011;Sexta;19:15:00;RJ;101;311.0;SAO GONCALO;Outras;Colisao traseira;Com Vitimas Feridas;Anoitecer
1026362;16/12/2011;Sexta;22:00:00;RJ;101;319.0;NITEROI;Outras;Colisao traseira;Sem Vitimas;Plena noite
1026508;17/12/2011;Sabado;04:30:00;RJ;101;317.0;SAO GONCALO;Falta de atencao;Saida de Pista;Sem Vitimas;Amanhecer
1026581;17/12/2011;Sabado;09:00:00;RJ;101;314.0;SAO GONCALO;Outras;Saida de Pista;Com Vitimas Feridas;Pleno dia
1026584;17/12/2011;Sabado;09:00:00;RJ;101;323.0;NITEROI;Falta de atencao;Colisao lateral;Sem Vitimas;Pleno dia
1026622;17/12/2011;Sabado;11:00:00;RJ;101;328.0;RIO DE JANEIRO;Outras;Colisao traseira;Sem Vitimas;Pleno dia
1026713;17/12/2011;Sabado;13:00:00;RJ;101;327.0;NITEROI;Falta de atencao;Colisao traseira;Sem Vitimas;Pleno dia
1026729;17/12/2011;Sabado;14:53:00;RJ;101;326.0;NITEROI;Outras;Colisao traseira;Sem Vitimas;Pleno dia
1026734;17/12/2011;Sabado;14:55:00;RJ;101;308.0;SAO GONCALO;Outras;Colisao traseira;Sem Vitimas;Pleno dia
1026795;17/12/2011;Sabado;15:40:00;RJ;101;308.0;SAO GONCALO;Outras;Capotamento;Com Vitimas Feridas;Pleno dia
1026800;17/12/2011;Sabado;15:50:00;RJ;101;312.0;SAO GONCALO;Falta de atencao;Colisao traseira;Com Vitimas Feridas;Pleno dia
1026879;17/12/2011;Sabado;11:20:00;RJ;101;300.0;SAO GONCALO;Falta de atencao;Capotamento;Com Vitimas Feridas;Pleno dia
1027270;15/12/2011;Quinta;21:30:00;RJ;101;321.0;NITEROI;Outras;Colisao lateral;Sem Vitimas;Plena noite
1027314;18/12/2011;Domingo;09:20:00;RJ;101;303.0;SAO GONCALO;Falta de atencao;Colisao traseira;Com Vitimas Feridas;Pleno dia
1027409;18/12/2011;Domingo;16:00:00;RJ;101;304.0;SAO GONCALO;Outras;Colisao traseira;Sem Vitimas;Pleno dia
1027663;19/12/2011;Segunda;03:30:00;RJ;101;307.0;SAO GONCALO;Outras;Colisao traseira;Sem Vitimas;Plena noite
1027671;19/12/2011;Segunda;05:00:00;RJ;101;307.0;SAO GONCALO;Falta de atencao;Colisao traseira;Sem Vitimas;Amanhecer
1027690;19/12/2011;Segunda;05:50:00;RJ;101;334.0;RIO DE JANEIRO;Nao guardar distancia de seguranca;Colisao traseira;Sem Vitimas;Amanhecer
1027907;19/12/2011;Segunda;06:00:00;RJ;101;310.0;SAO GONCALO;Outras;Colisao traseira;Com Vitimas Feridas;Amanhecer
1028060;19/12/2011;Segunda;17:30:00;RJ;101;321.0;NITEROI;Outras;Colisao traseira;Sem Vitimas;Pleno dia
1028269;20/12/2011;Terca;08:20:00;RJ;101;315.0;SAO GONCALO;Outras;Colisao traseira;Com Vitimas Feridas;Pleno dia
1028298;16/12/2011;Sexta;19:50:00;RJ;101;327.0;NITEROI;Outras;Colisao lateral;Sem Vitimas;Plena noite
1028302;20/12/2011;Terca;14:34:00;RJ;101;322.0;NITEROI;Outras;Colisao traseira;Sem Vitimas;Pleno dia
1028339;16/12/2011;Sexta;22:40:00;RJ;101;322.0;NITEROI;Falta de atencao;Colisao traseira;Sem Vitimas;Plena noite
1028385;20/12/2011;Terca;11:55:00;RJ;101;317.0;SAO GONCALO;Falta de atencao;Colisao traseira;Sem Vitimas;Pleno dia
1028445;20/12/2011;Terca;17:15:00;RJ;101;322.0;NITEROI;Outras;Colisao lateral;Sem Vitimas;Pleno dia
1028446;20/12/2011;Terca;17:15:00;RJ;101;322.0;NITEROI;Outras;Colisao lateral;Sem Vitimas;Pleno dia
1028457;19/12/2011;Segunda;13:50:00;RJ;101;321.0;NITEROI;Outras;Colisao traseira;Sem Vitimas;Pleno dia
1028473;20/12/2011;Terca;17:00:00;RJ;101;334.0;RIO DE JANEIRO;Outras;Colisao lateral;Com Vitimas Feridas;Pleno dia
1028583;20/12/2011;Terca;20:00:00;RJ;101;326.0;NITEROI;Outras;Colisao traseira;Sem Vitimas;Plena noite
1028707;20/12/2011;Terca;23:50:00;RJ;101;326.0;NITEROI;Outras;Colisao traseira;Sem Vitimas;Plena noite
1028803;21/12/2011;Quarta;05:45:00;RJ;101;327.8;RIO DE JANEIRO;Nao guardar distancia de seguranca;Colisao lateral;Sem Vitimas;Pleno dia
1028822;21/12/2011;Quarta;06:48:00;RJ;101;320.0;NITEROI;Defeito mecanico em veiculo;Colisao com objeto fixo;Sem Vitimas;Pleno dia
1028844;17/12/2011;Sabado;14:00:00;RJ;101;321.0;NITEROI;Outras;Colisao traseira;Com Vitimas Feridas;Pleno dia
1028846;21/12/2011;Quarta;08:15:00;RJ;101;328.3;RIO DE JANEIRO;Falta de atencao;Colisao traseira;Sem Vitimas;Pleno dia
1028924;21/12/2011;Quarta;10:45:00;RJ;101;322.0;NITEROI;Outras;Colisao com objeto fixo;Sem Vitimas;Pleno dia
1029051;21/12/2011;Quarta;14:45:00;RJ;101;322.0;NITEROI;Falta de atencao;Colisao traseira;Sem Vitimas;Pleno dia
1029150;21/12/2011;Quarta;17:20:00;RJ;101;322.0;NITEROI;Nao guardar distancia de seguranca;Colisao lateral;Sem Vitimas;Pleno dia
1029262;21/12/2011;Quarta;20:15:00;RJ;101;320.0;NITEROI;Outras;Colisao lateral;Sem Vitimas;Plena noite
1029287;21/12/2011;Quarta;21:50:00;RJ;101;321.0;SAO GONCALO;Outras;Colisao lateral;Sem Vitimas;Plena noite
1029369;21/12/2011;Quarta;23:35:00;RJ;101;322.0;NITEROI;Nao guardar distancia de seguranca;Colisao lateral;Sem Vitimas;Plena noite
1029431;19/12/2011;Segunda;15:00:00;RJ;101;329.0;NITEROI;Outras;Colisao traseira;Sem Vitimas;Pleno dia
1029480;15/12/2011;Quinta;00:01:00;RJ;101;332.0;RIO DE JANEIRO;Outras;Colisao com objeto movel;Sem Vitimas;Plena noite
1029563;22/12/2011;Quinta;12:10:00;RJ;101;310.0;RIO DE JANEIRO;Outras;Saida de Pista;Sem Vitimas;Pleno dia
1029586;22/12/2011;Quinta;11:45:00;RJ;101;323.0;NITEROI;Desobediencia a sinalizacao;Colisao lateral;Sem Vitimas;Pleno dia
1029856;22/12/2011;Quinta;21:00:00;RJ;101;303.0;SAO GONCALO;Falta de atencao;Atropelamento de pessoa;Com Vitimas Feridas;Plena noite
1029884;22/12/2011;Quinta;21:20:00;RJ;101;322.0;NITEROI;Falta de atencao;Colisao traseira;Com Vitimas Feridas;Plena noite
1029956;22/12/2011;Quinta;22:35:00;RJ;101;319.0;NITEROI;Outras;Saida de Pista;Sem Vitimas;Plena noite
1030015;23/12/2011;Sexta;04:05:00;RJ;101;322.0;NITEROI;Falta de atencao;Colisao com objeto fixo;Sem Vitimas;Plena noite
1030205;23/12/2011;Sexta;07:20:00;RJ;101;306.0;SAO GONCALO;Outras;Saida de Pista;Com Vitimas Feridas;Pleno dia
1030446;23/12/2011;Sexta;05:30:00;RJ;101;310.0;SAO GONCALO;Dormindo;Saida de Pista;Com Vitimas Feridas;Amanhecer
1030600;23/12/2011;Sexta;15:00:00;RJ;101;319.0;NITEROI;Outras;Colisao lateral;Com Vitimas Feridas;Pleno dia
1030795;24/12/2011;Sabado;00:20:00;RJ;101;321.0;NITEROI;Outras;Colisao lateral;Sem Vitimas;Plena noite
1030889;24/12/2011;Sabado;03:30:00;RJ;101;318.0;NITEROI;Outras;Colisao traseira;Com Vitimas Feridas;Plena noite
1030965;24/12/2011;Sabado;06:55:00;RJ;101;320.0;NITEROI;Outras;Queda de motocicleta / bicicleta / veiculo;Com Vitimas Feridas;Pleno dia
1031068;24/12/2011;Sabado;12:30:00;RJ;101;322.0;NITEROI;Outras;Colisao traseira;Sem Vitimas;Pleno dia
1031070;24/12/2011;Sabado;11:25:00;RJ;101;310.0;SAO GONCALO;Outras;Queda de motocicleta / bicicleta / veiculo;Com Vitimas Feridas;Pleno dia
1031163;24/12/2011;Sabado;16:00:00;RJ;101;323.0;NITEROI;Outras;Queda de motocicleta / bicicleta / veiculo;Sem Vitimas;Pleno dia
1031486;25/12/2011;Domingo;02:00:00;RJ;101;313.0;SAO GONCALO;Outras;Atropelamento de pessoa;Com Vitimas Fatais;Plena noite
1031609;23/12/2011;Sexta;15:20:00;RJ;101;322.0;NITEROI;Outras;Colisao traseira;Sem Vitimas;Pleno dia
1031640;22/12/2011;Quinta;00:22:00;RJ;101;322.0;NITEROI;Outras;Colisao com objeto fixo;Sem Vitimas;Plena noite
1031786;25/12/2011;Domingo;13:40:00;RJ;101;316.0;SAO GONCALO;Outras;Queda de motocicleta / bicicleta / veiculo;Com Vitimas Fatais;Pleno dia
1031796;25/12/2011;Domingo;17:00:00;RJ;101;303.0;SAO GONCALO;Falta de atencao;Colisao frontal;Sem Vitimas;Pleno dia
1031978;25/12/2011;Domingo;22:15:00;RJ;101;304.0;SAO GONCALO;Ingestao de alcool;Saida de Pista;Sem Vitimas;Plena noite
1032093;26/12/2011;Segunda;07:00:00;RJ;101;326.0;NITEROI;Nao guardar distancia de seguranca;Colisao traseira;Sem Vitimas;Pleno dia
1032329;26/12/2011;Segunda;13:45:00;RJ;101;300.0;SAO GONCALO;Outras;Saida de Pista;Sem Vitimas;Pleno dia
1032380;26/12/2011;Segunda;11:20:00;RJ;101;313.0;SAO GONCALO;Outras;Queda de motocicleta / bicicleta / veiculo;Com Vitimas Feridas;Pleno dia
1032437;26/12/2011;Segunda;10:40:00;RJ;101;326.0;NITEROI;Nao guardar distancia de seguranca;Colisao traseira;Com Vitimas Feridas;Pleno dia
1032763;27/12/2011;Terca;01:40:00;RJ;101;333.0;RIO DE JANEIRO;Nao guardar distancia de seguranca;Colisao Transversal;Com Vitimas Fatais;Plena noite
1032880;19/12/2011;Segunda;14:00:00;RJ;101;332.0;NITEROI;Outras;Colisao traseira;Sem Vitimas;Pleno dia
1032903;19/12/2011;Segunda;23:10:00;RJ;101;322.0;NITEROI;Falta de atencao;Colisao lateral;Sem Vitimas;Plena noite
1032922;19/12/2011;Segunda;20:35:00;RJ;101;322.0;NITEROI;Falta de atencao;Colisao lateral;Sem Vitimas;Plena noite
1032961;27/12/2011;Terca;14:00:00;RJ;101;319.0;SAO GONCALO;Falta de atencao;Colisao traseira;Sem Vitimas;Pleno dia
1033180;27/12/2011;Terca;17:40:00;RJ;101;309.0;SAO GONCALO;Falta de atencao;Atropelamento de pessoa;Sem Vitimas;Pleno dia
1033209;27/12/2011;Terca;18:20:00;RJ;101;302.0;SAO GONCALO;Ultrapassagem indevida;Atropelamento de pessoa;Com Vitimas Feridas;Pleno dia
1033361;27/12/2011;Terca;19:20:00;RJ;101;304.0;SAO GONCALO;Nao guardar distancia de seguranca;Colisao traseira;Sem Vitimas;Anoitecer
1033405;28/12/2011;Quarta;00:38:00;RJ;101;312.0;SAO GONCALO;Outras;Colisao Transversal;Sem Vitimas;Plena noite
1033600;28/12/2011;Quarta;13:14:00;RJ;101;334.0;RIO DE JANEIRO;Outras;Colisao traseira;Sem Vitimas;Pleno dia
1033746;28/12/2011;Quarta;16:00:00;RJ;101;313.0;SAO GONCALO;Outras;Colisao lateral;Com Vitimas Feridas;Pleno dia
1033854;28/12/2011;Quarta;19:08:00;RJ;101;332.0;RIO DE JANEIRO;Outras;Colisao traseira;Sem Vitimas;Anoitecer
1033926;28/12/2011;Quarta;22:50:00;RJ;101;321.0;NITEROI;Outras;Colisao lateral;Sem Vitimas;Plena noite
1034057;29/12/2011;Quinta;07:00:00;RJ;101;326.0;NITEROI;Outras;Colisao traseira;Sem Vitimas;Pleno dia
1034127;29/12/2011;Quinta;10:00:00;RJ;101;322.0;NITEROI;Falta de atencao;Colisao traseira;Sem Vitimas;Pleno dia
1034169;29/12/2011;Quinta;10:15:00;RJ;101;322.3;NITEROI;Falta de atencao;Colisao traseira;Sem Vitimas;Pleno dia
1034262;29/12/2011;Quinta;13:00:00;RJ;101;319.0;SAO GONCALO;Outras;Colisao traseira;Sem Vitimas;Pleno dia
1034370;29/12/2011;Quinta;18:00:00;RJ;101;324.0;NITEROI;Outras;Colisao lateral;Sem Vitimas;Pleno dia
1034388;27/12/2011;Terca;17:30:00;RJ;101;321.0;NITEROI;Outras;Colisao lateral;Sem Vitimas;Pleno dia
1034406;27/12/2011;Terca;17:20:00;RJ;101;322.0;NITEROI;Outras;Colisao lateral;Sem Vitimas;Pleno dia
1034804;30/12/2011;Sexta;13:30:00;RJ;101;322.0;NITEROI;Nao guardar distancia de seguranca;Colisao traseira;Sem Vitimas;Pleno dia
1034943;30/12/2011;Sexta;16:30:00;RJ;101;323.0;NITEROI;Nao guardar distancia de seguranca;Colisao lateral;Sem Vitimas;Pleno dia
1035376;27/12/2011;Terca;16:40:00;RJ;101;305.0;SAO GONCALO;Outras;Colisao traseira;Sem Vitimas;Pleno dia
1035424;31/12/2011;Sabado;14:30:00;RJ;101;311.0;SAO GONCALO;Falta de atencao;Colisao traseira;Com Vitimas Feridas;Pleno dia
1035477;27/12/2011;Terca;14:20:00;RJ;101;313.0;SAO GONCALO;Outras;Colisao lateral;Sem Vitimas;Pleno dia
1036190;31/12/2011;Sabado;20:30:00;RJ;101;321.0;NITEROI;Animais na Pista;Colisao traseira;Sem Vitimas;Plena noite
1036344;30/12/2011;Sexta;05:30:00;RJ;101;318.0;SAO GONCALO;Ingestao de alcool;Colisao traseira;Sem Vitimas;Amanhecer
1037423;31/12/2011;Sabado;23:00:00;RJ;101;317.0;SAO GONCALO;Falta de atencao;Saida de Pista;Sem Vitimas;Plena noite
1040413;31/12/2011;Sabado;22:00:00;RJ;101;320.0;NITEROI;Outras;Saida de Pista;Sem Vitimas;Plena noite
1069324;18/02/2011;Sexta;02:25:00;RJ;101;329.0;RIO DE JANEIRO;Outras;Colisao traseira;Com Vitimas Feridas;Plena noite
1079388;11/03/2011;Sexta;15:30:00;RJ;101;319.0;NITEROI;Nao guardar distancia de seguranca;Colisao lateral;Sem Vitimas;Pleno dia
830462;01/01/2011;Sabado;07:15:00;RJ;101;327.0;NITEROI;Falta de atencao;Colisao traseira;Sem Vitimas;Amanhecer
830702;01/01/2011;Sabado;18:30:00;RJ;101;306.0;SAO GONCALO;Outras;Colisao traseira;Sem Vitimas;Pleno dia
830845;02/01/2011;Domingo;05:00:00;RJ;101;318.0;SAO GONCALO;Outras;Capotamento;Com Vitimas Feridas;Amanhecer
83110024;24/12/2011;Sabado;01:30:00;RJ;101;303.0;SAO GONCALO;Outras;Queda de motocicleta / bicicleta / veiculo;Com Vitimas Feridas;Plena noite
831587;03/01/2011;Segunda;09:30:00;RJ;101;306.0;SAO GONCALO;Outras;Colisao traseira;Sem Vitimas;Pleno dia
831970;03/01/2011;Segunda;11:30:00;RJ;101;321.0;NITEROI;Outras;Colisao traseira;Sem Vitimas;Pleno dia
831975;03/01/2011;Segunda;11:30:00;RJ;101;321.0;NITEROI;Outras;Colisao traseira;Sem Vitimas;Pleno dia
832113;03/01/2011;Segunda;21:00:00;RJ;101;319.0;NITEROI;Outras;Colisao Transversal;Sem Vitimas;Plena noite
832233;04/01/2011;Terca;04:49:00;RJ;101;320.5;NITEROI;Outras;Colisao com objeto fixo;Sem Vitimas;Plena noite
832299;04/01/2011;Terca;06:55:00;RJ;101;319.0;SAO GONCALO;Falta de atencao;Colisao traseira;Com Vitimas Feridas;Pleno dia
832333;04/01/2011;Terca;06:40:00;RJ;101;318.0;SAO GONCALO;Falta de atencao;Colisao traseira;Sem Vitimas;Pleno dia
832433;04/01/2011;Terca;11:50:00;RJ;101;321.0;NITEROI;Outras;Colisao traseira;Sem Vitimas;Pleno dia
832476;04/01/2011;Terca;07:40:00;RJ;101;320.0;NITEROI;Outras;Colisao lateral;Sem Vitimas;Pleno dia
832485;04/01/2011;Terca;14:10:00;RJ;101;312.0;SAO GONCALO;Falta de atencao;Colisao traseira;Com Vitimas Feridas;Pleno dia
83252928;27/09/2011;Terca;04:51:00;RJ;101;311.0;SAO GONCALO;Outras;Queda de motocicleta / bicicleta / veiculo;Com Vitimas Feridas;Plena noite
832530;04/01/2011;Terca;12:35:00;RJ;101;334.0;RIO DE JANEIRO;Outras;Colisao com objeto fixo;Sem Vitimas;Pleno dia
832593;04/01/2011;Terca;17:00:00;RJ;101;320.0;NITEROI;Falta de atencao;Colisao traseira;Sem Vitimas;Pleno dia
832599;04/01/2011;Terca;16:15:00;RJ;101;300.0;SAO GONCALO;Falta de atencao;Colisao lateral;Sem Vitimas;Pleno dia
832719;04/01/2011;Terca;14:00:00;RJ;101;310.0;SAO GONCALO;Outras;Colisao lateral;Sem Vitimas;Pleno dia
83274609;10/10/2011;Segunda;08:15:00;RJ;101;330.0;RIO DE JANEIRO;Outras;Colisao traseira;Sem Vitimas;Pleno dia
833165;05/01/2011;Quarta;15:30:00;RJ;101;319.0;SAO GONCALO;Outras;Danos Eventuais;Sem Vitimas;Pleno dia
833251;05/01/2011;Quarta;13:00:00;RJ;101;322.0;NITEROI;Outras;Colisao lateral;Sem Vitimas;Pleno dia
833560;06/01/2011;Quinta;08:20:00;RJ;101;334.0;RIO DE JANEIRO;Outras;Colisao traseira;Sem Vitimas;Pleno dia
833691;06/01/2011;Quinta;12:50:00;RJ;101;334.0;RIO DE JANEIRO;Defeito mecanico em veiculo;Colisao com objeto fixo;Sem Vitimas;Pleno dia
833730;06/01/2011;Quinta;13:30:00;RJ;101;326.0;NITEROI;Outras;Colisao traseira;Sem Vitimas;Pleno dia
833800;06/01/2011;Quinta;16:00:00;RJ;101;328.0;NITEROI;Nao guardar distancia de seguranca;Colisao traseira;Sem Vitimas;Pleno dia
833813;06/01/2011;Quinta;12:30:00;RJ;101;302.0;SAO GONCALO;Outras;Colisao traseira;Com Vitimas Feridas;Pleno dia
833827;06/01/2011;Quinta;17:00:00;RJ;101;320.0;NITEROI;Outras;Colisao traseira;Sem Vitimas;Pleno dia
833879;06/01/2011;Quinta;18:40:00;RJ;101;320.0;NITEROI;Falta de atencao;Capotamento;Com Vitimas Feridas;Pleno dia
833961;06/01/2011;Quinta;22:00:00;RJ;101;323.0;NITEROI;Outras;Colisao traseira;Sem Vitimas;Plena noite
833998;06/01/2011;Quinta;21:30:00;RJ;101;304.0;SAO GONCALO;Outras;Colisao Transversal;Com Vitimas Feridas;Plena noite
83404795;17/10/2011;Segunda;07:00:00;RJ;101;334.0;RIO DE JANEIRO;Outras;Queda de motocicleta / bicicleta / veiculo;Com Vitimas Feridas;Pleno dia
834085;07/01/2011;Sexta;05:00:00;RJ;101;319.0;SAO GONCALO;Outras;Saida de Pista;Ignorado;Plena noite
834120;03/01/2011;Segunda;12:30:00;RJ;101;323.0;NITEROI;Outras;Colisao traseira;Sem Vitimas;Pleno dia
834123;07/01/2011;Sexta;07:00:00;RJ;101;321.0;NITEROI;Outras;Colisao lateral;Sem Vitimas;Pleno dia
834298;07/01/2011;Sexta;13:00:00;RJ;101;317.0;SAO GONCALO;Outras;Colisao traseira;Sem Vitimas;Pleno dia
834442;07/01/2011;Sexta;23:04:00;RJ;101;309.0;SAO GONCALO;Defeito mecanico em veiculo;Incendio;Sem Vitimas;Plena noite
834448;07/01/2011;Sexta;22:30:00;RJ;101;316.0;SAO GONCALO;Falta de atencao;Colisao traseira;Sem Vitimas;Plena noite
834532;08/01/2011;Sabado;04:00:00;RJ;101;313.0;SAO GONCALO;Outras;Atropelamento de animal;Sem Vitimas;Plena noite
834620;08/01/2011;Sabado;06:30:00;RJ;101;331.0;RIO DE JANEIRO;Falta de atencao;Colisao traseira;Sem Vitimas;Pleno dia
834699;08/01/2011;Sabado;13:12:00;RJ;101;334.0;RIO DE JANEIRO;Outras;Colisao traseira;Sem Vitimas;Pleno dia
834723;08/01/2011;Sabado;08:55:00;RJ;101;323.0;NITEROI;Falta de atencao;Colisao traseira;Sem Vitimas;Pleno dia
834746;08/01/2011;Sabado;15:00:00;RJ;101;323.0;NITEROI;Falta de atencao;Colisao traseira;Sem Vitimas;Pleno dia
834790;08/01/2011;Sabado;12:40:00;RJ;101;324.0;NITEROI;Nao guardar distancia de seguranca;Colisao traseira;Sem Vitimas;Pleno dia
834810;08/01/2011;Sabado;15:10:00;RJ;101;333.0;RIO DE JANEIRO;Nao guardar distancia de seguranca;Colisao traseira;Sem Vitimas;Pleno dia
835076;05/01/2011;Quarta;11:55:00;RJ;101;322.0;RIO DE JANEIRO;Outras;Queda de motocicleta / bicicleta / veiculo;Com Vitimas Feridas;Pleno dia
835195;09/01/2011;Domingo;10:00:00;RJ;101;320.0;SAO GONCALO;Falta de atencao;Colisao traseira;Sem Vitimas;Pleno dia
835260;09/01/2011;Domingo;17:20:00;RJ;101;323.0;NITEROI;Outras;Colisao traseira;Sem Vitimas;Pleno dia
835326;09/01/2011;Domingo;19:06:00;RJ;101;320.0;NITEROI;Outras;Colisao lateral;Sem Vitimas;Anoitecer
835389;09/01/2011;Domingo;16:00:00;RJ;101;310.0;SAO GONCALO;Outras;Capotamento;Com Vitimas Feridas;Pleno dia
835498;10/01/2011;Segunda;01:10:00;RJ;101;322.0;NITEROI;Defeito mecanico em veiculo;Colisao traseira;Sem Vitimas;Plena noite
835524;10/01/2011;Segunda;02:50:00;RJ;101;319.5;NITEROI;Outras;Capotamento;Sem Vitimas;Plena noite
835610;10/01/2011;Segunda;08:40:00;RJ;101;321.0;NITEROI;Nao guardar distancia de seguranca;Colisao traseira;Com Vitimas Feridas;Pleno dia
835641;07/01/2011;Sexta;23:15:00;RJ;101;312.0;SAO GONCALO;Falta de atencao;Colisao traseira;Com Vitimas Feridas;Plena noite
835706;10/01/2011;Segunda;11:50:00;RJ;101;304.0;SAO GONCALO;Outras;Saida de Pista;Sem Vitimas;Pleno dia
835782;10/01/2011;Segunda;09:30:00;RJ;101;319.0;SAO GONCALO;Outras;Colisao traseira;Com Vitimas Feridas;Pleno dia
835794;10/01/2011;Segunda;13:21:00;RJ;101;326.0;NITEROI;Nao guardar distancia de seguranca;Colisao traseira;Sem Vitimas;Pleno dia
835819;10/01/2011;Segunda;15:00:00;RJ;101;324.5;NITEROI;Outras;Colisao traseira;Sem Vitimas;Pleno dia
835872;10/01/2011;Segunda;13:33:00;RJ;101;322.0;NITEROI;Outras;Colisao lateral;Sem Vitimas;Pleno dia
835885;10/01/2011;Segunda;12:20:00;RJ;101;322.0;NITEROI;Outras;Colisao traseira;Sem Vitimas;Pleno dia
835901;10/01/2011;Segunda;14:45:00;RJ;101;334.0;RIO DE JANEIRO;Outras;Colisao traseira;Sem Vitimas;Pleno dia
835961;10/01/2011;Segunda;18:30:00;RJ;101;322.0;SAO GONCALO;Falta de atencao;Colisao traseira;Sem Vitimas;Pleno dia
836009;10/01/2011;Segunda;18:30:00;RJ;101;312.0;SAO GONCALO;Outras;Saida de Pista;Sem Vitimas;Anoitecer
836039;10/01/2011;Segunda;19:50:00;RJ;101;328.0;RIO DE JANEIRO;Outras;Colisao com objeto movel;Sem Vitimas;Plena noite
836093;10/01/2011;Segunda;18:20:00;RJ;101;314.0;SAO GONCALO;Outras;Colisao traseira;Sem Vitimas;Anoitecer
836160;10/01/2011;Segunda;14:20:00;RJ;101;320.0;SAO GONCALO;Outras;Colisao traseira;Sem Vitimas;Pleno dia
836183;10/01/2011;Segunda;23:40:00;RJ;101;333.0;RIO DE JANEIRO;Nao guardar distancia de seguranca;Colisao traseira;Sem Vitimas;Plena noite
836249;08/01/2011;Sabado;00:09:00;RJ;101;334.0;RIO DE JANEIRO;Outras;Colisao lateral;Sem Vitimas;Plena noite
836261;07/01/2011;Sexta;16:00:00;RJ;101;328.0;NITEROI;Outras;Colisao traseira;Sem Vitimas;Pleno dia
836279;11/01/2011;Terca;07:50:00;RJ;101;322.0;NITEROI;Outras;Colisao lateral;Sem Vitimas;Pleno dia
836368;03/01/2011;Segunda;11:30:00;RJ;101;321.0;NITEROI;Outras;Colisao traseira;Sem Vitimas;Pleno dia
836380;11/01/2011;Terca;08:00:00;RJ;101;318.0;SAO GONCALO;Outras;Colisao traseira;Sem Vitimas;Pleno dia
836413;11/01/2011;Terca;07:30:00;RJ;101;316.0;SAO GONCALO;Outras;Colisao traseira;Com Vitimas Feridas;Pleno dia
836433;11/01/2011;Terca;11:55:00;RJ;101;317.0;SAO GONCALO;Outras;Saida de Pista;Com Vitimas Feridas;Pleno dia
836636;11/01/2011;Terca;18:25:00;RJ;101;322.0;NITEROI;Outras;Colisao lateral;Sem Vitimas;Pleno dia
836928;08/01/2011;Sabado;16:40:00;RJ;101;303.0;SAO GONCALO;Outras;Colisao com objeto fixo;Com Vitimas Feridas;Pleno dia
837245;12/01/2011;Quarta;20:35:00;RJ;101;328.0;RIO DE JANEIRO;Falta de atencao;Colisao traseira;Sem Vitimas;Plena noite
837371;13/01/2011;Quinta;03:00:00;RJ;101;307.5;SAO GONCALO;Dormindo;Colisao traseira;Sem Vitimas;Plena noite
837503;13/01/2011;Quinta;10:00:00;RJ;101;308.0;SAO GONCALO;Falta de atencao;Colisao traseira;Sem Vitimas;Pleno dia
837777;13/01/2011;Quinta;21:05:00;RJ;101;323.0;NITEROI;Nao guardar distancia de seguranca;Colisao traseira;Sem Vitimas;Plena noite
837970;14/01/2011;Sexta;09:00:00;RJ;101;316.0;NITEROI;Outras;Colisao traseira;Sem Vitimas;Pleno dia
838303;14/01/2011;Sexta;20:30:00;RJ;101;322.0;NITEROI;Outras;Colisao lateral;Sem Vitimas;Plena noite
838333;14/01/2011;Sexta;21:00:00;RJ;101;321.0;NITEROI;Nao guardar distancia de seguranca;Colisao traseira;Sem Vitimas;Plena noite
838409;14/01/2011;Sexta;22:50:00;RJ;101;322.0;NITEROI;Outras;Colisao lateral;Sem Vitimas;Plena noite
838488;15/01/2011;Sabado;03:26:00;RJ;101;322.0;NITEROI;Outras;Colisao com objeto fixo;Sem Vitimas;Plena noite
838534;12/01/2011;Quarta;01:00:00;RJ;101;320.5;NITEROI;Outras;Colisao com objeto fixo;Sem Vitimas;Plena noite
838746;15/01/2011;Sabado;15:10:00;RJ;101;322.0;NITEROI;Defeito mecanico em veiculo;Colisao traseira;Sem Vitimas;Pleno dia
838859;15/01/2011;Sabado;18:00:00;RJ;101;322.0;NITEROI;Outras;Colisao traseira;Sem Vitimas;Pleno dia
839006;11/01/2011;Terca;22:40:00;RJ;101;322.0;NITEROI;Outras;Colisao traseira;Sem Vitimas;Plena noite
839011;15/01/2011;Sabado;19:40:00;RJ;101;303.0;SAO GONCALO;Outras;Colisao com objeto fixo;Com Vitimas Feridas;Anoitecer
839211;16/01/2011;Domingo;10:15:00;RJ;101;328.0;RIO DE JANEIRO;Outras;Colisao traseira;Sem Vitimas;Pleno dia
839472;16/01/2011;Domingo;20:58:00;RJ;101;325.0;NITEROI;Nao guardar distancia de seguranca;Colisao traseira;Sem Vitimas;Plena noite
839570;16/01/2011;Domingo;21:30:00;RJ;101;332.0;RIO DE JANEIRO;Outras;Colisao traseira;Sem Vitimas;Plena noite
839628;13/01/2011;Quinta;16:30:00;RJ;101;325.0;NITEROI;Falta de atencao;Colisao traseira;Sem Vitimas;Pleno dia
839999;17/01/2011;Segunda;12:45:00;RJ;101;318.0;SAO GONCALO;Outras;Colisao traseira;Com Vitimas Feridas;Pleno dia
840350;18/01/2011;Terca;11:10:00;RJ;101;309.0;SAO GONCALO;Outras;Colisao traseira;Sem Vitimas;Pleno dia
840372;18/01/2011;Terca;10:40:00;RJ;101;326.0;NITEROI;Nao guardar distancia de seguranca;Colisao traseira;Sem Vitimas;Amanhecer
840381;18/01/2011;Terca;09:40:00;RJ;101;330.0;RIO DE JANEIRO;Outras;Colisao traseira;Sem Vitimas;Pleno dia
840404;18/01/2011;Terca;10:40:00;RJ;101;334.0;RIO DE JANEIRO;Outras;Colisao traseira;Sem Vitimas;Pleno dia
840477;18/01/2011;Terca;15:21:00;RJ;101;322.0;NITEROI;Outras;Colisao traseira;Sem Vitimas;Pleno dia
840561;18/01/2011;Terca;18:10:00;RJ;101;322.0;NITEROI;Outras;Colisao traseira;Sem Vitimas;Pleno dia
840592;18/01/2011;Terca;19:00:00;RJ;101;321.0;NITEROI;Outras;Colisao traseira;Sem Vitimas;Anoitecer
840699;18/01/2011;Terca;19:25:00;RJ;101;323.0;NITEROI;Outras;Colisao lateral;Sem Vitimas;Plena noite
840992;19/01/2011;Quarta;06:30:00;RJ;101;334.0;RIO DE JANEIRO;Outras;Colisao lateral;Sem Vitimas;Pleno dia
841004;19/01/2011;Quarta;11:30:00;RJ;101;325.0;NITEROI;Outras;Colisao traseira;Sem Vitimas;Pleno dia
841018;15/01/2011;Sabado;15:40:00;RJ;101;321.0;NITEROI;Outras;Colisao traseira;Sem Vitimas;Pleno dia
841438;20/01/2011;Quinta;07:30:00;RJ;101;332.0;RIO DE JANEIRO;Outras;Colisao lateral;Com Vitimas Feridas;Pleno dia
841456;17/01/2011;Segunda;01:30:00;RJ;101;321.0;NITEROI;Outras;Colisao lateral;Sem Vitimas;Plena noite
841524;20/01/2011;Quinta;10:20:00;RJ;101;318.0;SAO GONCALO;Falta de atencao;Colisao traseira;Sem Vitimas;Pleno dia
841583;20/01/2011;Quinta;14:26:00;RJ;101;320.0;NITEROI;Outras;Colisao lateral;Sem Vitimas;Pleno dia
841590;20/01/2011;Quinta;13:40:00;RJ;101;322.0;NITEROI;Nao guardar distancia de seguranca;Colisao traseira;Sem Vitimas;Pleno dia
841804;15/01/2011;Sabado;18:50:00;RJ;101;323.0;NITEROI;Outras;Colisao traseira;Sem Vitimas;Anoitecer
841868;20/01/2011;Quinta;07:15:00;RJ;101;303.0;SAO GONCALO;Ingestao de alcool;Colisao traseira;Sem Vitimas;Pleno dia
841916;18/01/2011;Terca;04:00:00;RJ;101;322.0;NITEROI;Falta de atencao;Colisao com objeto fixo;Sem Vitimas;Plena noite
842043;21/01/2011;Sexta;11:15:00;RJ;101;323.0;NITEROI;Outras;Colisao traseira;Sem Vitimas;Pleno dia
842177;21/01/2011;Sexta;17:20:00;RJ;101;324.0;NITEROI;Outras;Colisao traseira;Sem Vitimas;Pleno dia
842287;21/01/2011;Sexta;10:37:00;RJ;101;300.0;SAO GONCALO;Falta de atencao;Colisao traseira;Sem Vitimas;Pleno dia
842481;22/01/2011;Sabado;06:01:00;RJ;101;322.0;NITEROI;Outras;Colisao traseira;Sem Vitimas;Amanhecer
842525;22/01/2011;Sabado;08:00:00;RJ;101;322.0;NITEROI;Outras;Colisao lateral;Sem Vitimas;Pleno dia
842528;22/01/2011;Sabado;07:00:00;RJ;101;332.0;RIO DE JANEIRO;Outras;Colisao traseira;Sem Vitimas;Pleno dia
842530;22/01/2011;Sabado;08:30:00;RJ;101;323.0;NITEROI;Outras;Colisao traseira;Sem Vitimas;Pleno dia
842564;22/01/2011;Sabado;09:00:00;RJ;101;326.0;NITEROI;Outras;Colisao traseira;Sem Vitimas;Pleno dia
842707;22/01/2011;Sabado;15:20:00;RJ;101;300.0;SAO GONCALO;Outras;Colisao com objeto fixo;Com Vitimas Feridas;Pleno dia
843035;19/01/2011;Quarta;16:10:00;RJ;101;325.0;NITEROI;Outras;Colisao traseira;Sem Vitimas;Pleno dia
843146;19/01/2011;Quarta;22:10:00;RJ;101;323.0;NITEROI;Outras;Colisao lateral;Sem Vitimas;Plena noite
843148;19/01/2011;Quarta;11:20:00;RJ;101;325.0;NITEROI;Outras;Colisao traseira;Sem Vitimas;Pleno dia
843162;23/01/2011;Domingo;14:15:00;RJ;101;316.0;SAO GONCALO;Outras;Saida de Pista;Sem Vitimas;Pleno dia
843190;23/01/2011;Domingo;14:30:00;RJ;101;332.0;RIO DE JANEIRO;Outras;Colisao traseira;Sem Vitimas;Pleno dia
843348;23/01/2011;Domingo;21:20:00;RJ;101;300.0;SAO GONCALO;Outras;Atropelamento de pessoa;Com Vitimas Feridas;Plena noite
843421;24/01/2011;Segunda;02:10:00;RJ;101;303.0;SAO GONCALO;Outras;Colisao com objeto fixo;Com Vitimas Feridas;Plena noite
843515;24/01/2011;Segunda;07:15:00;RJ;101;311.0;SAO GONCALO;Outras;Colisao lateral;Sem Vitimas;Pleno dia
843535;24/01/2011;Segunda;08:00:00;RJ;101;314.0;SAO GONCALO;Outras;Colisao traseira;Sem Vitimas;Pleno dia
843543;24/01/2011;Segunda;07:51:00;RJ;101;322.0;NITEROI;Nao guardar distancia de seguranca;Colisao traseira;Sem Vitimas;Pleno dia
843561;20/01/2011;Quinta;23:20:00;RJ;101;322.0;NITEROI;Falta de atencao;Colisao lateral;Sem Vitimas;Plena noite
843677;24/01/2011;Segunda;12:00:00;RJ;101;322.0;NITEROI;Outras;Colisao traseira;Sem Vitimas;Pleno dia
843765;24/01/2011;Segunda;16:00:00;RJ;101;320.0;NITEROI;Outras;Danos Eventuais;Sem Vitimas;Pleno dia
843767;24/01/2011;Segunda;16:40:00;RJ;101;300.0;SAO GONCALO;Falta de atencao;Colisao traseira;Sem Vitimas;Pleno dia
843791;24/01/2011;Segunda;16:00:00;RJ;101;330.0;RIO DE JANEIRO;Outras;Colisao traseira;Sem Vitimas;Pleno dia
843822;21/01/2011;Sexta;17:00:00;RJ;101;332.0;RIO DE JANEIRO;Falta de atencao;Colisao traseira;Com Vitimas Feridas;Pleno dia
843827;24/01/2011;Segunda;17:10:00;RJ;101;322.0;NITEROI;Nao guardar distancia de seguranca;Colisao traseira;Sem Vitimas;Pleno dia
843850;24/01/2011;Segunda;17:00:00;RJ;101;315.0;SAO GONCALO;Outras;Colisao traseira;Sem Vitimas;Pleno dia
843877;24/01/2011;Segunda;19:00:00;RJ;101;332.0;RIO DE JANEIRO;Outras;Colisao traseira;Sem Vitimas;Plena noite
844201;25/01/2011;Terca;08:30:00;RJ;101;329.0;RIO DE JANEIRO;Nao guardar distancia de seguranca;Colisao traseira;Sem Vitimas;Pleno dia
844212;25/01/2011;Terca;07:45:00;RJ;101;316.0;SAO GONCALO;Outras;Colisao traseira;Sem Vitimas;Pleno dia
844324;25/01/2011;Terca;07:15:00;RJ;101;318.0;SAO GONCALO;Outras;Colisao lateral;Sem Vitimas;Pleno dia
844358;25/01/2011;Terca;13:00:00;RJ;101;322.0;RIO DE JANEIRO;Outras;Colisao traseira;Sem Vitimas;Pleno dia
844361;25/01/2011;Terca;16:30:00;RJ;101;316.0;SAO GONCALO;Outras;Colisao lateral;Sem Vitimas;Pleno dia
844440;25/01/2011;Terca;19:30:00;RJ;101;319.0;NITEROI;Nao guardar distancia de seguranca;Colisao traseira;Sem Vitimas;Anoitecer
844527;25/01/2011;Terca;11:00:00;RJ;101;320.0;NITEROI;Outras;Colisao traseira;Sem Vitimas;Pleno dia
844557;26/01/2011;Quarta;03:00:00;RJ;101;307.0;SAO GONCALO;Falta de atencao;Colisao traseira;Sem Vitimas;Plena noite
844719;26/01/2011;Quarta;12:00:00;RJ;101;325.0;NITEROI;Outras;Colisao traseira;Sem Vitimas;Pleno dia
844745;26/01/2011;Quarta;11:20:00;RJ;101;323.0;NITEROI;Nao guardar distancia de seguranca;Colisao traseira;Sem Vitimas;Pleno dia
844758;26/01/2011;Quarta;07:38:00;RJ;101;322.0;NITEROI;Outras;Colisao traseira;Sem Vitimas;Pleno dia
844786;26/01/2011;Quarta;13:00:00;RJ;101;322.0;NITEROI;Outras;Colisao traseira;Sem Vitimas;Pleno dia
844821;12/01/2011;Quarta;15:20:00;RJ;101;315.0;SAO GONCALO;Nao guardar distancia de seguranca;Colisao traseira;Sem Vitimas;Pleno dia
844867;26/01/2011;Quarta;10:32:00;RJ;101;323.0;NITEROI;Outras;Colisao traseira;Sem Vitimas;Pleno dia
844884;26/01/2011;Quarta;17:00:00;RJ;101;311.0;SAO GONCALO;Outras;Colisao traseira;Sem Vitimas;Pleno dia
844896;26/01/2011;Quarta;16:00:00;RJ;101;329.0;NITEROI;Outras;Colisao traseira;Com Vitimas Feridas;Pleno dia
845268;27/01/2011;Quinta;14:05:00;RJ;101;318.0;SAO GONCALO;Outras;Colisao lateral;Sem Vitimas;Pleno dia
845359;27/01/2011;Quinta;16:10:00;RJ;101;329.0;NITEROI;Outras;Colisao traseira;Sem Vitimas;Pleno dia
845459;27/01/2011;Quinta;19:45:00;RJ;101;313.0;SAO GONCALO;Outras;Colisao lateral;Sem Vitimas;Plena noite
845462;27/01/2011;Quinta;13:50:00;RJ;101;334.0;NITEROI;Outras;Colisao traseira;Sem Vitimas;Pleno dia
845539;27/01/2011;Quinta;20:49:00;RJ;101;334.0;RIO DE JANEIRO;Outras;Colisao lateral;Com Vitimas Feridas;Plena noite
845561;27/01/2011;Quinta;23:49:00;RJ;101;334.0;RIO DE JANEIRO;Outras;Colisao traseira;Sem Vitimas;Plena noite
845818;28/01/2011;Sexta;14:50:00;RJ;101;316.0;SAO GONCALO;Outras;Colisao traseira;Sem Vitimas;Pleno dia
845935;28/01/2011;Sexta;19:00:00;RJ;101;321.0;NITEROI;Outras;Colisao lateral;Sem Vitimas;Pleno dia
845979;28/01/2011;Sexta;20:49:00;RJ;101;304.0;SAO GONCALO;Falta de atencao;Colisao traseira;Com Vitimas Feridas;Plena noite
846022;28/01/2011;Sexta;21:50:00;RJ;101;312.0;SAO GONCALO;Defeito mecanico em veiculo;Colisao traseira;Sem Vitimas;Plena noite
846032;28/01/2011;Sexta;23:00:00;RJ;101;324.0;NITEROI;Outras;Colisao traseira;Sem Vitimas;Plena noite
846044;28/01/2011;Sexta;22:50:00;RJ;101;334.0;RIO DE JANEIRO;Outras;Colisao lateral;Sem Vitimas;Plena noite
846061;28/01/2011;Sexta;23:50:00;RJ;101;322.0;NITEROI;Outras;Colisao traseira;Sem Vitimas;Plena noite
846078;28/01/2011;Sexta;22:40:00;RJ;101;334.0;RIO DE JANEIRO;Outras;Colisao lateral;Sem Vitimas;Plena noite
846102;29/01/2011;Sabado;01:04:00;RJ;101;320.0;NITEROI;Falta de atencao;Colisao lateral;Sem Vitimas;Plena noite
846275;29/01/2011;Sabado;11:20:00;RJ;101;322.0;NITEROI;Outras;Colisao traseira;Sem Vitimas;Pleno dia
846316;29/01/2011;Sabado;12:45:00;RJ;101;309.0;SAO GONCALO;Outras;Colisao traseira;Sem Vitimas;Pleno dia
846324;29/01/2011;Sabado;08:35:00;RJ;101;312.0;SAO GONCALO;Outras;Colisao traseira;Sem Vitimas;Pleno dia
846344;29/01/2011;Sabado;15:15:00;RJ;101;322.0;NITEROI;Outras;Colisao traseira;Sem Vitimas;Pleno dia
846358;29/01/2011;Sabado;15:58:00;RJ;101;322.0;NITEROI;Outras;Colisao lateral;Sem Vitimas;Pleno dia
846387;29/01/2011;Sabado;15:20:00;RJ;101;323.0;NITEROI;Nao guardar distancia de seguranca;Colisao traseira;Sem Vitimas;Pleno dia
846435;29/01/2011;Sabado;18:30:00;RJ;101;320.5;NITEROI;Outras;Colisao traseira;Sem Vitimas;Pleno dia
846617;30/01/2011;Domingo;03:10:00;RJ;101;318.0;SAO GONCALO;Outras;Saida de Pista;Sem Vitimas;Plena noite
846696;27/01/2011;Quinta;04:00:00;RJ;101;314.0;NITEROI;Outras;Colisao com objeto movel;Com Vitimas Feridas;Plena noite
847040;30/01/2011;Domingo;22:00:00;RJ;101;300.0;SAO GONCALO;Nao guardar distancia de seguranca;Colisao com objeto fixo;Sem Vitimas;Plena noite
847149;27/01/2011;Quinta;19:30:00;RJ;101;323.0;NITEROI;Outras;Colisao traseira;Sem Vitimas;Plena noite
847236;31/01/2011;Segunda;08:00:00;RJ;101;323.0;NITEROI;Outras;Colisao traseira;Com Vitimas Feridas;Pleno dia
847314;31/01/2011;Segunda;07:00:00;RJ;101;315.0;SAO GONCALO;Nao guardar distancia de seguranca;Colisao traseira;Com Vitimas Feridas;Pleno dia
847319;31/01/2011;Segunda;07:15:00;RJ;101;318.0;SAO GONCALO;Falta de atencao;Colisao traseira;Com Vitimas Feridas;Pleno dia
847382;31/01/2011;Segunda;14:55:00;RJ;101;322.0;NITEROI;Outras;Colisao traseira;Sem Vitimas;Pleno dia
847384;31/01/2011;Segunda;14:30:00;RJ;101;322.0;NITEROI;Outras;Incendio;Sem Vitimas;Pleno dia
847408;31/01/2011;Segunda;15:30:00;RJ;101;322.0;NITEROI;Outras;Colisao lateral;Sem Vitimas;Pleno dia
847419;31/01/2011;Segunda;16:00:00;RJ;101;320.0;NITEROI;Outras;Colisao traseira;Sem Vitimas;Pleno dia
847735;01/02/2011;Terca;03:44:00;RJ;101;334.0;RIO DE JANEIRO;Outras;Queda de motocicleta / bicicleta / veiculo;Com Vitimas Feridas;Amanhecer
847765;01/02/2011;Terca;05:30:00;RJ;101;321.0;NITEROI;Velocidade incompativel;Capotamento;Sem Vitimas;Plena noite
847827;01/02/2011;Terca;09:30:00;RJ;101;322.0;NITEROI;Falta de atencao;Colisao lateral;Sem Vitimas;Pleno dia
847976;01/02/2011;Terca;15:05:00;RJ;101;333.0;RIO DE JANEIRO;Falta de atencao;Colisao traseira;Com Vitimas Feridas;Pleno dia
848001;01/02/2011;Terca;15:30:00;RJ;101;320.0;NITEROI;Desobediencia a sinalizacao;Colisao lateral;Sem Vitimas;Pleno dia
848050;01/02/2011;Terca;16:15:00;RJ;101;323.0;NITEROI;Outras;Colisao traseira;Sem Vitimas;Pleno dia
848252;29/01/2011;Sabado;06:30:00;RJ;101;322.0;NITEROI;Falta de atencao;Colisao traseira;Sem Vitimas;Pleno dia
848258;29/01/2011;Sabado;15:30:00;RJ;101;321.0;NITEROI;Falta de atencao;Colisao traseira;Sem Vitimas;Pleno dia
848382;02/02/2011;Quarta;06:20:00;RJ;101;319.0;SAO GONCALO;Outras;Colisao traseira;Sem Vitimas;Pleno dia
848460;02/02/2011;Quarta;15:00:00;RJ;101;323.0;NITEROI;Nao guardar distancia de seguranca;Colisao traseira;Sem Vitimas;Plena noite
848544;02/02/2011;Quarta;17:55:00;RJ;101;322.0;NITEROI;Outras;Colisao lateral;Sem Vitimas;Pleno dia
848723;03/02/2011;Quinta;00:30:00;RJ;101;318.0;NITEROI;Outras;Saida de Pista;Sem Vitimas;Plena noite
848766;03/02/2011;Quinta;06:00:00;RJ;101;322.0;NITEROI;Outras;Colisao traseira;Sem Vitimas;Amanhecer
848815;01/02/2011;Terca;05:00:00;RJ;101;306.0;SAO GONCALO;Outras;Queda de motocicleta / bicicleta / veiculo;Com Vitimas Feridas;Amanhecer
848822;03/02/2011;Quinta;08:55:00;RJ;101;319.0;SAO GONCALO;Outras;Queda de motocicleta / bicicleta / veiculo;Com Vitimas Feridas;Pleno dia
848892;01/02/2011;Terca;19:40:00;RJ;101;321.0;NITEROI;Outras;Colisao lateral;Sem Vitimas;Anoitecer
848961;03/02/2011;Quinta;14:40:00;RJ;101;322.0;NITEROI;Outras;Colisao traseira;Sem Vitimas;Pleno dia
849053;03/02/2011;Quinta;16:45:00;RJ;101;326.0;NITEROI;Outras;Colisao traseira;Sem Vitimas;Pleno dia
849058;03/02/2011;Quinta;15:20:00;RJ;101;302.0;SAO GONCALO;Velocidade incompativel;Colisao lateral;Sem Vitimas;Pleno dia
849368;04/02/2011;Sexta;09:17:00;RJ;101;329.0;RIO DE JANEIRO;Falta de atencao;Colisao traseira;Sem Vitimas;Pleno dia
849428;04/02/2011;Sexta;11:30:00;RJ;101;317.0;SAO GONCALO;Falta de atencao;Colisao traseira;Sem Vitimas;Pleno dia
849587;04/02/2011;Sexta;18:05:00;RJ;101;332.0;RIO DE JANEIRO;Outras;Colisao traseira;Sem Vitimas;Pleno dia
849618;04/02/2011;Sexta;18:50:00;RJ;101;307.0;SAO GONCALO;Falta de atencao;Colisao traseira;Sem Vitimas;Pleno dia
849727;04/02/2011;Sexta;22:50:00;RJ;101;311.0;SAO GONCALO;Falta de atencao;Colisao traseira;Sem Vitimas;Plena noite
849730;04/02/2011;Sexta;18:45:00;RJ;101;322.0;NITEROI;Outras;Colisao traseira;Sem Vitimas;Pleno dia
849875;05/02/2011;Sabado;06:20:00;RJ;101;307.0;SAO GONCALO;Outras;Colisao lateral;Com Vitimas Feridas;Amanhecer
849937;05/02/2011;Sabado;09:10:00;RJ;101;324.0;NITEROI;Outras;Colisao traseira;Sem Vitimas;Pleno dia
850036;05/02/2011;Sabado;13:20:00;RJ;101;322.0;NITEROI;Desobediencia a sinalizacao;Colisao traseira;Sem Vitimas;Pleno dia
850114;05/02/2011;Sabado;15:30:00;RJ;101;329.0;RIO DE JANEIRO;Outras;Colisao lateral;Com Vitimas Feridas;Pleno dia
850128;05/02/2011;Sabado;16:30:00;RJ;101;331.0;RIO DE JANEIRO;Outras;Colisao traseira;Sem Vitimas;Pleno dia
850164;05/02/2011;Sabado;18:40:00;RJ;101;303.0;SAO GONCALO;Ingestao de alcool;Saida de Pista;Com Vitimas Feridas;Pleno dia
850274;05/02/2011;Sabado;10:00:00;RJ;101;327.0;NITEROI;Falta de atencao;Colisao traseira;Sem Vitimas;Pleno dia
850282;06/02/2011;Domingo;00:10:00;RJ;101;329.0;RIO DE JANEIRO;Outras;Queda de motocicleta / bicicleta / veiculo;Com Vitimas Feridas;Plena noite
850315;06/02/2011;Domingo;01:30:00;RJ;101;330.0;RIO DE JANEIRO;Nao guardar distancia de seguranca;Colisao lateral;Sem Vitimas;Plena noite
850344;05/02/2011;Sabado;22:25:00;RJ;101;322.8;NITEROI;Ingestao de alcool;Atropelamento de pessoa;Com Vitimas Feridas;Plena noite
850358;28/01/2011;Sexta;19:00:00;RJ;101;300.0;SAO GONCALO;Falta de atencao;Colisao traseira;Sem Vitimas;Plena noite
850416;06/02/2011;Domingo;08:20:00;RJ;101;330.0;RIO DE JANEIRO;Falta de atencao;Colisao traseira;Com Vitimas Feridas;Pleno dia
850454;06/02/2011;Domingo;10:20:00;RJ;101;329.0;RIO DE JANEIRO;Outras;Colisao lateral;Sem Vitimas;Pleno dia
850592;02/02/2011;Quarta;18:22:00;RJ;101;322.0;NITEROI;Falta de atencao;Colisao traseira;Com Vitimas Feridas;Pleno dia
850925;07/02/2011;Segunda;07:41:00;RJ;101;323.0;NITEROI;Outras;Colisao traseira;Com Vitimas Feridas;Pleno dia
850939;07/02/2011;Segunda;09:10:00;RJ;101;312.0;SAO GONCALO;Outras;Colisao lateral;Sem Vitimas;Pleno dia
850999;07/02/2011;Segunda;10:30:00;RJ;101;324.0;NITEROI;Outras;Colisao traseira;Sem Vitimas;Pleno dia
851001;07/02/2011;Segunda;11:50:00;RJ;101;323.0;NITEROI;Outras;Colisao traseira;Sem Vitimas;Pleno dia
851023;07/02/2011;Segunda;06:05:00;RJ;101;328.0;NITEROI;Outras;Colisao traseira;Com Vitimas Feridas;Pleno dia
851420;08/02/2011;Terca;06:16:00;RJ;101;311.0;SAO GONCALO;Outras;Colisao traseira;Sem Vitimas;Pleno dia
851509;08/02/2011;Terca;10:15:00;RJ;101;317.0;SAO GONCALO;Outras;Colisao traseira;Sem Vitimas;Plena noite
851530;08/02/2011;Terca;09:25:00;RJ;101;334.0;RIO DE JANEIRO;Outras;Colisao traseira;Sem Vitimas;Pleno dia
851556;08/02/2011;Terca;09:41:00;RJ;101;330.0;RIO DE JANEIRO;Falta de atencao;Colisao traseira;Sem Vitimas;Pleno dia
851565;08/02/2011;Terca;11:40:00;RJ;101;328.0;NITEROI;Outras;Danos Eventuais;Sem Vitimas;Pleno dia
851603;08/02/2011;Terca;13:05:00;RJ;101;319.0;NITEROI;Falta de atencao;Colisao traseira;Sem Vitimas;Pleno dia
851696;08/02/2011;Terca;17:20:00;RJ;101;333.0;RIO DE JANEIRO;Falta de atencao;Colisao lateral;Sem Vitimas;Pleno dia
852040;09/02/2011;Quarta;09:47:00;RJ;101;329.0;RIO DE JANEIRO;Falta de atencao;Colisao traseira;Sem Vitimas;Pleno dia
852213;09/02/2011;Quarta;16:32:00;RJ;101;322.0;NITEROI;Nao guardar distancia de seguranca;Colisao traseira;Sem Vitimas;Pleno dia
852251;09/02/2011;Quarta;17:45:00;RJ;101;322.0;NITEROI;Falta de atencao;Colisao traseira;Sem Vitimas;Pleno dia
852304;09/02/2011;Quarta;17:50:00;RJ;101;310.0;SAO GONCALO;Outras;Atropelamento de pessoa;Com Vitimas Fatais;Pleno dia
852316;09/02/2011;Quarta;19:50:00;RJ;101;327.0;RIO DE JANEIRO;Falta de atencao;Colisao traseira;Sem Vitimas;Anoitecer
852344;09/02/2011;Quarta;21:00:00;RJ;101;319.0;SAO GONCALO;Nao guardar distancia de seguranca;Colisao traseira;Sem Vitimas;Plena noite
852655;10/02/2011;Quinta;08:20:00;RJ;101;308.0;SAO GONCALO;Outras;Colisao traseira;Com Vitimas Feridas;Pleno dia
852886;10/02/2011;Quinta;19:50:00;RJ;101;329.0;RIO DE JANEIRO;Outras;Colisao traseira;Sem Vitimas;Plena noite
852921;10/02/2011;Quinta;15:15:00;RJ;101;322.0;NITEROI;Outras;Colisao traseira;Sem Vitimas;Pleno dia
853076;11/02/2011;Sexta;06:15:00;RJ;101;323.0;NITEROI;Dormindo;Colisao traseira;Sem Vitimas;Amanhecer
853147;11/02/2011;Sexta;10:30:00;RJ;101;322.0;NITEROI;Outras;Colisao traseira;Sem Vitimas;Pleno dia
853237;11/02/2011;Sexta;14:40:00;RJ;101;327.0;RIO DE JANEIRO;Outras;Colisao traseira;Sem Vitimas;Pleno dia
853251;11/02/2011;Sexta;16:10:00;RJ;101;332.0;RIO DE JANEIRO;Outras;Colisao com objeto movel;Sem Vitimas;Pleno dia
853286;11/02/2011;Sexta;17:30:00;RJ;101;322.0;NITEROI;Outras;Colisao lateral;Sem Vitimas;Pleno dia
853317;11/02/2011;Sexta;17:30:00;RJ;101;327.0;NITEROI;Outras;Colisao lateral;Sem Vitimas;Anoitecer
853359;11/02/2011;Sexta;17:30:00;RJ;101;330.0;RIO DE JANEIRO;Outras;Queda de motocicleta / bicicleta / veiculo;Com Vitimas Feridas;Anoitecer
853367;11/02/2011;Sexta;19:50:00;RJ;101;330.0;RIO DE JANEIRO;Outras;Colisao lateral;Sem Vitimas;Plena noite
853371;11/02/2011;Sexta;18:50:00;RJ;101;320.0;NITEROI;Outras;Colisao traseira;Sem Vitimas;Plena noite
853382;11/02/2011;Sexta;18:50:00;RJ;101;321.0;NITEROI;Nao guardar distancia de seguranca;Colisao traseira;Sem Vitimas;Plena noite
853399;11/02/2011;Sexta;20:30:00;RJ;101;323.0;NITEROI;Outras;Colisao com objeto movel;Sem Vitimas;Plena noite
853478;11/02/2011;Sexta;23:00:00;RJ;101;325.0;NITEROI;Outras;Colisao traseira;Sem Vitimas;Plena noite
853491;11/02/2011;Sexta;23:20:00;RJ;101;319.0;SAO GONCALO;Outras;Colisao traseira;Sem Vitimas;Plena noite
853554;12/02/2011;Sabado;01:47:00;RJ;101;326.0;NITEROI;Defeito mecanico em veiculo;Colisao traseira;Com Vitimas Feridas;Plena noite
853611;12/02/2011;Sabado;06:10:00;RJ;101;322.0;NITEROI;Falta de atencao;Colisao traseira;Sem Vitimas;Pleno dia
853636;12/02/2011;Sabado;07:00:00;RJ;101;320.0;NITEROI;Outras;Colisao com objeto fixo;Sem Vitimas;Pleno dia
853660;12/02/2011;Sabado;09:15:00;RJ;101;322.0;NITEROI;Falta de atencao;Colisao traseira;Sem Vitimas;Pleno dia
853689;12/02/2011;Sabado;10:00:00;RJ;101;325.0;NITEROI;Falta de atencao;Colisao lateral;Sem Vitimas;Pleno dia
853717;12/02/2011;Sabado;12:30:00;RJ;101;320.0;NITEROI;Outras;Colisao traseira;Sem Vitimas;Pleno dia
853754;12/02/2011;Sabado;14:00:00;RJ;101;324.0;NITEROI;Outras;Colisao traseira;Sem Vitimas;Pleno dia
853821;12/02/2011;Sabado;16:20:00;RJ;101;323.0;NITEROI;Defeito mecanico em veiculo;Colisao traseira;Sem Vitimas;Pleno dia
853845;04/02/2011;Sexta;23:00:00;RJ;101;322.0;NITEROI;Outras;Colisao lateral;Sem Vitimas;Plena noite
853866;12/02/2011;Sabado;16:50:00;RJ;101;322.0;NITEROI;Outras;Colisao traseira;Sem Vitimas;Pleno dia
853970;12/02/2011;Sabado;17:30:00;RJ;101;328.0;RIO DE JANEIRO;Outras;Colisao traseira;Com Vitimas Feridas;Pleno dia
854006;13/02/2011;Domingo;01:00:00;RJ;101;308.0;SAO GONCALO;Outras;Saida de Pista;Com Vitimas Feridas;Plena noite
854016;13/02/2011;Domingo;02:15:00;RJ;101;299.0;SAO GONCALO;Outras;Colisao com objeto fixo;Sem Vitimas;Plena noite
854090;09/02/2011;Quarta;19:45:00;RJ;101;320.0;NITEROI;Outras;Queda de motocicleta / bicicleta / veiculo;Com Vitimas Feridas;Anoitecer
854193;13/02/2011;Domingo;12:04:00;RJ;101;329.5;NITEROI;Outras;Colisao traseira;Com Vitimas Feridas;Pleno dia
854744;14/02/2011;Segunda;13:45:00;RJ;101;326.0;RIO DE JANEIRO;Outras;Colisao traseira;Sem Vitimas;Pleno dia
854849;14/02/2011;Segunda;17:05:00;RJ;101;321.0;NITEROI;Outras;Colisao traseira;Sem Vitimas;Pleno dia
854877;14/02/2011;Segunda;17:00:00;RJ;101;323.0;NITEROI;Outras;Colisao traseira;Sem Vitimas;Pleno dia
855067;14/02/2011;Segunda;23:10:00;RJ;101;326.0;NITEROI;Outras;Colisao traseira;Sem Vitimas;Plena noite
855186;15/02/2011;Terca;07:50:00;RJ;101;310.0;SAO GONCALO;Outras;Colisao traseira;Sem Vitimas;Pleno dia
855209;11/02/2011;Sexta;23:06:00;RJ;101;334.0;RIO DE JANEIRO;Outras;Colisao lateral;Sem Vitimas;Pleno dia
855266;15/02/2011;Terca;09:55:00;RJ;101;325.0;NITEROI;Nao guardar distancia de seguranca;Colisao traseira;Com Vitimas Feridas;Pleno dia
855268;15/02/2011;Terca;09:15:00;RJ;101;325.0;NITEROI;Nao guardar distancia de seguranca;Colisao traseira;Sem Vitimas;Pleno dia
855318;15/02/2011;Terca;12:25:00;RJ;101;322.0;NITEROI;Nao guardar distancia de seguranca;Colisao traseira;Sem Vitimas;Pleno dia
855323;15/02/2011;Terca;12:40:00;RJ;101;324.0;NITEROI;Outras;Queda de motocicleta / bicicleta / veiculo;Com Vitimas Feridas;Pleno dia
855418;15/02/2011;Terca;14:34:00;RJ;101;316.0;SAO GONCALO;Outras;Colisao traseira;Sem Vitimas;Pleno dia
855744;12/02/2011;Sabado;11:45:00;RJ;101;323.0;NITEROI;Dormindo;Colisao traseira;Sem Vitimas;Pleno dia
855747;16/02/2011;Quarta;06:30:00;RJ;101;317.0;SAO GONCALO;Outras;Colisao traseira;Sem Vitimas;Pleno dia
855781;16/02/2011;Quarta;08:30:00;RJ;101;304.0;SAO GONCALO;Outras;Colisao com objeto fixo;Sem Vitimas;Pleno dia
855792;12/02/2011;Sabado;05:30:00;RJ;101;320.0;NITEROI;Outras;Queda de motocicleta / bicicleta / veiculo;Com Vitimas Feridas;Pleno dia
856099;16/02/2011;Quarta;18:30:00;RJ;101;322.0;NITEROI;Outras;Colisao lateral;Sem Vitimas;Plena noite
856296;17/02/2011;Quinta;08:00:00;RJ;101;330.0;RIO DE JANEIRO;Falta de atencao;Colisao com objeto fixo;Sem Vitimas;Pleno dia
856359;17/02/2011;Quinta;13:50:00;RJ;101;322.0;NITEROI;Falta de atencao;Colisao lateral;Sem Vitimas;Pleno dia
856486;17/02/2011;Quinta;17:45:00;RJ;101;322.0;NITEROI;Falta de atencao;Colisao lateral;Sem Vitimas;Pleno dia
856511;17/02/2011;Quinta;18:55:00;RJ;101;322.0;RIO DE JANEIRO;Falta de atencao;Colisao Transversal;Sem Vitimas;Anoitecer
856805;14/02/2011;Segunda;17:00:00;RJ;101;330.0;NITEROI;Falta de atencao;Colisao lateral;Sem Vitimas;Pleno dia
856883;18/02/2011;Sexta;14:00:00;RJ;101;308.0;SAO GONCALO;Ultrapassagem indevida;Colisao com objeto fixo;Sem Vitimas;Pleno dia
856909;18/02/2011;Sexta;15:00:00;RJ;101;323.0;NITEROI;Outras;Colisao traseira;Sem Vitimas;Plena noite
857006;18/02/2011;Sexta;19:00:00;RJ;101;300.0;SAO GONCALO;Falta de atencao;Colisao traseira;Sem Vitimas;Pleno dia
857012;18/02/2011;Sexta;19:00:00;RJ;101;322.0;NITEROI;Falta de atencao;Colisao traseira;Sem Vitimas;Pleno dia
857019;18/02/2011;Sexta;19:00:00;RJ;101;322.0;NITEROI;Outras;Colisao traseira;Sem Vitimas;Anoitecer
857025;18/02/2011;Sexta;19:00:00;RJ;101;322.0;NITEROI;Falta de atencao;Colisao com objeto movel;Sem Vitimas;Plena noite
857054;18/02/2011;Sexta;17:40:00;RJ;101;325.0;RIO DE JANEIRO;Nao guardar distancia de seguranca;Colisao traseira;Sem Vitimas;Pleno dia
857089;18/02/2011;Sexta;20:00:00;RJ;101;322.0;NITEROI;Falta de atencao;Colisao lateral;Sem Vitimas;Plena noite
857110;18/02/2011;Sexta;20:30:00;RJ;101;319.0;NITEROI;Outras;Colisao traseira;Sem Vitimas;Plena noite
857188;18/02/2011;Sexta;23:20:00;RJ;101;316.0;SAO GONCALO;Outras;Derramamento de Carga;Sem Vitimas;Plena noite
857263;19/02/2011;Sabado;03:15:00;RJ;101;326.0;NITEROI;Defeito mecanico em veiculo;Colisao com objeto movel;Sem Vitimas;Plena noite
857276;19/02/2011;Sabado;04:30:00;RJ;101;327.0;NITEROI;Outras;Colisao lateral;Sem Vitimas;Plena noite
857336;19/02/2011;Sabado;08:10:00;RJ;101;323.0;NITEROI;Nao guardar distancia de seguranca;Colisao traseira;Sem Vitimas;Pleno dia
857346;19/02/2011;Sabado;08:40:00;RJ;101;325.0;NITEROI;Outras;Colisao traseira;Com Vitimas Feridas;Pleno dia
857372;19/02/2011;Sabado;08:51:00;RJ;101;330.0;RIO DE JANEIRO;Outras;Colisao traseira;Sem Vitimas;Pleno dia
857425;19/02/2011;Sabado;12:15:00;RJ;101;323.0;NITEROI;Nao guardar distancia de seguranca;Colisao traseira;Sem Vitimas;Pleno dia
857443;19/02/2011;Sabado;12:20:00;RJ;101;323.0;NITEROI;Outras;Colisao traseira;Sem Vitimas;Pleno dia
857466;19/02/2011;Sabado;11:00:00;RJ;101;322.0;NITEROI;Outras;Colisao lateral;Sem Vitimas;Pleno dia
857493;19/02/2011;Sabado;13:40:00;RJ;101;313.0;SAO GONCALO;Falta de atencao;Colisao Transversal;Sem Vitimas;Pleno dia
857557;19/02/2011;Sabado;17:10:00;RJ;101;328.0;NITEROI;Nao guardar distancia de seguranca;Colisao lateral;Sem Vitimas;Pleno dia
857661;19/02/2011;Sabado;20:30:00;RJ;101;307.0;SAO GONCALO;Outras;Atropelamento de pessoa;Com Vitimas Fatais;Plena noite
857832;20/02/2011;Domingo;06:40:00;RJ;101;322.0;NITEROI;Falta de atencao;Colisao traseira;Sem Vitimas;Pleno dia
857961;20/02/2011;Domingo;11:30:00;RJ;101;316.0;SAO GONCALO;Outras;Saida de Pista;Sem Vitimas;Pleno dia
858070;20/02/2011;Domingo;17:10:00;RJ;101;320.7;NITEROI;Falta de atencao;Colisao com objeto fixo;Com Vitimas Feridas;Pleno dia
858133;20/02/2011;Domingo;17:30:00;RJ;101;309.0;SAO GONCALO;Falta de atencao;Colisao traseira;Sem Vitimas;Anoitecer
858194;20/02/2011;Domingo;22:00:00;RJ;101;320.7;NITEROI;Falta de atencao;Capotamento;Sem Vitimas;Plena noite
858238;20/02/2011;Domingo;20:00:00;RJ;101;319.0;NITEROI;Ingestao de alcool;Colisao traseira;Sem Vitimas;Plena noite
858356;21/02/2011;Segunda;08:30:00;RJ;101;321.0;NITEROI;Falta de atencao;Colisao lateral;Sem Vitimas;Pleno dia
858357;21/02/2011;Segunda;07:05:00;RJ;101;328.0;RIO DE JANEIRO;Falta de atencao;Colisao traseira;Sem Vitimas;Pleno dia
858392;21/02/2011;Segunda;09:05:00;RJ;101;313.0;SAO GONCALO;Nao guardar distancia de seguranca;Colisao lateral;Com Vitimas Feridas;Pleno dia
858403;21/02/2011;Segunda;08:59:00;RJ;101;323.0;NITEROI;Outras;Colisao traseira;Com Vitimas Feridas;Pleno dia
858410;21/02/2011;Segunda;10:00:00;RJ;101;315.0;SAO GONCALO;Nao guardar distancia de seguranca;Colisao traseira;Sem Vitimas;Pleno dia
858423;17/02/2011;Quinta;19:10:00;RJ;101;322.0;NITEROI;Outras;Colisao lateral;Sem Vitimas;Anoitecer
858486;21/02/2011;Segunda;13:30:00;RJ;101;316.0;SAO GONCALO;Outras;Capotamento;Com Vitimas Feridas;Pleno dia
858646;21/02/2011;Segunda;17:40:00;RJ;101;322.0;NITEROI;Nao guardar distancia de seguranca;Colisao lateral;Sem Vitimas;Anoitecer
858693;21/02/2011;Segunda;06:40:00;RJ;101;318.0;SAO GONCALO;Outras;Queda de motocicleta / bicicleta / veiculo;Sem Vitimas;Pleno dia
858727;21/02/2011;Segunda;22:05:00;RJ;101;316.0;SAO GONCALO;Outras;Danos Eventuais;Sem Vitimas;Plena noite
858831;18/02/2011;Sexta;23:00:00;RJ;101;322.0;NITEROI;Falta de atencao;Colisao traseira;Sem Vitimas;Plena noite
858914;22/02/2011;Terca;08:26:00;RJ;101;328.0;NITEROI;Falta de atencao;Colisao traseira;Sem Vitimas;Pleno dia
858973;22/02/2011;Terca;08:30:00;RJ;101;318.0;SAO GONCALO;Outras;Colisao traseira;Com Vitimas Feridas;Pleno dia
859118;22/02/2011;Terca;15:50:00;RJ;101;319.0;NITEROI;Outras;Colisao com objeto fixo;Sem Vitimas;Pleno dia
859210;22/02/2011;Terca;19:20:00;RJ;101;315.0;SAO GONCALO;Falta de atencao;Colisao traseira;Sem Vitimas;Plena noite
859300;22/02/2011;Terca;21:00:00;RJ;101;322.0;NITEROI;Outras;Colisao lateral;Sem Vitimas;Plena noite
860042;24/02/2011;Quinta;11:07:00;RJ;101;333.0;RIO DE JANEIRO;Defeito mecanico em veiculo;Colisao traseira;Sem Vitimas;Pleno dia
860486;25/02/2011;Sexta;08:00:00;RJ;101;334.0;RIO DE JANEIRO;Outras;Colisao traseira;Sem Vitimas;Pleno dia
860616;25/02/2011;Sexta;13:20:00;RJ;101;323.0;NITEROI;Outras;Colisao traseira;Sem Vitimas;Pleno dia
860622;25/02/2011;Sexta;11:30:00;RJ;101;308.0;SAO GONCALO;Falta de atencao;Colisao traseira;Sem Vitimas;Pleno dia
860665;25/02/2011;Sexta;14:30:00;RJ;101;323.0;NITEROI;Outras;Colisao traseira;Sem Vitimas;Pleno dia
860712;25/02/2011;Sexta;16:45:00;RJ;101;324.0;NITEROI;Outras;Colisao com objeto fixo;Sem Vitimas;Pleno dia
860716;25/02/2011;Sexta;17:50:00;RJ;101;322.0;NITEROI;Falta de atencao;Colisao lateral;Sem Vitimas;Pleno dia
860743;25/02/2011;Sexta;18:09:00;RJ;101;312.0;SAO GONCALO;Falta de atencao;Colisao com bicicleta;Com Vitimas Feridas;Anoitecer
860748;25/02/2011;Sexta;18:30:00;RJ;101;334.0;RIO DE JANEIRO;Outras;Colisao traseira;Sem Vitimas;Plena noite
860763;25/02/2011;Sexta;17:35:00;RJ;101;333.0;RIO DE JANEIRO;Nao guardar distancia de seguranca;Colisao traseira;Sem Vitimas;Anoitecer
860808;25/02/2011;Sexta;19:30:00;RJ;101;319.0;SAO GONCALO;Nao guardar distancia de seguranca;Colisao lateral;Sem Vitimas;Plena noite
860835;25/02/2011;Sexta;20:30:00;RJ;101;322.0;NITEROI;Outras;Colisao lateral;Sem Vitimas;Plena noite
860855;25/02/2011;Sexta;20:25:00;RJ;101;322.0;NITEROI;Desobediencia a sinalizacao;Colisao lateral;Sem Vitimas;Plena noite
861045;26/02/2011;Sabado;09:05:00;RJ;101;329.0;RIO DE JANEIRO;Outras;Colisao traseira;Sem Vitimas;Pleno dia
861088;22/02/2011;Terca;18:10:00;RJ;101;333.1;RIO DE JANEIRO;Outras;Colisao com objeto fixo;Sem Vitimas;Plena noite
861179;26/02/2011;Sabado;13:50:00;RJ;101;322.0;RIO DE JANEIRO;Outras;Colisao traseira;Sem Vitimas;Pleno dia
861209;26/02/2011;Sabado;14:00:00;RJ;101;324.0;NITEROI;Outras;Colisao com objeto fixo;Sem Vitimas;Pleno dia
861211;26/02/2011;Sabado;06:10:00;RJ;101;325.0;NITEROI;Dormindo;Colisao traseira;Sem Vitimas;Pleno dia
861227;26/02/2011;Sabado;09:30:00;RJ;101;322.5;NITEROI;Outras;Colisao lateral;Sem Vitimas;Pleno dia
861440;26/02/2011;Sabado;22:40:00;RJ;101;318.0;SAO GONCALO;Outras;Colisao traseira;Sem Vitimas;Plena noite
861502;26/02/2011;Sabado;23:40:00;RJ;101;316.0;SAO GONCALO;Outras;Colisao traseira;Sem Vitimas;Plena noite
861616;25/02/2011;Sexta;18:20:00;RJ;101;321.0;NITEROI;Falta de atencao;Colisao lateral;Sem Vitimas;Anoitecer
861661;25/02/2011;Sexta;14:30:00;RJ;101;323.0;RIO DE JANEIRO;Nao guardar distancia de seguranca;Colisao traseira;Sem Vitimas;Pleno dia
861693;27/02/2011;Domingo;14:40:00;RJ;101;326.0;NITEROI;Outras;Queda de motocicleta / bicicleta / veiculo;Com Vitimas Feridas;Pleno dia
861891;24/02/2011;Quinta;23:40:00;RJ;101;314.0;SAO GONCALO;Defeito mecanico em veiculo;Saida de Pista;Sem Vitimas;Plena noite
862080;28/02/2011;Segunda;06:52:00;RJ;101;309.1;SAO GONCALO;Outras;Colisao traseira;Sem Vitimas;Pleno dia
862184;28/02/2011;Segunda;12:14:00;RJ;101;322.0;NITEROI;Falta de atencao;Colisao traseira;Sem Vitimas;Pleno dia
862197;28/02/2011;Segunda;12:50:00;RJ;101;321.0;NITEROI;Outras;Colisao lateral;Sem Vitimas;Pleno dia
862356;28/02/2011;Segunda;17:00:00;RJ;101;321.0;NITEROI;Outras;Colisao traseira;Sem Vitimas;Anoitecer
862464;28/02/2011;Segunda;19:00:00;RJ;101;320.0;NITEROI;Outras;Colisao traseira;Sem Vitimas;Plena noite
862476;28/02/2011;Segunda;19:00:00;RJ;101;320.0;NITEROI;Nao guardar distancia de seguranca;Colisao traseira;Sem Vitimas;Plena noite
862478;28/02/2011;Segunda;20:50:00;RJ;101;322.0;NITEROI;Falta de atencao;Colisao traseira;Sem Vitimas;Plena noite
862480;28/02/2011;Segunda;20:40:00;RJ;101;310.0;SAO GONCALO;Outras;Colisao traseira;Sem Vitimas;Plena noite
862563;28/02/2011;Segunda;22:00:00;RJ;101;312.0;SAO GONCALO;Outras;Colisao traseira;Sem Vitimas;Plena noite
862698;01/03/2011;Terca;08:45:00;RJ;101;330.0;RIO DE JANEIRO;Outras;Colisao lateral;Sem Vitimas;Pleno dia
862914;01/03/2011;Terca;15:20:00;RJ;101;323.0;NITEROI;Outras;Colisao traseira;Sem Vitimas;Pleno dia
862929;01/03/2011;Terca;16:25:00;RJ;101;325.0;NITEROI;Outras;Colisao traseira;Sem Vitimas;Pleno dia
862949;01/03/2011;Terca;16:34:00;RJ;101;328.0;NITEROI;Nao guardar distancia de seguranca;Colisao com objeto fixo;Com Vitimas Feridas;Pleno dia
862953;01/03/2011;Terca;17:10:00;RJ;101;330.0;RIO DE JANEIRO;Outras;Colisao traseira;Sem Vitimas;Pleno dia
863065;01/03/2011;Terca;18:10:00;RJ;101;328.0;RIO DE JANEIRO;Nao guardar distancia de seguranca;Colisao lateral;Sem Vitimas;Anoitecer
863068;01/03/2011;Terca;20:00:00;RJ;101;310.0;SAO GONCALO;Animais na Pista;Atropelamento de animal;Sem Vitimas;Plena noite
863111;01/03/2011;Terca;23:45:00;RJ;101;321.0;NITEROI;Falta de atencao;Queda de motocicleta / bicicleta / veiculo;Com Vitimas Feridas;Plena noite
863270;02/03/2011;Quarta;11:50:00;RJ;101;323.0;NITEROI;Outras;Colisao traseira;Sem Vitimas;Pleno dia
863295;02/03/2011;Quarta;07:13:00;RJ;101;320.0;NITEROI;Outras;Colisao lateral;Sem Vitimas;Pleno dia
863532;02/03/2011;Quarta;10:45:00;RJ;101;316.0;SAO GONCALO;Falta de atencao;Colisao traseira;Sem Vitimas;Pleno dia
863536;02/03/2011;Quarta;10:20:00;RJ;101;319.0;SAO GONCALO;Outras;Saida de Pista;Sem Vitimas;Pleno dia
863560;02/03/2011;Quarta;22:10:00;RJ;101;323.0;NITEROI;Outras;Colisao lateral;Sem Vitimas;Plena noite
863594;02/03/2011;Quarta;22:36:00;RJ;101;326.0;NITEROI;Falta de atencao;Colisao com objeto movel;Sem Vitimas;Plena noite
863616;02/03/2011;Quarta;19:50:00;RJ;101;322.0;NITEROI;Outras;Colisao lateral;Sem Vitimas;Pleno dia
863664;03/03/2011;Quinta;04:00:00;RJ;101;322.0;NITEROI;Outras;Colisao lateral;Sem Vitimas;Plena noite
863716;03/03/2011;Quinta;06:20:00;RJ;101;299.0;SAO GONCALO;Outras;Incendio;Sem Vitimas;Pleno dia
863752;03/03/2011;Quinta;07:30:00;RJ;101;334.0;RIO DE JANEIRO;Outras;Colisao traseira;Sem Vitimas;Pleno dia
863936;03/03/2011;Quinta;14:40:00;RJ;101;322.0;NITEROI;Outras;Colisao traseira;Sem Vitimas;Pleno dia
863957;03/03/2011;Quinta;14:45:00;RJ;101;325.0;NITEROI;Outras;Colisao traseira;Sem Vitimas;Pleno dia
864063;03/03/2011;Quinta;17:50:00;RJ;101;323.0;NITEROI;Outras;Colisao traseira;Sem Vitimas;Pleno dia
864075;03/03/2011;Quinta;18:30:00;RJ;101;316.0;SAO GONCALO;Outras;Colisao traseira;Sem Vitimas;Plena noite
864337;04/03/2011;Sexta;05:00:00;RJ;101;323.0;NITEROI;Outras;Colisao traseira;Sem Vitimas;Amanhecer
864356;02/03/2011;Quarta;08:00:00;RJ;101;333.0;RIO DE JANEIRO;Falta de atencao;Colisao traseira;Sem Vitimas;Pleno dia
864401;04/03/2011;Sexta;04:10:00;RJ;101;324.0;NITEROI;Outras;Colisao com objeto movel;Sem Vitimas;Plena noite
864842;04/03/2011;Sexta;21:10:00;RJ;101;304.0;SAO GONCALO;Falta de atencao;Colisao traseira;Sem Vitimas;Plena noite
864885;04/03/2011;Sexta;22:00:00;RJ;101;307.0;SAO GONCALO;Falta de atencao;Colisao traseira;Sem Vitimas;Plena noite
864896;04/03/2011;Sexta;21:30:00;RJ;101;307.0;SAO GONCALO;Falta de atencao;Saida de Pista;Sem Vitimas;Plena noite
864942;04/03/2011;Sexta;22:40:00;RJ;101;326.0;NITEROI;Outras;Colisao traseira;Sem Vitimas;Plena noite
865074;05/03/2011;Sabado;04:10:00;RJ;101;323.0;NITEROI;Outras;Colisao traseira;Sem Vitimas;Plena noite
865175;01/03/2011;Terca;18:30:00;RJ;101;320.0;NITEROI;Outras;Colisao traseira;Sem Vitimas;Plena noite
865208;05/03/2011;Sabado;08:20:00;RJ;101;304.0;SAO GONCALO;Outras;Colisao traseira;Sem Vitimas;Pleno dia
865344;05/03/2011;Sabado;12:30:00;RJ;101;307.0;SAO GONCALO;Outras;Queda de motocicleta / bicicleta / veiculo;Sem Vitimas;Pleno dia
865404;05/03/2011;Sabado;14:00:00;RJ;101;321.0;NITEROI;Outras;Colisao lateral;Sem Vitimas;Pleno dia
865494;05/03/2011;Sabado;15:30:00;RJ;101;323.0;NITEROI;Outras;Colisao lateral;Sem Vitimas;Pleno dia
865614;05/03/2011;Sabado;18:40:00;RJ;101;321.0;NITEROI;Outras;Colisao lateral;Sem Vitimas;Plena noite
865619;05/03/2011;Sabado;18:45:00;RJ;101;323.0;NITEROI;Nao guardar distancia de seguranca;Colisao lateral;Sem Vitimas;Plena noite
865760;05/03/2011;Sabado;21:00:00;RJ;101;306.0;SAO GONCALO;Outras;Capotamento;Sem Vitimas;Plena noite
865797;05/03/2011;Sabado;22:10:00;RJ;101;310.0;SAO GONCALO;Falta de atencao;Colisao traseira;Com Vitimas Feridas;Plena noite
865930;06/03/2011;Domingo;07:40:00;RJ;101;322.0;NITEROI;Outras;Colisao traseira;Sem Vitimas;Pleno dia
865946;06/03/2011;Domingo;07:45:00;RJ;101;322.0;NITEROI;Outras;Colisao traseira;Sem Vitimas;Pleno dia
866022;06/03/2011;Domingo;10:50:00;RJ;101;322.0;NITEROI;Outras;Colisao traseira;Sem Vitimas;Pleno dia
866064;06/03/2011;Domingo;12:00:00;RJ;101;329.0;NITEROI;Outras;Colisao traseira;Sem Vitimas;Pleno dia
866091;06/03/2011;Domingo;12:50:00;RJ;101;323.0;NITEROI;Outras;Colisao traseira;Com Vitimas Feridas;Pleno dia
866292;06/03/2011;Domingo;15:16:00;RJ;101;308.0;SAO GONCALO;Outras;Colisao lateral;Sem Vitimas;Pleno dia
866550;04/03/2011;Sexta;19:20:00;RJ;101;320.5;NITEROI;Outras;Colisao lateral;Sem Vitimas;Plena noite
866591;07/03/2011;Segunda;08:30:00;RJ;101;321.0;NITEROI;Outras;Colisao com objeto fixo;Sem Vitimas;Pleno dia
866886;05/03/2011;Sabado;02:40:00;RJ;101;307.0;SAO GONCALO;Outras;Colisao traseira;Sem Vitimas;Plena noite
867055;04/03/2011;Sexta;22:30:00;RJ;101;320.0;NITEROI;Outras;Colisao traseira;Sem Vitimas;Plena noite
867078;07/03/2011;Segunda;23:15:00;RJ;101;321.0;NITEROI;Outras;Colisao lateral;Sem Vitimas;Plena noite
867118;08/03/2011;Terca;04:10:00;RJ;101;321.0;SAO GONCALO;Outras;Saida de Pista;Sem Vitimas;Plena noite
867161;04/03/2011;Sexta;09:00:00;RJ;101;333.0;RIO DE JANEIRO;Outras;Queda de motocicleta / bicicleta / veiculo;Com Vitimas Feridas;Pleno dia
867436;08/03/2011;Terca;15:00:00;RJ;101;327.0;NITEROI;Outras;Colisao traseira;Com Vitimas Feridas;Pleno dia
868117;09/03/2011;Quarta;12:30:00;RJ;101;313.0;SAO GONCALO;Outras;Saida de Pista;Sem Vitimas;Pleno dia
868295;09/03/2011;Quarta;17:50:00;RJ;101;319.0;SAO GONCALO;Outras;Capotamento;Sem Vitimas;Pleno dia
868544;05/03/2011;Sabado;06:00:00;RJ;101;334.0;RIO DE JANEIRO;Outras;Colisao lateral;Sem Vitimas;Amanhecer
868568;10/03/2011;Quinta;03:10:00;RJ;101;301.0;SAO GONCALO;Outras;Colisao traseira;Sem Vitimas;Plena noite
868587;03/03/2011;Quinta;01:30:00;RJ;101;321.0;NITEROI;Falta de atencao;Colisao traseira;Com Vitimas Feridas;Plena noite
868590;10/03/2011;Quinta;05:30:00;RJ;101;324.0;NITEROI;Falta de atencao;Colisao traseira;Sem Vitimas;Amanhecer
868658;10/03/2011;Quinta;08:15:00;RJ;101;322.0;NITEROI;Outras;Colisao lateral;Sem Vitimas;Pleno dia
868855;10/03/2011;Quinta;08:30:00;RJ;101;327.0;NITEROI;Falta de atencao;Colisao traseira;Com Vitimas Feridas;Pleno dia
868881;10/03/2011;Quinta;06:45:00;RJ;101;311.0;SAO GONCALO;Desobediencia a sinalizacao;Colisao Transversal;Com Vitimas Feridas;Pleno dia
869009;10/03/2011;Quinta;07:45:00;RJ;101;317.0;SAO GONCALO;Ultrapassagem indevida;Colisao Transversal;Sem Vitimas;Pleno dia
869050;10/03/2011;Quinta;18:15:00;RJ;101;316.0;SAO GONCALO;Falta de atencao;Colisao Transversal;Sem Vitimas;Anoitecer
869298;11/03/2011;Sexta;07:45:00;RJ;101;334.0;RIO DE JANEIRO;Outras;Colisao traseira;Sem Vitimas;Pleno dia
869300;11/03/2011;Sexta;06:20:00;RJ;101;334.0;RIO DE JANEIRO;Outras;Colisao com objeto movel;Sem Vitimas;Pleno dia
869514;11/03/2011;Sexta;07:00:00;RJ;101;325.0;NITEROI;Outras;Colisao traseira;Sem Vitimas;Pleno dia
869551;11/03/2011;Sexta;15:50:00;RJ;101;328.0;RIO DE JANEIRO;Outras;Colisao traseira;Sem Vitimas;Pleno dia
869623;11/03/2011;Sexta;18:00:00;RJ;101;306.0;SAO GONCALO;Outras;Colisao lateral;Com Vitimas Feridas;Anoitecer
869638;11/03/2011;Sexta;18:30:00;RJ;101;305.0;SAO GONCALO;Outras;Colisao traseira;Sem Vitimas;Plena noite
869757;11/03/2011;Sexta;22:00:00;RJ;101;312.0;SAO GONCALO;Outras;Colisao traseira;Sem Vitimas;Plena noite
869759;11/03/2011;Sexta;22:20:00;RJ;101;334.0;RIO DE JANEIRO;Outras;Colisao lateral;Sem Vitimas;Plena noite
869938;08/03/2011;Terca;23:30:00;RJ;101;322.0;NITEROI;Outras;Colisao lateral;Sem Vitimas;Plena noite
870217;12/03/2011;Sabado;10:30:00;RJ;101;299.0;SAO GONCALO;Falta de atencao;Colisao traseira;Sem Vitimas;Pleno dia
870228;12/03/2011;Sabado;21:00:00;RJ;101;315.0;SAO GONCALO;Outras;Saida de Pista;Sem Vitimas;Plena noite
870421;13/03/2011;Domingo;09:05:00;RJ;101;326.0;NITEROI;Nao guardar distancia de seguranca;Colisao lateral;Sem Vitimas;Pleno dia
870573;13/03/2011;Domingo;15:20:00;RJ;101;324.0;NITEROI;Outras;Colisao traseira;Sem Vitimas;Pleno dia
870749;13/03/2011;Domingo;21:55:00;RJ;101;323.0;NITEROI;Velocidade incompativel;Colisao lateral;Sem Vitimas;Plena noite
870755;13/03/2011;Domingo;14:05:00;RJ;101;331.0;RIO DE JANEIRO;Outras;Colisao traseira;Sem Vitimas;Pleno dia
870894;10/03/2011;Quinta;10:25:00;RJ;101;322.5;NITEROI;Outras;Colisao com objeto fixo;Sem Vitimas;Plena noite
870911;14/03/2011;Segunda;06:40:00;RJ;101;306.0;SAO GONCALO;Animais na Pista;Saida de Pista;Sem Vitimas;Pleno dia
870913;10/03/2011;Quinta;20:55:00;RJ;101;322.0;RIO DE JANEIRO;Outras;Colisao traseira;Com Vitimas Feridas;Plena noite
870920;10/03/2011;Quinta;12:40:00;RJ;101;319.9;SAO GONCALO;Desobediencia a sinalizacao;Colisao Transversal;Sem Vitimas;Pleno dia
871007;14/03/2011;Segunda;10:50:00;RJ;101;322.0;RIO DE JANEIRO;Outras;Colisao traseira;Sem Vitimas;Pleno dia
871044;14/03/2011;Segunda;10:55:00;RJ;101;316.0;SAO GONCALO;Nao guardar distancia de seguranca;Colisao traseira;Sem Vitimas;Pleno dia
871221;10/03/2011;Quinta;08:00:00;RJ;101;319.0;SAO GONCALO;Outras;Queda de motocicleta / bicicleta / veiculo;Sem Vitimas;Pleno dia
871673;13/03/2011;Domingo;02:40:00;RJ;101;326.0;NITEROI;Dormindo;Colisao traseira;Com Vitimas Feridas;Plena noite
871863;16/03/2011;Quarta;04:30:00;RJ;101;321.0;NITEROI;Outras;Saida de Pista;Sem Vitimas;Plena noite
872202;16/03/2011;Quarta;19:00:00;RJ;101;322.0;NITEROI;Outras;Colisao lateral;Sem Vitimas;Plena noite
872219;16/03/2011;Quarta;19:25:00;RJ;101;319.0;SAO GONCALO;Outras;Queda de motocicleta / bicicleta / veiculo;Com Vitimas Feridas;Plena noite
872616;17/03/2011;Quinta;18:50:00;RJ;101;322.0;NITEROI;Outras;Colisao lateral;Sem Vitimas;Plena noite
872777;18/03/2011;Sexta;04:40:00;RJ;101;328.0;RIO DE JANEIRO;Ingestao de alcool;Colisao com objeto fixo;Sem Vitimas;Plena noite
873032;18/03/2011;Sexta;16:35:00;RJ;101;328.0;RIO DE JANEIRO;Outras;Colisao traseira;Sem Vitimas;Pleno dia
873054;18/03/2011;Sexta;16:00:00;RJ;101;307.0;SAO GONCALO;Outras;Colisao traseira;Sem Vitimas;Pleno dia
873089;18/03/2011;Sexta;17:42:00;RJ;101;322.0;NITEROI;Outras;Atropelamento de pessoa;Com Vitimas Feridas;Pleno dia
873174;18/03/2011;Sexta;21:30:00;RJ;101;333.0;RIO DE JANEIRO;Outras;Colisao traseira;Sem Vitimas;Plena noite
873194;18/03/2011;Sexta;20:45:00;RJ;101;328.0;RIO DE JANEIRO;Outras;Colisao traseira;Sem Vitimas;Plena noite
873303;18/03/2011;Sexta;08:00:00;RJ;101;310.0;SAO GONCALO;Defeito na via;Atropelamento de pessoa;Com Vitimas Feridas;Pleno dia
873367;18/03/2011;Sexta;08:00:00;RJ;101;316.0;SAO GONCALO;Nao guardar distancia de seguranca;Colisao traseira;Sem Vitimas;Pleno dia
873420;19/03/2011;Sabado;10:40:00;RJ;101;303.0;SAO GONCALO;Defeito mecanico em veiculo;Colisao com objeto fixo;Sem Vitimas;Pleno dia
873426;19/03/2011;Sabado;09:45:00;RJ;101;322.0;NITEROI;Outras;Queda de motocicleta / bicicleta / veiculo;Com Vitimas Feridas;Pleno dia
873589;19/03/2011;Sabado;18:00:00;RJ;101;305.0;SAO GONCALO;Outras;Atropelamento de pessoa;Com Vitimas Feridas;Anoitecer
873633;19/03/2011;Sabado;19:30:00;RJ;101;332.0;RIO DE JANEIRO;Outras;Colisao com objeto movel;Sem Vitimas;Plena noite
873679;19/03/2011;Sabado;22:00:00;RJ;101;334.0;RIO DE JANEIRO;Outras;Colisao lateral;Sem Vitimas;Plena noite
873688;19/03/2011;Sabado;16:50:00;RJ;101;316.0;SAO GONCALO;Outras;Saida de Pista;Sem Vitimas;Pleno dia
873810;16/03/2011;Quarta;20:38:00;RJ;101;322.0;NITEROI;Outras;Colisao traseira;Sem Vitimas;Plena noite
873877;19/03/2011;Sabado;20:10:00;RJ;101;300.0;SAO GONCALO;Falta de atencao;Colisao traseira;Sem Vitimas;Plena noite
873892;19/03/2011;Sabado;20:10:00;RJ;101;300.0;SAO GONCALO;Nao guardar distancia de seguranca;Colisao lateral;Com Vitimas Feridas;Plena noite
874728;21/03/2011;Segunda;11:50:00;RJ;101;325.0;RIO DE JANEIRO;Nao guardar distancia de seguranca;Colisao traseira;Sem Vitimas;Pleno dia
874799;12/01/2011;Quarta;18:46:00;RJ;101;332.0;RIO DE JANEIRO;Outras;Colisao lateral;Com Vitimas Feridas;Anoitecer
875002;21/03/2011;Segunda;19:40:00;RJ;101;325.0;RIO DE JANEIRO;Outras;Colisao traseira;Sem Vitimas;Plena noite
875112;21/03/2011;Segunda;19:10:00;RJ;101;303.0;SAO GONCALO;Defeito mecanico em veiculo;Incendio;Sem Vitimas;Plena noite
875157;21/03/2011;Segunda;22:40:00;RJ;101;321.0;NITEROI;Nao guardar distancia de seguranca;Colisao lateral;Sem Vitimas;Plena noite
875171;21/03/2011;Segunda;13:30:00;RJ;101;333.0;RIO DE JANEIRO;Nao guardar distancia de seguranca;Colisao traseira;Com Vitimas Feridas;Pleno dia
875239;23/02/2011;Quarta;08:05:00;RJ;101;323.0;NITEROI;Outras;Colisao traseira;Sem Vitimas;Pleno dia
875555;22/03/2011;Terca;16:05:00;RJ;101;321.0;NITEROI;Outras;Colisao lateral;Sem Vitimas;Pleno dia
875772;23/03/2011;Quarta;01:20:00;RJ;101;334.0;RIO DE JANEIRO;Outras;Colisao com objeto fixo;Sem Vitimas;Plena noite
875797;23/03/2011;Quarta;04:00:00;RJ;101;301.0;SAO GONCALO;Falta de atencao;Atropelamento de pessoa;Com Vitimas Fatais;Plena noite
875920;23/03/2011;Quarta;09:41:00;RJ;101;322.0;NITEROI;Outras;Colisao traseira;Sem Vitimas;Pleno dia
876153;23/03/2011;Quarta;19:00:00;RJ;101;326.0;NITEROI;Outras;Colisao com objeto movel;Sem Vitimas;Plena noite
876168;23/03/2011;Quarta;18:30:00;RJ;101;322.0;NITEROI;Falta de atencao;Colisao traseira;Sem Vitimas;Plena noite
876181;23/03/2011;Quarta;18:50:00;RJ;101;321.0;SAO GONCALO;Outras;Colisao traseira;Sem Vitimas;Plena noite
876347;20/03/2011;Domingo;13:00:00;RJ;101;322.0;NITEROI;Outras;Colisao traseira;Sem Vitimas;Pleno dia
876370;24/03/2011;Quinta;06:30:00;RJ;101;321.0;NITEROI;Outras;Atropelamento de pessoa;Com Vitimas Feridas;Pleno dia
876439;16/03/2011;Quarta;16:40:00;RJ;101;321.0;NITEROI;Falta de atencao;Colisao traseira;Sem Vitimas;Pleno dia
876532;24/03/2011;Quinta;11:05:00;RJ;101;321.0;NITEROI;Outras;Colisao traseira;Sem Vitimas;Amanhecer
876576;24/03/2011;Quinta;09:00:00;RJ;101;322.0;NITEROI;Outras;Colisao traseira;Com Vitimas Feridas;Pleno dia
876674;24/03/2011;Quinta;17:45:00;RJ;101;322.0;NITEROI;Outras;Colisao traseira;Sem Vitimas;Anoitecer
876810;24/03/2011;Quinta;21:15:00;RJ;101;302.0;SAO GONCALO;Outras;Saida de Pista;Sem Vitimas;Plena noite
876956;25/03/2011;Sexta;08:15:00;RJ;101;321.0;NITEROI;Outras;Derramamento de Carga;Sem Vitimas;Pleno dia
876996;25/03/2011;Sexta;08:50:00;RJ;101;322.0;NITEROI;Outras;Colisao traseira;Sem Vitimas;Pleno dia
877058;25/03/2011;Sexta;11:10:00;RJ;101;328.0;NITEROI;Outras;Colisao lateral;Sem Vitimas;Pleno dia
877080;25/03/2011;Sexta;13:00:00;RJ;101;331.0;RIO DE JANEIRO;Outras;Colisao lateral;Sem Vitimas;Pleno dia
877098;25/03/2011;Sexta;13:00:00;RJ;101;322.0;NITEROI;Outras;Colisao traseira;Sem Vitimas;Pleno dia
877154;25/03/2011;Sexta;15:10:00;RJ;101;322.0;NITEROI;Outras;Colisao traseira;Sem Vitimas;Pleno dia
877168;25/03/2011;Sexta;15:30:00;RJ;101;329.0;RIO DE JANEIRO;Outras;Colisao traseira;Sem Vitimas;Pleno dia
877313;25/03/2011;Sexta;20:40:00;RJ;101;325.0;NITEROI;Outras;Colisao traseira;Sem Vitimas;Plena noite
877327;25/03/2011;Sexta;20:30:00;RJ;101;322.0;NITEROI;Outras;Colisao lateral;Sem Vitimas;Plena noite
877376;25/03/2011;Sexta;23:55:00;RJ;101;321.0;NITEROI;Falta de atencao;Colisao lateral;Com Vitimas Feridas;Plena noite
877572;26/03/2011;Sabado;10:30:00;RJ;101;309.0;SAO GONCALO;Outras;Colisao lateral;Sem Vitimas;Pleno dia
877682;26/03/2011;Sabado;14:00:00;RJ;101;311.0;SAO GONCALO;Outras;Colisao lateral;Sem Vitimas;Pleno dia
878028;27/03/2011;Domingo;05:37:00;RJ;101;321.0;NITEROI;Outras;Capotamento;Com Vitimas Feridas;Pleno dia
878175;27/03/2011;Domingo;15:00:00;RJ;101;322.0;NITEROI;Outras;Colisao traseira;Sem Vitimas;Pleno dia
878244;25/03/2011;Sexta;11:00:00;RJ;101;319.0;NITEROI;Outras;Colisao traseira;Sem Vitimas;Pleno dia
878287;25/03/2011;Sexta;20:40:00;RJ;101;334.0;RIO DE JANEIRO;Outras;Colisao traseira;Sem Vitimas;Plena noite
878422;27/03/2011;Domingo;23:30:00;RJ;101;300.0;SAO GONCALO;Outras;Atropelamento de animal;Sem Vitimas;Plena noite
878659;10/01/2011;Segunda;08:00:00;RJ;101;307.0;SAO GONCALO;Outras;Colisao traseira;Com Vitimas Feridas;Pleno dia
878714;28/03/2011;Segunda;13:30:00;RJ;101;320.0;NITEROI;Outras;Colisao lateral;Sem Vitimas;Pleno dia
878760;28/03/2011;Segunda;10:00:00;RJ;101;327.0;RIO DE JANEIRO;Outras;Colisao com objeto movel;Sem Vitimas;Pleno dia
878773;28/03/2011;Segunda;16:01:00;RJ;101;320.0;NITEROI;Outras;Colisao traseira;Sem Vitimas;Pleno dia
878808;28/03/2011;Segunda;18:45:00;RJ;101;322.0;NITEROI;Outras;Colisao lateral;Sem Vitimas;Plena noite
879027;25/03/2011;Sexta;20:20:00;RJ;101;332.0;NITEROI;Outras;Colisao traseira;Com Vitimas Feridas;Anoitecer
879094;25/03/2011;Sexta;20:20:00;RJ;101;326.0;NITEROI;Outras;Colisao traseira;Sem Vitimas;Plena noite
879359;29/03/2011;Terca;17:40:00;RJ;101;321.0;NITEROI;Outras;Colisao traseira;Sem Vitimas;Pleno dia
879434;29/03/2011;Terca;19:30:00;RJ;101;324.0;NITEROI;Ultrapassagem indevida;Colisao lateral;Com Vitimas Feridas;Plena noite
879453;29/03/2011;Terca;22:20:00;RJ;101;322.0;NITEROI;Falta de atencao;Colisao lateral;Sem Vitimas;Plena noite
879494;29/03/2011;Terca;17:50:00;RJ;101;329.0;RIO DE JANEIRO;Outras;Colisao lateral;Com Vitimas Feridas;Anoitecer
879553;26/03/2011;Sabado;16:21:00;RJ;101;322.0;NITEROI;Falta de atencao;Colisao com objeto movel;Com Vitimas Feridas;Pleno dia
879818;30/03/2011;Quarta;09:00:00;RJ;101;322.0;NITEROI;Velocidade incompativel;Colisao traseira;Sem Vitimas;Pleno dia
879913;30/03/2011;Quarta;19:55:00;RJ;101;326.0;NITEROI;Outras;Colisao traseira;Sem Vitimas;Plena noite
879932;30/03/2011;Quarta;21:25:00;RJ;101;322.0;NITEROI;Nao guardar distancia de seguranca;Colisao traseira;Sem Vitimas;Plena noite
880057;31/03/2011;Quinta;05:20:00;RJ;101;320.0;NITEROI;Outras;Colisao frontal;Com Vitimas Feridas;Pleno dia
880349;28/03/2011;Segunda;13:40:00;RJ;101;317.0;SAO GONCALO;Outras;Colisao lateral;Com Vitimas Feridas;Pleno dia
880408;31/03/2011;Quinta;19:10:00;RJ;101;317.0;SAO GONCALO;Falta de atencao;Colisao traseira;Com Vitimas Feridas;Plena noite
880479;31/03/2011;Quinta;22:10:00;RJ;101;316.0;SAO GONCALO;Outras;Colisao com objeto movel;Sem Vitimas;Anoitecer
880517;01/04/2011;Sexta;01:05:00;RJ;101;306.0;SAO GONCALO;Outras;Saida de Pista;Com Vitimas Feridas;Plena noite
880682;01/04/2011;Sexta;07:20:00;RJ;101;319.0;SAO GONCALO;Outras;Colisao traseira;Sem Vitimas;Pleno dia
880731;01/04/2011;Sexta;11:12:00;RJ;101;318.0;SAO GONCALO;Falta de atencao;Colisao lateral;Sem Vitimas;Pleno dia
880766;30/03/2011;Quarta;03:30:00;RJ;101;316.0;SAO GONCALO;Nao guardar distancia de seguranca;Colisao traseira;Com Vitimas Feridas;Plena noite
880809;01/04/2011;Sexta;08:35:00;RJ;101;314.0;SAO GONCALO;Falta de atencao;Colisao traseira;Sem Vitimas;Pleno dia
881199;02/04/2011;Sabado;11:00:00;RJ;101;319.0;NITEROI;Nao guardar distancia de seguranca;Colisao traseira;Sem Vitimas;Pleno dia
881285;02/04/2011;Sabado;08:30:00;RJ;101;319.0;NITEROI;Nao guardar distancia de seguranca;Colisao traseira;Sem Vitimas;Pleno dia
881329;02/04/2011;Sabado;16:20:00;RJ;101;316.0;SAO GONCALO;Falta de atencao;Colisao traseira;Sem Vitimas;Pleno dia
881344;02/04/2011;Sabado;10:00:00;RJ;101;316.0;SAO GONCALO;Outras;Colisao lateral;Sem Vitimas;Pleno dia
881386;02/04/2011;Sabado;09:50:00;RJ;101;320.0;NITEROI;Nao guardar distancia de seguranca;Colisao traseira;Com Vitimas Feridas;Pleno dia
881524;03/04/2011;Domingo;02:55:00;RJ;101;323.0;NITEROI;Outras;Colisao traseira;Com Vitimas Feridas;Plena noite
881661;03/04/2011;Domingo;12:10:00;RJ;101;322.0;NITEROI;Outras;Colisao traseira;Sem Vitimas;Pleno dia
881684;01/04/2011;Sexta;19:20:00;RJ;101;321.0;NITEROI;Outras;Danos Eventuais;Sem Vitimas;Plena noite
881747;03/04/2011;Domingo;15:30:00;RJ;101;323.0;NITEROI;Outras;Danos Eventuais;Sem Vitimas;Pleno dia
881750;03/04/2011;Domingo;16:10:00;RJ;101;327.0;NITEROI;Outras;Colisao traseira;Sem Vitimas;Plena noite
881773;01/04/2011;Sexta;20:15:00;RJ;101;322.0;NITEROI;Outras;Danos Eventuais;Sem Vitimas;Plena noite
881805;01/04/2011;Sexta;20:15:00;RJ;101;330.0;RIO DE JANEIRO;Outras;Danos Eventuais;Sem Vitimas;Plena noite
881951;03/04/2011;Domingo;22:25:00;RJ;101;307.0;SAO GONCALO;Outras;Colisao lateral;Sem Vitimas;Plena noite
881953;01/04/2011;Sexta;16:20:00;RJ;101;327.0;NITEROI;Outras;Colisao traseira;Sem Vitimas;Pleno dia
881996;03/04/2011;Domingo;14:10:00;RJ;101;305.0;SAO GONCALO;Outras;Saida de Pista;Sem Vitimas;Pleno dia
882001;03/04/2011;Domingo;23:30:00;RJ;101;314.0;SAO GONCALO;Outras;Saida de Pista;Sem Vitimas;Plena noite
882171;04/04/2011;Segunda;12:10:00;RJ;101;318.0;NITEROI;Outras;Colisao traseira;Sem Vitimas;Pleno dia
882200;04/04/2011;Segunda;13:30:00;RJ;101;322.0;NITEROI;Outras;Incendio;Sem Vitimas;Pleno dia
882267;04/04/2011;Segunda;14:15:00;RJ;101;311.0;SAO GONCALO;Outras;Colisao traseira;Sem Vitimas;Pleno dia
882295;04/04/2011;Segunda;16:20:00;RJ;101;320.0;NITEROI;Outras;Colisao lateral;Sem Vitimas;Pleno dia
882566;01/04/2011;Sexta;15:40:00;RJ;101;321.0;NITEROI;Outras;Colisao traseira;Sem Vitimas;Pleno dia
882684;01/04/2011;Sexta;11:20:00;RJ;101;333.0;RIO DE JANEIRO;Outras;Colisao lateral;Sem Vitimas;Pleno dia
882717;01/04/2011;Sexta;17:30:00;RJ;101;332.0;NITEROI;Outras;Colisao traseira;Sem Vitimas;Pleno dia
882748;01/04/2011;Sexta;17:58:00;RJ;101;334.0;RIO DE JANEIRO;Outras;Colisao traseira;Sem Vitimas;Plena noite
882779;05/04/2011;Terca;17:40:00;RJ;101;324.0;NITEROI;Outras;Colisao traseira;Sem Vitimas;Pleno dia
882843;05/04/2011;Terca;19:00:00;RJ;101;300.0;SAO GONCALO;Outras;Colisao traseira;Sem Vitimas;Plena noite
882854;01/04/2011;Sexta;20:20:00;RJ;101;327.0;RIO DE JANEIRO;Falta de atencao;Colisao traseira;Sem Vitimas;Plena noite
882899;05/04/2011;Terca;20:00:00;RJ;101;321.0;NITEROI;Outras;Colisao traseira;Sem Vitimas;Plena noite
882982;05/04/2011;Terca;18:50:00;RJ;101;319.0;SAO GONCALO;Outras;Colisao traseira;Com Vitimas Feridas;Plena noite
883004;06/04/2011;Quarta;00:31:00;RJ;101;333.0;RIO DE JANEIRO;Desobediencia a sinalizacao;Colisao traseira;Sem Vitimas;Plena noite
883375;06/04/2011;Quarta;09:45:00;RJ;101;334.0;RIO DE JANEIRO;Nao guardar distancia de seguranca;Colisao traseira;Sem Vitimas;Pleno dia
883387;06/04/2011;Quarta;17:50:00;RJ;101;313.0;SAO GONCALO;Nao guardar distancia de seguranca;Colisao traseira;Com Vitimas Feridas;Anoitecer
883428;06/04/2011;Quarta;12:55:00;RJ;101;332.0;RIO DE JANEIRO;Falta de atencao;Colisao traseira;Sem Vitimas;Pleno dia
883638;07/04/2011;Quinta;07:10:00;RJ;101;327.5;RIO DE JANEIRO;Outras;Colisao traseira;Sem Vitimas;Pleno dia
883716;07/04/2011;Quinta;09:40:00;RJ;101;318.0;SAO GONCALO;Outras;Colisao lateral;Com Vitimas Feridas;Pleno dia
883733;07/04/2011;Quinta;11:00:00;RJ;101;322.1;RIO DE JANEIRO;Outras;Colisao lateral;Sem Vitimas;Pleno dia
883912;07/04/2011;Quinta;18:20:00;RJ;101;322.0;NITEROI;Outras;Colisao traseira;Sem Vitimas;Plena noite
884049;07/04/2011;Quinta;21:00:00;RJ;101;319.0;SAO GONCALO;Outras;Saida de Pista;Sem Vitimas;Plena noite
884057;05/04/2011;Terca;16:10:00;RJ;101;314.0;SAO GONCALO;Nao guardar distancia de seguranca;Colisao traseira;Sem Vitimas;Pleno dia
884287;05/04/2011;Terca;07:15:00;RJ;101;314.0;SAO GONCALO;Falta de atencao;Colisao traseira;Sem Vitimas;Pleno dia
884450;08/04/2011;Sexta;14:00:00;RJ;101;324.0;NITEROI;Outras;Colisao com objeto movel;Sem Vitimas;Plena noite
884497;08/04/2011;Sexta;15:30:00;RJ;101;323.0;NITEROI;Outras;Colisao lateral;Sem Vitimas;Pleno dia
884527;08/04/2011;Sexta;17:30:00;RJ;101;320.0;RIO DE JANEIRO;Outras;Colisao lateral;Sem Vitimas;Plena noite
884533;08/04/2011;Sexta;16:30:00;RJ;101;328.0;RIO DE JANEIRO;Outras;Colisao traseira;Sem Vitimas;Pleno dia
884612;08/04/2011;Sexta;20:30:00;RJ;101;320.0;NITEROI;Outras;Colisao traseira;Sem Vitimas;Plena noite
884637;08/04/2011;Sexta;21:00:00;RJ;101;334.0;RIO DE JANEIRO;Outras;Colisao com objeto movel;Sem Vitimas;Plena noite
884648;08/04/2011;Sexta;20:30:00;RJ;101;306.0;SAO GONCALO;Outras;Saida de Pista;Com Vitimas Feridas;Plena noite
884715;08/04/2011;Sexta;22:30:00;RJ;101;328.0;RIO DE JANEIRO;Outras;Colisao lateral;Sem Vitimas;Plena noite
884740;08/04/2011;Sexta;04:30:00;RJ;101;300.0;SAO GONCALO;Outras;Saida de Pista;Sem Vitimas;Plena noite
884838;09/04/2011;Sabado;06:40:00;RJ;101;323.0;NITEROI;Outras;Colisao traseira;Sem Vitimas;Amanhecer
884849;09/04/2011;Sabado;01:28:00;RJ;101;324.0;RIO DE JANEIRO;Outras;Colisao com objeto movel;Sem Vitimas;Plena noite
884892;09/04/2011;Sabado;07:45:00;RJ;101;319.0;SAO GONCALO;Outras;Saida de Pista;Com Vitimas Feridas;Pleno dia
885071;09/04/2011;Sabado;17:35:00;RJ;101;334.0;RIO DE JANEIRO;Outras;Colisao lateral;Sem Vitimas;Plena noite
885084;05/04/2011;Terca;07:35:00;RJ;101;310.0;SAO GONCALO;Nao guardar distancia de seguranca;Colisao traseira;Com Vitimas Feridas;Pleno dia
885133;09/04/2011;Sabado;20:00:00;RJ;101;315.0;SAO GONCALO;Outras;Saida de Pista;Sem Vitimas;Plena noite
885180;09/04/2011;Sabado;21:25:00;RJ;101;306.0;SAO GONCALO;Outras;Saida de Pista;Sem Vitimas;Plena noite
885200;09/04/2011;Sabado;16:20:00;RJ;101;322.0;NITEROI;Outras;Colisao lateral;Sem Vitimas;Pleno dia
885201;09/04/2011;Sabado;18:15:00;RJ;101;322.0;NITEROI;Outras;Colisao traseira;Sem Vitimas;Pleno dia
885419;06/04/2011;Quarta;22:55:00;RJ;101;321.0;NITEROI;Falta de atencao;Colisao traseira;Sem Vitimas;Plena noite
885425;06/04/2011;Quarta;17:30:00;RJ;101;310.0;SAO GONCALO;Outras;Colisao traseira;Sem Vitimas;Pleno dia
886188;11/04/2011;Segunda;19:40:00;RJ;101;334.0;RIO DE JANEIRO;Outras;Colisao lateral;Sem Vitimas;Plena noite
886360;08/04/2011;Sexta;17:30:00;RJ;101;328.0;RIO DE JANEIRO;Outras;Colisao traseira;Sem Vitimas;Pleno dia
886373;11/04/2011;Segunda;17:00:00;RJ;101;312.0;SAO GONCALO;Nao guardar distancia de seguranca;Colisao traseira;Sem Vitimas;Pleno dia
886374;08/04/2011;Sexta;17:55:00;RJ;101;325.0;NITEROI;Outras;Colisao traseira;Sem Vitimas;Pleno dia
886395;12/04/2011;Terca;07:40:00;RJ;101;326.0;NITEROI;Outras;Colisao traseira;Com Vitimas Feridas;Pleno dia
886573;12/04/2011;Terca;13:35:00;RJ;101;317.0;SAO GONCALO;Outras;Saida de Pista;Sem Vitimas;Pleno dia
886638;12/04/2011;Terca;07:10:00;RJ;101;313.0;SAO GONCALO;Outras;Colisao traseira;Sem Vitimas;Pleno dia
886643;12/04/2011;Terca;17:00:00;RJ;101;320.0;NITEROI;Outras;Colisao com objeto fixo;Sem Vitimas;Anoitecer
886667;12/04/2011;Terca;08:41:00;RJ;101;313.0;SAO GONCALO;Outras;Colisao lateral;Com Vitimas Feridas;Pleno dia
886791;12/04/2011;Terca;22:00:00;RJ;101;300.0;SAO GONCALO;Outras;Colisao traseira;Sem Vitimas;Plena noite
886802;12/04/2011;Terca;19:50:00;RJ;101;315.0;SAO GONCALO;Outras;Queda de motocicleta / bicicleta / veiculo;Com Vitimas Feridas;Plena noite
886845;12/04/2011;Terca;23:28:00;RJ;101;330.0;RIO DE JANEIRO;Outras;Colisao lateral;Sem Vitimas;Plena noite
886908;13/04/2011;Quarta;07:00:00;RJ;101;306.0;SAO GONCALO;Outras;Colisao traseira;Sem Vitimas;Amanhecer
887044;13/04/2011;Quarta;10:43:00;RJ;101;325.0;NITEROI;Outras;Colisao com objeto fixo;Sem Vitimas;Pleno dia
887072;13/04/2011;Quarta;07:55:00;RJ;101;324.0;NITEROI;Outras;Colisao lateral;Com Vitimas Feridas;Pleno dia
887146;13/04/2011;Quarta;10:40:00;RJ;101;326.0;NITEROI;Defeito mecanico em veiculo;Colisao com objeto movel;Com Vitimas Feridas;Pleno dia
887168;13/04/2011;Quarta;16:20:00;RJ;101;333.0;RIO DE JANEIRO;Outras;Colisao lateral;Sem Vitimas;Pleno dia
887197;13/04/2011;Quarta;08:05:00;RJ;101;320.0;NITEROI;Outras;Colisao traseira;Sem Vitimas;Pleno dia
887264;13/04/2011;Quarta;15:00:00;RJ;101;327.0;NITEROI;Outras;Colisao traseira;Com Vitimas Fatais;Pleno dia
887339;13/04/2011;Quarta;08:00:00;RJ;101;318.0;SAO GONCALO;Falta de atencao;Colisao traseira;Com Vitimas Feridas;Pleno dia
887351;13/04/2011;Quarta;20:20:00;RJ;101;301.0;SAO GONCALO;Falta de atencao;Atropelamento de pessoa;Com Vitimas Feridas;Plena noite
887355;13/04/2011;Quarta;18:10:00;RJ;101;322.0;NITEROI;Outras;Colisao traseira;Sem Vitimas;Pleno dia
887358;13/04/2011;Quarta;19:14:00;RJ;101;334.0;RIO DE JANEIRO;Outras;Colisao traseira;Sem Vitimas;Plena noite
887533;14/04/2011;Quinta;10:15:00;RJ;101;321.5;NITEROI;Outras;Colisao traseira;Sem Vitimas;Pleno dia
887595;14/04/2011;Quinta;08:08:00;RJ;101;320.0;NITEROI;Nao guardar distancia de seguranca;Colisao traseira;Sem Vitimas;Pleno dia
887681;06/04/2011;Quarta;22:00:00;RJ;101;316.0;SAO GONCALO;Outras;Colisao traseira;Sem Vitimas;Plena noite
887708;14/04/2011;Quinta;09:00:00;RJ;101;316.0;SAO GONCALO;Outras;Colisao traseira;Com Vitimas Feridas;Pleno dia
887718;14/04/2011;Quinta;08:20:00;RJ;101;314.0;SAO GONCALO;Falta de atencao;Colisao traseira;Com Vitimas Feridas;Pleno dia
887722;14/04/2011;Quinta;10:10:00;RJ;101;322.0;NITEROI;Outras;Colisao traseira;Sem Vitimas;Pleno dia
887743;14/04/2011;Quinta;15:40:00;RJ;101;303.0;SAO GONCALO;Outras;Saida de Pista;Sem Vitimas;Pleno dia
887790;14/04/2011;Quinta;18:30:00;RJ;101;326.0;NITEROI;Outras;Colisao traseira;Sem Vitimas;Plena noite
887889;14/04/2011;Quinta;17:00:00;RJ;101;334.0;NITEROI;Defeito mecanico em veiculo;Colisao com objeto movel;Sem Vitimas;Pleno dia
887936;14/04/2011;Quinta;21:45:00;RJ;101;326.0;NITEROI;Outras;Colisao traseira;Sem Vitimas;Plena noite
888006;11/04/2011;Segunda;20:00:00;RJ;101;319.0;NITEROI;Falta de atencao;Colisao traseira;Sem Vitimas;Plena noite
888451;15/04/2011;Sexta;22:30:00;RJ;101;320.0;SAO GONCALO;Outras;Colisao com objeto fixo;Sem Vitimas;Plena noite
888457;15/04/2011;Sexta;18:20:00;RJ;101;325.0;NITEROI;Outras;Colisao traseira;Sem Vitimas;Plena noite
888471;15/04/2011;Sexta;22:00:00;RJ;101;334.0;RIO DE JANEIRO;Outras;Colisao traseira;Sem Vitimas;Plena noite
888508;16/04/2011;Sabado;01:00:00;RJ;101;305.0;SAO GONCALO;Outras;Saida de Pista;Sem Vitimas;Plena noite
888549;16/04/2011;Sabado;03:50:00;RJ;101;299.5;SAO GONCALO;Outras;Capotamento;Com Vitimas Feridas;Plena noite
888558;16/04/2011;Sabado;04:55:00;RJ;101;326.0;NITEROI;Outras;Colisao lateral;Com Vitimas Feridas;Plena noite
888630;16/04/2011;Sabado;08:35:00;RJ;101;320.0;NITEROI;Outras;Colisao lateral;Com Vitimas Feridas;Pleno dia
888642;14/04/2011;Quinta;21:20:00;RJ;101;324.0;RIO DE JANEIRO;Nao guardar distancia de seguranca;Colisao lateral;Sem Vitimas;Plena noite
888688;16/04/2011;Sabado;11:50:00;RJ;101;334.0;RIO DE JANEIRO;Outras;Colisao lateral;Sem Vitimas;Pleno dia
888725;16/04/2011;Sabado;13:00:00;RJ;101;322.0;NITEROI;Outras;Colisao traseira;Com Vitimas Feridas;Pleno dia
888741;16/04/2011;Sabado;14:00:00;RJ;101;328.0;NITEROI;Nao guardar distancia de seguranca;Colisao traseira;Com Vitimas Feridas;Pleno dia
888976;17/04/2011;Domingo;02:20:00;RJ;101;322.0;NITEROI;Outras;Colisao com objeto movel;Sem Vitimas;Plena noite
888994;16/04/2011;Sabado;20:00:00;RJ;101;322.0;NITEROI;Outras;Colisao com objeto movel;Sem Vitimas;Plena noite
889272;15/04/2011;Sexta;14:00:00;RJ;101;319.0;NITEROI;Nao guardar distancia de seguranca;Colisao traseira;Sem Vitimas;Pleno dia
889287;17/04/2011;Domingo;19:20:00;RJ;101;322.0;NITEROI;Outras;Colisao traseira;Sem Vitimas;Plena noite
889410;18/04/2011;Segunda;01:30:00;RJ;101;306.0;SAO GONCALO;Ingestao de alcool;Colisao com objeto fixo;Sem Vitimas;Plena noite
889482;18/04/2011;Segunda;06:40:00;RJ;101;309.0;SAO GONCALO;Outras;Saida de Pista;Sem Vitimas;Pleno dia
889483;18/04/2011;Segunda;06:40:00;RJ;101;309.0;SAO GONCALO;Outras;Colisao traseira;Sem Vitimas;Pleno dia
889580;18/04/2011;Segunda;06:40:00;RJ;101;310.0;SAO GONCALO;Outras;Colisao traseira;Com Vitimas Feridas;Pleno dia
889583;18/04/2011;Segunda;09:30:00;RJ;101;328.0;RIO DE JANEIRO;Nao guardar distancia de seguranca;Colisao traseira;Sem Vitimas;Pleno dia
889665;15/04/2011;Sexta;07:00:00;RJ;101;325.0;NITEROI;Falta de atencao;Colisao traseira;Sem Vitimas;Amanhecer
889669;15/04/2011;Sexta;06:00:00;RJ;101;325.0;RIO DE JANEIRO;Defeito mecanico em veiculo;Colisao lateral;Com Vitimas Feridas;Amanhecer
889753;18/04/2011;Segunda;16:25:00;RJ;101;311.0;SAO GONCALO;Outras;Colisao traseira;Sem Vitimas;Pleno dia
889819;18/04/2011;Segunda;18:10:00;RJ;101;320.0;NITEROI;Nao guardar distancia de seguranca;Colisao traseira;Sem Vitimas;Anoitecer
889867;18/04/2011;Segunda;20:00:00;RJ;101;318.0;SAO GONCALO;Outras;Colisao lateral;Sem Vitimas;Plena noite
889935;18/04/2011;Segunda;09:00:00;RJ;101;332.0;RIO DE JANEIRO;Outras;Colisao lateral;Sem Vitimas;Pleno dia
890005;19/04/2011;Terca;06:10:00;RJ;101;321.8;NITEROI;Outras;Colisao traseira;Sem Vitimas;Amanhecer
890038;19/04/2011;Terca;08:15:00;RJ;101;324.8;NITEROI;Outras;Colisao traseira;Sem Vitimas;Pleno dia
890060;19/04/2011;Terca;08:40:00;RJ;101;320.0;NITEROI;Outras;Colisao traseira;Sem Vitimas;Pleno dia
890087;18/04/2011;Segunda;20:00:00;RJ;101;330.0;RIO DE JANEIRO;Falta de atencao;Colisao lateral;Sem Vitimas;Plena noite
890177;19/04/2011;Terca;13:50:00;RJ;101;322.0;NITEROI;Outras;Colisao lateral;Sem Vitimas;Pleno dia
892472;20/04/2011;Quarta;09:04:00;RJ;101;327.0;RIO DE JANEIRO;Outras;Colisao com objeto fixo;Sem Vitimas;Pleno dia
892578;20/04/2011;Quarta;09:00:00;RJ;101;321.0;NITEROI;Outras;Queda de motocicleta / bicicleta / veiculo;Com Vitimas Feridas;Pleno dia
892646;20/04/2011;Quarta;14:00:00;RJ;101;322.0;RIO DE JANEIRO;Outras;Colisao com objeto movel;Sem Vitimas;Plena noite
892746;20/04/2011;Quarta;16:30:00;RJ;101;308.0;SAO GONCALO;Outras;Colisao traseira;Sem Vitimas;Pleno dia
892760;20/04/2011;Quarta;16:40:00;RJ;101;322.5;NITEROI;Outras;Colisao lateral;Sem Vitimas;Plena noite
892775;20/04/2011;Quarta;16:10:00;RJ;101;308.0;SAO GONCALO;Nao guardar distancia de seguranca;Capotamento;Com Vitimas Feridas;Pleno dia
892931;20/04/2011;Quarta;21:20:00;RJ;101;321.0;NITEROI;Outras;Queda de motocicleta / bicicleta / veiculo;Com Vitimas Feridas;Plena noite
893008;20/04/2011;Quarta;23:30:00;RJ;101;334.0;RIO DE JANEIRO;Outras;Colisao lateral;Sem Vitimas;Plena noite
893117;21/04/2011;Quinta;05:00:00;RJ;101;324.0;RIO DE JANEIRO;Outras;Colisao lateral;Sem Vitimas;Amanhecer
893123;18/04/2011;Segunda;10:30:00;RJ;101;333.9;RIO DE JANEIRO;Outras;Colisao traseira;Sem Vitimas;Pleno dia
893136;19/04/2011;Terca;23:50:00;RJ;101;307.9;SAO GONCALO;Outras;Colisao traseira;Com Vitimas Feridas;Plena noite
893144;18/04/2011;Segunda;11:50:00;RJ;101;323.0;NITEROI;Outras;Colisao lateral;Sem Vitimas;Pleno dia
893166;18/04/2011;Segunda;18:45:00;RJ;101;329.5;RIO DE JANEIRO;Outras;Colisao traseira;Com Vitimas Feridas;Anoitecer
893171;21/04/2011;Quinta;07:30:00;RJ;101;329.0;NITEROI;Falta de atencao;Colisao traseira;Sem Vitimas;Pleno dia
893221;21/04/2011;Quinta;08:30:00;RJ;101;329.0;NITEROI;Falta de atencao;Colisao traseira;Sem Vitimas;Pleno dia
893295;21/04/2011;Quinta;06:50:00;RJ;101;332.0;RIO DE JANEIRO;Outras;Colisao traseira;Sem Vitimas;Amanhecer
893313;21/04/2011;Quinta;07:31:00;RJ;101;309.0;SAO GONCALO;Outras;Colisao traseira;Sem Vitimas;Pleno dia
893374;21/04/2011;Quinta;12:00:00;RJ;101;309.0;SAO GONCALO;Falta de atencao;Colisao traseira;Sem Vitimas;Pleno dia
893421;21/04/2011;Quinta;12:45:00;RJ;101;331.0;NITEROI;Falta de atencao;Colisao lateral;Com Vitimas Feridas;Pleno dia
893443;21/04/2011;Quinta;09:58:00;RJ;101;319.0;SAO GONCALO;Outras;Colisao traseira;Sem Vitimas;Pleno dia
893445;21/04/2011;Quinta;13:00:00;RJ;101;330.0;RIO DE JANEIRO;Outras;Colisao traseira;Sem Vitimas;Pleno dia
893472;20/04/2011;Quarta;21:10:00;RJ;101;305.0;SAO GONCALO;Outras;Atropelamento de pessoa;Com Vitimas Feridas;Plena noite
893547;21/04/2011;Quinta;13:25:00;RJ;101;331.0;RIO DE JANEIRO;Outras;Colisao traseira;Sem Vitimas;Pleno dia
893564;21/04/2011;Quinta;16:05:00;RJ;101;326.0;NITEROI;Outras;Colisao lateral;Sem Vitimas;Pleno dia
893613;21/04/2011;Quinta;17:20:00;RJ;101;322.0;NITEROI;Outras;Colisao traseira;Sem Vitimas;Anoitecer
894012;19/04/2011;Terca;02:30:00;RJ;101;309.0;SAO GONCALO;Outras;Colisao com objeto movel;Sem Vitimas;Plena noite
894048;18/04/2011;Segunda;09:40:00;RJ;101;322.0;NITEROI;Outras;Colisao lateral;Sem Vitimas;Pleno dia
894052;19/04/2011;Terca;18:50:00;RJ;101;330.2;RIO DE JANEIRO;Outras;Colisao lateral;Sem Vitimas;Plena noite
894394;22/04/2011;Sexta;22:30:00;RJ;101;319.0;NITEROI;Outras;Colisao lateral;Sem Vitimas;Plena noite
894462;23/04/2011;Sabado;06:00:00;RJ;101;322.0;NITEROI;Outras;Colisao lateral;Sem Vitimas;Amanhecer
894466;19/04/2011;Terca;17:43:00;RJ;101;318.0;SAO GONCALO;Falta de atencao;Colisao traseira;Sem Vitimas;Plena noite
894476;23/04/2011;Sabado;06:10:00;RJ;101;334.0;RIO DE JANEIRO;Outras;Colisao lateral;Sem Vitimas;Amanhecer
894482;23/04/2011;Sabado;04:50:00;RJ;101;334.0;NITEROI;Outras;Colisao com objeto fixo;Com Vitimas Feridas;Plena noite
894967;17/04/2011;Domingo;22:00:00;RJ;101;313.0;SAO GONCALO;Animais na Pista;Atropelamento de animal;Sem Vitimas;Plena noite
895347;24/04/2011;Domingo;14:30:00;RJ;101;324.0;NITEROI;Outras;Colisao com objeto movel;Sem Vitimas;Pleno dia
895404;24/04/2011;Domingo;16:00:00;RJ;101;323.0;NITEROI;Outras;Colisao com objeto movel;Sem Vitimas;Anoitecer
895473;24/04/2011;Domingo;17:33:00;RJ;101;322.0;NITEROI;Outras;Colisao Transversal;Sem Vitimas;Plena noite
895491;24/04/2011;Domingo;18:00:00;RJ;101;323.0;NITEROI;Outras;Colisao com objeto movel;Sem Vitimas;Anoitecer
895558;24/04/2011;Domingo;18:17:00;RJ;101;330.0;NITEROI;Outras;Colisao com objeto fixo;Sem Vitimas;Plena noite
895620;24/04/2011;Domingo;21:23:00;RJ;101;333.0;RIO DE JANEIRO;Outras;Colisao traseira;Sem Vitimas;Plena noite
895697;24/04/2011;Domingo;22:20:00;RJ;101;330.0;SAO GONCALO;Outras;Colisao traseira;Sem Vitimas;Plena noite
895847;25/04/2011;Segunda;05:40:00;RJ;101;319.0;NITEROI;Outras;Colisao traseira;Sem Vitimas;Pleno dia
895915;25/04/2011;Segunda;08:07:00;RJ;101;334.0;RIO DE JANEIRO;Falta de atencao;Colisao traseira;Sem Vitimas;Pleno dia
895980;25/04/2011;Segunda;09:30:00;RJ;101;318.0;SAO GONCALO;Outras;Colisao traseira;Sem Vitimas;Pleno dia
896049;25/04/2011;Segunda;08:30:00;RJ;101;330.0;RIO DE JANEIRO;Outras;Colisao traseira;Sem Vitimas;Pleno dia
896137;21/04/2011;Quinta;21:40:00;RJ;101;304.0;SAO GONCALO;Desobediencia a sinalizacao;Colisao frontal;Com Vitimas Feridas;Plena noite
896158;25/04/2011;Segunda;07:00:00;RJ;101;316.0;SAO GONCALO;Falta de atencao;Colisao traseira;Com Vitimas Feridas;Pleno dia
896245;25/04/2011;Segunda;13:10:00;RJ;101;319.0;SAO GONCALO;Outras;Colisao traseira;Sem Vitimas;Pleno dia
896253;25/04/2011;Segunda;13:20:00;RJ;101;319.0;NITEROI;Outras;Colisao traseira;Sem Vitimas;Pleno dia
896474;25/04/2011;Segunda;22:05:00;RJ;101;322.0;NITEROI;Outras;Colisao com objeto fixo;Sem Vitimas;Plena noite
896583;26/04/2011;Terca;02:30:00;RJ;101;322.0;NITEROI;Outras;Colisao com objeto fixo;Sem Vitimas;Plena noite
896687;26/04/2011;Terca;06:40:00;RJ;101;319.0;SAO GONCALO;Outras;Colisao traseira;Sem Vitimas;Pleno dia
896705;18/04/2011;Segunda;06:35:00;RJ;101;303.0;SAO GONCALO;Outras;Colisao lateral;Sem Vitimas;Pleno dia
896989;26/04/2011;Terca;17:10:00;RJ;101;331.0;RIO DE JANEIRO;Falta de atencao;Colisao traseira;Sem Vitimas;Anoitecer
897105;26/04/2011;Terca;20:40:00;RJ;101;320.0;NITEROI;Outras;Colisao lateral;Sem Vitimas;Plena noite
897110;26/04/2011;Terca;21:00:00;RJ;101;302.0;SAO GONCALO;Outras;Atropelamento de pessoa;Com Vitimas Fatais;Plena noite
897252;19/04/2011;Terca;20:10:00;RJ;101;322.0;NITEROI;Outras;Colisao traseira;Sem Vitimas;Plena noite
897255;27/04/2011;Quarta;07:30:00;RJ;101;327.0;RIO DE JANEIRO;Outras;Colisao traseira;Sem Vitimas;Pleno dia
897322;27/04/2011;Quarta;10:30:00;RJ;101;307.0;SAO GONCALO;Falta de atencao;Colisao traseira;Sem Vitimas;Pleno dia
897344;27/04/2011;Quarta;08:10:00;RJ;101;310.0;SAO GONCALO;Outras;Atropelamento de pessoa;Com Vitimas Fatais;Pleno dia
897350;27/04/2011;Quarta;11:20:00;RJ;101;308.0;SAO GONCALO;Nao guardar distancia de seguranca;Colisao traseira;Sem Vitimas;Pleno dia
897513;25/04/2011;Segunda;22:30:00;RJ;101;333.3;RIO DE JANEIRO;Outras;Colisao lateral;Sem Vitimas;Plena noite
897555;25/04/2011;Segunda;07:20:00;RJ;101;309.0;SAO GONCALO;Nao guardar distancia de seguranca;Colisao traseira;Sem Vitimas;Pleno dia
897596;25/04/2011;Segunda;08:40:00;RJ;101;318.0;SAO GONCALO;Falta de atencao;Colisao lateral;Com Vitimas Feridas;Pleno dia
897784;28/04/2011;Quinta;06:45:00;RJ;101;322.0;NITEROI;Outras;Colisao Transversal;Com Vitimas Feridas;Pleno dia
897942;24/04/2011;Domingo;23:40:00;RJ;101;303.0;SAO GONCALO;Outras;Capotamento;Com Vitimas Feridas;Plena noite
898159;28/04/2011;Quinta;22:00:00;RJ;101;321.0;NITEROI;Outras;Colisao com objeto movel;Sem Vitimas;Plena noite
898468;28/04/2011;Quinta;19:30:00;RJ;101;316.0;SAO GONCALO;Outras;Saida de Pista;Sem Vitimas;Plena noite
898505;29/04/2011;Sexta;14:40:00;RJ;101;322.0;NITEROI;Outras;Colisao traseira;Sem Vitimas;Pleno dia
898567;29/04/2011;Sexta;16:30:00;RJ;101;321.0;NITEROI;Falta de atencao;Colisao traseira;Sem Vitimas;Pleno dia
898670;29/04/2011;Sexta;19:37:00;RJ;101;322.0;NITEROI;Falta de atencao;Colisao traseira;Com Vitimas Feridas;Plena noite
898736;29/04/2011;Sexta;19:00:00;RJ;101;322.0;NITEROI;Falta de atencao;Colisao lateral;Sem Vitimas;Plena noite
898889;30/04/2011;Sabado;05:40:00;RJ;101;328.0;RIO DE JANEIRO;Outras;Capotamento;Sem Vitimas;Amanhecer
898913;30/04/2011;Sabado;08:00:00;RJ;101;322.0;NITEROI;Outras;Colisao traseira;Sem Vitimas;Pleno dia
898969;30/04/2011;Sabado;10:00:00;RJ;101;321.0;NITEROI;Defeito na via;Colisao lateral;Sem Vitimas;Pleno dia
899009;30/04/2011;Sabado;13:00:00;RJ;101;319.0;SAO GONCALO;Dormindo;Colisao lateral;Com Vitimas Feridas;Pleno dia
899496;01/05/2011;Domingo;16:50:00;RJ;101;323.0;NITEROI;Outras;Colisao lateral;Sem Vitimas;Pleno dia
899564;01/05/2011;Domingo;19:50:00;RJ;101;327.1;NITEROI;Outras;Colisao lateral;Sem Vitimas;Plena noite
899981;29/04/2011;Sexta;16:00:00;RJ;101;310.0;SAO GONCALO;Outras;Colisao traseira;Sem Vitimas;Pleno dia
899990;02/05/2011;Segunda;06:20:00;RJ;101;310.0;SAO GONCALO;Outras;Colisao lateral;Sem Vitimas;Pleno dia
900158;02/05/2011;Segunda;18:00:00;RJ;101;311.0;SAO GONCALO;Outras;Atropelamento de pessoa;Com Vitimas Fatais;Plena noite
900265;03/05/2011;Terca;06:08:00;RJ;101;318.0;SAO GONCALO;Falta de atencao;Colisao traseira;Sem Vitimas;Pleno dia
900307;06/01/2011;Quinta;15:45:00;RJ;101;329.5;NITEROI;Nao guardar distancia de seguranca;Colisao lateral;Sem Vitimas;Pleno dia
900362;03/05/2011;Terca;09:20:00;RJ;101;322.0;NITEROI;Nao guardar distancia de seguranca;Colisao traseira;Com Vitimas Feridas;Pleno dia
900521;03/05/2011;Terca;14:20:00;RJ;101;321.0;NITEROI;Outras;Colisao traseira;Sem Vitimas;Pleno dia
900625;03/05/2011;Terca;17:45:00;RJ;101;322.0;NITEROI;Nao guardar distancia de seguranca;Colisao lateral;Sem Vitimas;Plena noite
900707;29/04/2011;Sexta;22:10:00;RJ;101;322.0;NITEROI;Nao guardar distancia de seguranca;Colisao traseira;Sem Vitimas;Plena noite
900870;04/05/2011;Quarta;02:45:00;RJ;101;323.0;NITEROI;Outras;Colisao lateral;Com Vitimas Feridas;Plena noite
900971;03/05/2011;Terca;07:15:00;RJ;101;316.0;SAO GONCALO;Outras;Colisao traseira;Sem Vitimas;Pleno dia
901035;29/04/2011;Sexta;17:11:00;RJ;101;322.0;NITEROI;Outras;Colisao traseira;Sem Vitimas;Pleno dia
901038;29/04/2011;Sexta;16:30:00;RJ;101;322.0;NITEROI;Falta de atencao;Colisao com objeto fixo;Sem Vitimas;Pleno dia
901081;04/05/2011;Quarta;12:50:00;RJ;101;333.0;RIO DE JANEIRO;Velocidade incompativel;Tombamento;Sem Vitimas;Pleno dia
901085;04/05/2011;Quarta;10:20:00;RJ;101;322.0;NITEROI;Outras;Colisao lateral;Sem Vitimas;Pleno dia
901324;04/05/2011;Quarta;20:00:00;RJ;101;322.0;NITEROI;Outras;Colisao traseira;Sem Vitimas;Plena noite
901401;05/05/2011;Quinta;01:40:00;RJ;101;333.0;RIO DE JANEIRO;Nao guardar distancia de seguranca;Colisao traseira;Sem Vitimas;Plena noite
901438;02/05/2011;Segunda;00:11:00;RJ;101;318.0;NITEROI;Outras;Colisao com objeto fixo;Sem Vitimas;Plena noite
901446;15/04/2011;Sexta;09:20:00;RJ;101;329.0;RIO DE JANEIRO;Outras;Queda de motocicleta / bicicleta / veiculo;Sem Vitimas;Pleno dia
901534;05/05/2011;Quinta;02:23:00;RJ;101;322.0;NITEROI;Ingestao de alcool;Colisao lateral;Sem Vitimas;Plena noite
901775;06/05/2011;Sexta;06:50:00;RJ;101;333.0;RIO DE JANEIRO;Outras;Colisao traseira;Com Vitimas Feridas;Pleno dia
901804;05/05/2011;Quinta;18:25:00;RJ;101;323.0;NITEROI;Defeito mecanico em veiculo;Colisao com objeto movel;Com Vitimas Feridas;Plena noite
901806;05/05/2011;Quinta;12:00:00;RJ;101;324.0;NITEROI;Falta de atencao;Colisao lateral;Sem Vitimas;Pleno dia
901851;06/05/2011;Sexta;07:00:00;RJ;101;316.0;SAO GONCALO;Outras;Saida de Pista;Sem Vitimas;Pleno dia
901864;06/05/2011;Sexta;11:30:00;RJ;101;334.0;RIO DE JANEIRO;Outras;Colisao traseira;Sem Vitimas;Pleno dia
901879;06/05/2011;Sexta;13:30:00;RJ;101;319.0;SAO GONCALO;Outras;Colisao traseira;Sem Vitimas;Pleno dia
901925;06/05/2011;Sexta;12:20:00;RJ;101;300.0;SAO GONCALO;Outras;Colisao lateral;Sem Vitimas;Pleno dia
902045;06/05/2011;Sexta;04:30:00;RJ;101;309.0;SAO GONCALO;Outras;Colisao lateral;Com Vitimas Feridas;Plena noite
902059;06/05/2011;Sexta;18:10:00;RJ;101;328.0;RIO DE JANEIRO;Outras;Colisao lateral;Sem Vitimas;Plena noite
902088;06/05/2011;Sexta;19:50:00;RJ;101;322.0;NITEROI;Outras;Colisao lateral;Sem Vitimas;Plena noite
902134;06/05/2011;Sexta;19:40:00;RJ;101;321.0;NITEROI;Outras;Colisao traseira;Sem Vitimas;Plena noite
902257;06/05/2011;Sexta;23:40:00;RJ;101;331.0;RIO DE JANEIRO;Outras;Colisao lateral;Sem Vitimas;Plena noite
902399;07/05/2011;Sabado;04:30:00;RJ;101;329.0;RIO DE JANEIRO;Outras;Capotamento;Com Vitimas Fatais;Plena noite
902410;07/05/2011;Sabado;07:40:00;RJ;101;328.0;NITEROI;Nao guardar distancia de seguranca;Colisao traseira;Sem Vitimas;Pleno dia
902565;05/05/2011;Quinta;18:30:00;RJ;101;322.0;NITEROI;Outras;Colisao lateral;Sem Vitimas;Plena noite
902574;07/05/2011;Sabado;14:50:00;RJ;101;322.0;NITEROI;Nao guardar distancia de seguranca;Colisao traseira;Sem Vitimas;Pleno dia
902576;07/05/2011;Sabado;10:15:00;RJ;101;322.0;NITEROI;Outras;Colisao traseira;Sem Vitimas;Pleno dia
902578;07/05/2011;Sabado;12:35:00;RJ;101;327.0;NITEROI;Outras;Colisao lateral;Sem Vitimas;Pleno dia
902668;07/05/2011;Sabado;16:45:00;RJ;101;331.0;RIO DE JANEIRO;Outras;Colisao traseira;Sem Vitimas;Pleno dia
902728;07/05/2011;Sabado;19:45:00;RJ;101;322.0;NITEROI;Outras;Colisao lateral;Sem Vitimas;Plena noite
902779;07/05/2011;Sabado;20:50:00;RJ;101;330.0;RIO DE JANEIRO;Outras;Colisao lateral;Sem Vitimas;Plena noite
902858;08/05/2011;Domingo;00:15:00;RJ;101;321.0;NITEROI;Outras;Colisao lateral;Sem Vitimas;Plena noite
902927;08/05/2011;Domingo;04:50:00;RJ;101;312.0;SAO GONCALO;Dormindo;Saida de Pista;Sem Vitimas;Plena noite
902944;08/05/2011;Domingo;05:30:00;RJ;101;321.0;NITEROI;Outras;Saida de Pista;Sem Vitimas;Amanhecer
903018;08/05/2011;Domingo;01:20:00;RJ;101;307.0;SAO GONCALO;Outras;Colisao traseira;Sem Vitimas;Plena noite
903075;08/05/2011;Domingo;06:00:00;RJ;101;334.0;RIO DE JANEIRO;Outras;Colisao com objeto fixo;Com Vitimas Feridas;Amanhecer
903085;08/05/2011;Domingo;06:25:00;RJ;101;329.0;NITEROI;Outras;Capotamento;Com Vitimas Feridas;Pleno dia
903241;08/05/2011;Domingo;18:40:00;RJ;101;319.0;SAO GONCALO;Outras;Colisao lateral;Com Vitimas Feridas;Plena noite
903281;08/05/2011;Domingo;19:45:00;RJ;101;333.0;RIO DE JANEIRO;Nao guardar distancia de seguranca;Colisao traseira;Sem Vitimas;Plena noite
903352;08/05/2011;Domingo;21:10:00;RJ;101;299.0;SAO GONCALO;Outras;Atropelamento de pessoa;Com Vitimas Fatais;Plena noite
903474;05/05/2011;Quinta;18:40:00;RJ;101;322.0;NITEROI;Outras;Colisao traseira;Sem Vitimas;Plena noite
903624;05/05/2011;Quinta;18:30:00;RJ;101;321.0;NITEROI;Outras;Colisao traseira;Sem Vitimas;Anoitecer
903756;07/05/2011;Sabado;14:45:00;RJ;101;309.0;SAO GONCALO;Defeito mecanico em veiculo;Queda de motocicleta / bicicleta / veiculo;Com Vitimas Feridas;Pleno dia
903772;09/05/2011;Segunda;16:00:00;RJ;101;306.0;SAO GONCALO;Nao guardar distancia de seguranca;Colisao traseira;Sem Vitimas;Pleno dia
903801;05/05/2011;Quinta;07:15:00;RJ;101;318.0;NITEROI;Outras;Queda de motocicleta / bicicleta / veiculo;Com Vitimas Feridas;Pleno dia
903819;09/05/2011;Segunda;08:38:00;RJ;101;320.0;NITEROI;Outras;Colisao lateral;Sem Vitimas;Pleno dia
903830;09/05/2011;Segunda;17:10:00;RJ;101;322.0;NITEROI;Outras;Colisao traseira;Sem Vitimas;Anoitecer
903870;09/05/2011;Segunda;11:30:00;RJ;101;323.0;NITEROI;Outras;Colisao lateral;Sem Vitimas;Pleno dia
903949;09/05/2011;Segunda;16:52:00;RJ;101;322.0;NITEROI;Outras;Colisao traseira;Com Vitimas Feridas;Pleno dia
904008;09/05/2011;Segunda;16:33:00;RJ;101;313.0;SAO GONCALO;Outras;Saida de Pista;Sem Vitimas;Pleno dia
904029;10/03/2011;Quinta;08:05:00;RJ;101;307.0;SAO GONCALO;Falta de atencao;Colisao traseira;Sem Vitimas;Pleno dia
904067;09/05/2011;Segunda;18:00:00;RJ;101;321.0;NITEROI;Nao guardar distancia de seguranca;Colisao traseira;Sem Vitimas;Anoitecer
904081;09/05/2011;Segunda;13:00:00;RJ;101;306.0;SAO GONCALO;Nao guardar distancia de seguranca;Colisao traseira;Com Vitimas Feridas;Pleno dia
904168;10/05/2011;Terca;05:50:00;RJ;101;330.0;NITEROI;Outras;Colisao traseira;Com Vitimas Feridas;Amanhecer
904190;09/05/2011;Segunda;05:00:00;RJ;101;321.0;NITEROI;Velocidade incompativel;Colisao com objeto fixo;Com Vitimas Feridas;Amanhecer
904304;06/05/2011;Sexta;21:30:00;RJ;101;322.0;NITEROI;Outras;Colisao traseira;Com Vitimas Feridas;Plena noite
904338;10/05/2011;Terca;13:20:00;RJ;101;333.0;RIO DE JANEIRO;Outras;Colisao traseira;Sem Vitimas;Pleno dia
904371;10/05/2011;Terca;14:40:00;RJ;101;322.0;NITEROI;Outras;Colisao traseira;Sem Vitimas;Pleno dia
904394;10/05/2011;Terca;14:35:00;RJ;101;322.0;NITEROI;Outras;Colisao lateral;Sem Vitimas;Pleno dia
904528;10/05/2011;Terca;18:00:00;RJ;101;321.0;NITEROI;Outras;Colisao traseira;Sem Vitimas;Plena noite
904606;10/05/2011;Terca;19:15:00;RJ;101;322.0;NITEROI;Outras;Colisao lateral;Sem Vitimas;Plena noite
904713;10/05/2011;Terca;22:45:00;RJ;101;334.0;RIO DE JANEIRO;Outras;Colisao traseira;Sem Vitimas;Plena noite
904823;11/05/2011;Quarta;08:14:00;RJ;101;322.0;NITEROI;Outras;Colisao com objeto fixo;Sem Vitimas;Pleno dia
904836;11/05/2011;Quarta;06:15:00;RJ;101;306.0;SAO GONCALO;Outras;Colisao com objeto movel;Sem Vitimas;Pleno dia
905240;11/05/2011;Quarta;19:55:00;RJ;101;321.0;NITEROI;Outras;Atropelamento de pessoa;Com Vitimas Feridas;Anoitecer
905329;09/05/2011;Segunda;03:45:00;RJ;101;329.0;RIO DE JANEIRO;Outras;Queda de motocicleta / bicicleta / veiculo;Com Vitimas Fatais;Plena noite
905343;11/05/2011;Quarta;08:00:00;RJ;101;313.0;SAO GONCALO;Nao guardar distancia de seguranca;Colisao traseira;Sem Vitimas;Pleno dia
905408;09/05/2011;Segunda;03:30:00;RJ;101;322.0;NITEROI;Outras;Colisao com objeto fixo;Sem Vitimas;Plena noite
905477;12/05/2011;Quinta;09:25:00;RJ;101;333.0;RIO DE JANEIRO;Outras;Colisao traseira;Sem Vitimas;Pleno dia
905647;12/05/2011;Quinta;18:06:00;RJ;101;324.0;NITEROI;Defeito mecanico em veiculo;Colisao com objeto fixo;Sem Vitimas;Anoitecer
905681;12/05/2011;Quinta;18:15:00;RJ;101;318.0;SAO GONCALO;Nao guardar distancia de seguranca;Colisao traseira;Com Vitimas Feridas;Plena noite
905745;12/05/2011;Quinta;20:50:00;RJ;101;301.0;SAO GONCALO;Outras;Colisao traseira;Sem Vitimas;Plena noite
905746;12/05/2011;Quinta;18:00:00;RJ;101;322.0;NITEROI;Nao guardar distancia de seguranca;Colisao traseira;Sem Vitimas;Plena noite
905756;12/05/2011;Quinta;20:00:00;RJ;101;322.0;NITEROI;Falta de atencao;Colisao lateral;Sem Vitimas;Plena noite
905958;13/05/2011;Sexta;06:00:00;RJ;101;318.0;SAO GONCALO;Falta de atencao;Colisao lateral;Sem Vitimas;Amanhecer
905961;13/05/2011;Sexta;09:15:00;RJ;101;316.0;SAO GONCALO;Falta de atencao;Colisao lateral;Sem Vitimas;Pleno dia
905968;13/05/2011;Sexta;03:19:00;RJ;101;313.0;SAO GONCALO;Falta de atencao;Colisao traseira;Sem Vitimas;Plena noite
906073;13/05/2011;Sexta;11:40:00;RJ;101;322.0;NITEROI;Outras;Colisao traseira;Sem Vitimas;Pleno dia
906203;13/05/2011;Sexta;19:50:00;RJ;101;309.0;SAO GONCALO;Outras;Saida de Pista;Sem Vitimas;Plena noite
906214;13/05/2011;Sexta;19:50:00;RJ;101;322.1;NITEROI;Outras;Colisao lateral;Sem Vitimas;Anoitecer
906219;13/05/2011;Sexta;15:17:00;RJ;101;319.0;SAO GONCALO;Outras;Colisao traseira;Sem Vitimas;Pleno dia
906223;13/05/2011;Sexta;19:30:00;RJ;101;322.0;NITEROI;Outras;Colisao traseira;Sem Vitimas;Plena noite
906237;13/05/2011;Sexta;17:40:00;RJ;101;330.0;RIO DE JANEIRO;Outras;Colisao lateral;Sem Vitimas;Plena noite
906253;13/05/2011;Sexta;19:00:00;RJ;101;322.0;NITEROI;Outras;Colisao lateral;Sem Vitimas;Plena noite
906264;13/05/2011;Sexta;19:10:00;RJ;101;318.0;NITEROI;Outras;Colisao traseira;Sem Vitimas;Plena noite
906339;14/05/2011;Sabado;04:00:00;RJ;101;322.0;NITEROI;Outras;Colisao lateral;Sem Vitimas;Plena noite
906419;14/05/2011;Sabado;08:20:00;RJ;101;303.0;SAO GONCALO;Outras;Colisao lateral;Sem Vitimas;Pleno dia
906428;14/05/2011;Sabado;08:30:00;RJ;101;328.0;RIO DE JANEIRO;Outras;Atropelamento de pessoa;Com Vitimas Feridas;Pleno dia
906763;15/05/2011;Domingo;01:30:00;RJ;101;321.0;NITEROI;Outras;Tombamento;Sem Vitimas;Plena noite
906893;15/05/2011;Domingo;06:00:00;RJ;101;318.0;SAO GONCALO;Outras;Colisao frontal;Sem Vitimas;Amanhecer
906915;15/05/2011;Domingo;09:08:00;RJ;101;322.0;NITEROI;Falta de atencao;Colisao com objeto fixo;Sem Vitimas;Pleno dia
906948;15/05/2011;Domingo;11:30:00;RJ;101;312.0;SAO GONCALO;Outras;Colisao com bicicleta;Sem Vitimas;Pleno dia
906961;15/05/2011;Domingo;12:00:00;RJ;101;319.0;SAO GONCALO;Outras;Colisao lateral;Sem Vitimas;Pleno dia
907223;16/05/2011;Segunda;00:05:00;RJ;101;322.0;NITEROI;Velocidade incompativel;Colisao com objeto fixo;Ignorado;Plena noite
907277;16/05/2011;Segunda;04:45:00;RJ;101;310.0;SAO GONCALO;Outras;Colisao com objeto fixo;Com Vitimas Feridas;Plena noite
907323;16/05/2011;Segunda;07:00:00;RJ;101;316.0;SAO GONCALO;Falta de atencao;Colisao lateral;Sem Vitimas;Pleno dia
907587;16/05/2011;Segunda;16:10:00;RJ;101;322.0;NITEROI;Falta de atencao;Colisao traseira;Sem Vitimas;Pleno dia
907756;15/05/2011;Domingo;20:50:00;RJ;101;309.0;SAO GONCALO;Outras;Colisao com objeto fixo;Com Vitimas Feridas;Plena noite
907888;14/05/2011;Sabado;01:02:00;RJ;101;321.0;NITEROI;Outras;Colisao com objeto fixo;Com Vitimas Feridas;Plena noite
907970;17/05/2011;Terca;08:55:00;RJ;101;322.0;RIO DE JANEIRO;Outras;Colisao traseira;Sem Vitimas;Pleno dia
908047;05/05/2011;Quinta;15:38:00;RJ;101;333.0;RIO DE JANEIRO;Outras;Queda de motocicleta / bicicleta / veiculo;Com Vitimas Feridas;Pleno dia
908133;17/05/2011;Terca;07:58:00;RJ;101;334.0;RIO DE JANEIRO;Outras;Colisao lateral;Sem Vitimas;Pleno dia
908157;17/05/2011;Terca;11:43:00;RJ;101;325.0;NITEROI;Outras;Colisao traseira;Sem Vitimas;Plena noite
908334;17/05/2011;Terca;21:00:00;RJ;101;322.0;NITEROI;Outras;Colisao lateral;Sem Vitimas;Plena noite
908371;17/05/2011;Terca;22:20:00;RJ;101;306.0;SAO GONCALO;Falta de atencao;Colisao lateral;Sem Vitimas;Plena noite
908458;14/05/2011;Sabado;10:35:00;RJ;101;326.0;NITEROI;Outras;Queda de motocicleta / bicicleta / veiculo;Com Vitimas Feridas;Pleno dia
908588;17/05/2011;Terca;22:30:00;RJ;101;331.0;RIO DE JANEIRO;Outras;Colisao traseira;Sem Vitimas;Plena noite
908604;18/05/2011;Quarta;10:40:00;RJ;101;329.0;RIO DE JANEIRO;Outras;Colisao traseira;Com Vitimas Feridas;Pleno dia
908643;18/05/2011;Quarta;12:10:00;RJ;101;321.0;NITEROI;Outras;Colisao traseira;Sem Vitimas;Plena noite
908827;18/05/2011;Quarta;17:48:00;RJ;101;322.0;NITEROI;Outras;Colisao traseira;Sem Vitimas;Plena noite
908868;18/05/2011;Quarta;19:05:00;RJ;101;327.0;NITEROI;Outras;Colisao traseira;Sem Vitimas;Plena noite
909081;16/05/2011;Segunda;05:08:00;RJ;101;300.0;SAO GONCALO;Falta de atencao;Colisao com objeto fixo;Sem Vitimas;Amanhecer
909136;19/05/2011;Quinta;08:30:00;RJ;101;325.0;NITEROI;Outras;Colisao traseira;Com Vitimas Feridas;Pleno dia
909167;15/05/2011;Domingo;19:00:00;RJ;101;319.0;SAO GONCALO;Outras;Colisao traseira;Sem Vitimas;Plena noite
909495;19/05/2011;Quinta;20:20:00;RJ;101;330.0;RIO DE JANEIRO;Outras;Colisao com objeto fixo;Sem Vitimas;Pleno dia
909606;19/05/2011;Quinta;20:44:00;RJ;101;332.0;RIO DE JANEIRO;Outras;Colisao lateral;Com Vitimas Feridas;Plena noite
909650;20/05/2011;Sexta;04:50:00;RJ;101;320.0;NITEROI;Outras;Colisao com objeto fixo;Sem Vitimas;Plena noite
909682;20/05/2011;Sexta;06:38:00;RJ;101;304.0;SAO GONCALO;Desobediencia a sinalizacao;Colisao com bicicleta;Sem Vitimas;Pleno dia
909738;16/05/2011;Segunda;15:00:00;RJ;101;319.0;SAO GONCALO;Nao guardar distancia de seguranca;Colisao traseira;Sem Vitimas;Pleno dia
909762;20/05/2011;Sexta;10:00:00;RJ;101;318.0;SAO GONCALO;Ultrapassagem indevida;Saida de Pista;Sem Vitimas;Pleno dia
909890;20/05/2011;Sexta;14:30:00;RJ;101;321.0;NITEROI;Outras;Colisao traseira;Sem Vitimas;Pleno dia
909906;20/05/2011;Sexta;00:10:00;RJ;101;314.0;SAO GONCALO;Animais na Pista;Atropelamento de animal;Sem Vitimas;Plena noite
909919;20/05/2011;Sexta;15:30:00;RJ;101;312.0;SAO GONCALO;Defeito mecanico em veiculo;Saida de Pista;Com Vitimas Feridas;Pleno dia
910063;20/05/2011;Sexta;19:00:00;RJ;101;320.0;NITEROI;Nao guardar distancia de seguranca;Colisao traseira;Sem Vitimas;Plena noite
910094;20/05/2011;Sexta;19:30:00;RJ;101;319.0;SAO GONCALO;Outras;Atropelamento de pessoa;Com Vitimas Feridas;Plena noite
910153;21/05/2011;Sabado;01:00:00;RJ;101;316.0;SAO GONCALO;Outras;Queda de motocicleta / bicicleta / veiculo;Com Vitimas Feridas;Plena noite
910227;18/05/2011;Quarta;04:10:00;RJ;101;322.0;NITEROI;Velocidade incompativel;Colisao com objeto fixo;Sem Vitimas;Plena noite
910308;21/05/2011;Sabado;09:30:00;RJ;101;300.0;SAO GONCALO;Outras;Colisao com objeto movel;Sem Vitimas;Pleno dia
910396;21/05/2011;Sabado;13:00:00;RJ;101;322.0;NITEROI;Outras;Colisao traseira;Sem Vitimas;Pleno dia
910534;21/05/2011;Sabado;15:22:00;RJ;101;304.0;SAO GONCALO;Outras;Atropelamento de pessoa;Com Vitimas Feridas;Pleno dia
910563;21/05/2011;Sabado;18:00:00;RJ;101;316.0;SAO GONCALO;Falta de atencao;Saida de Pista;Com Vitimas Feridas;Plena noite
910622;21/05/2011;Sabado;22:10:00;RJ;101;320.0;NITEROI;Outras;Colisao traseira;Sem Vitimas;Plena noite
910630;21/05/2011;Sabado;14:22:00;RJ;101;308.0;SAO GONCALO;Outras;Colisao traseira;Sem Vitimas;Pleno dia
910660;21/05/2011;Sabado;23:40:00;RJ;101;322.0;NITEROI;Outras;Colisao com objeto fixo;Sem Vitimas;Plena noite
910665;21/05/2011;Sabado;23:00:00;RJ;101;322.0;RIO DE JANEIRO;Outras;Colisao lateral;Com Vitimas Feridas;Plena noite
910667;21/05/2011;Sabado;19:30:00;RJ;101;313.0;SAO GONCALO;Defeito mecanico em veiculo;Colisao com objeto movel;Sem Vitimas;Plena noite
910788;22/05/2011;Domingo;07:09:00;RJ;101;333.3;RIO DE JANEIRO;Outras;Colisao traseira;Sem Vitimas;Pleno dia
911045;22/05/2011;Domingo;18:30:00;RJ;101;317.0;SAO GONCALO;Outras;Colisao traseira;Sem Vitimas;Plena noite
911157;22/05/2011;Domingo;23:30:00;RJ;101;330.0;RIO DE JANEIRO;Outras;Colisao com objeto movel;Sem Vitimas;Plena noite
911310;23/05/2011;Segunda;08:30:00;RJ;101;320.0;NITEROI;Outras;Colisao traseira;Sem Vitimas;Pleno dia
911394;19/05/2011;Quinta;11:20:00;RJ;101;323.0;NITEROI;Falta de atencao;Colisao lateral;Sem Vitimas;Pleno dia
911418;23/05/2011;Segunda;11:50:00;RJ;101;320.4;NITEROI;Falta de atencao;Colisao traseira;Com Vitimas Feridas;Pleno dia
911580;23/05/2011;Segunda;08:35:00;RJ;101;319.0;SAO GONCALO;Falta de atencao;Colisao traseira;Sem Vitimas;Pleno dia
911583;23/05/2011;Segunda;05:30:00;RJ;101;316.0;SAO GONCALO;Defeito mecanico em veiculo;Incendio;Sem Vitimas;Pleno dia
911605;23/05/2011;Segunda;18:40:00;RJ;101;322.0;NITEROI;Outras;Colisao lateral;Sem Vitimas;Anoitecer
911608;23/05/2011;Segunda;19:00:00;RJ;101;322.0;NITEROI;Outras;Colisao traseira;Sem Vitimas;Plena noite
911643;23/05/2011;Segunda;19:00:00;RJ;101;321.0;NITEROI;Outras;Colisao lateral;Sem Vitimas;Plena noite
911680;23/05/2011;Segunda;20:40:00;RJ;101;312.0;SAO GONCALO;Defeito mecanico em veiculo;Queda de motocicleta / bicicleta / veiculo;Com Vitimas Feridas;Plena noite
911754;23/05/2011;Segunda;22:45:00;RJ;101;320.0;NITEROI;Outras;Derramamento de Carga;Sem Vitimas;Plena noite
911934;24/05/2011;Terca;09:29:00;RJ;101;334.0;RIO DE JANEIRO;Outras;Colisao traseira;Sem Vitimas;Anoitecer
911957;24/05/2011;Terca;09:26:00;RJ;101;321.0;NITEROI;Outras;Colisao traseira;Com Vitimas Feridas;Pleno dia
912064;24/05/2011;Terca;07:40:00;RJ;101;317.0;SAO GONCALO;Outras;Colisao traseira;Sem Vitimas;Pleno dia
912233;24/05/2011;Terca;19:20:00;RJ;101;325.0;NITEROI;Outras;Colisao traseira;Sem Vitimas;Plena noite
912441;25/05/2011;Quarta;08:40:00;RJ;101;323.0;NITEROI;Outras;Colisao traseira;Sem Vitimas;Pleno dia
912496;25/05/2011;Quarta;11:00:00;RJ;101;327.0;NITEROI;Outras;Colisao lateral;Sem Vitimas;Pleno dia
912539;25/05/2011;Quarta;13:30:00;RJ;101;334.0;RIO DE JANEIRO;Falta de atencao;Colisao lateral;Sem Vitimas;Pleno dia
912718;25/05/2011;Quarta;20:06:00;RJ;101;318.0;NITEROI;Outras;Colisao traseira;Sem Vitimas;Plena noite
912920;26/05/2011;Quinta;07:00:00;RJ;101;334.0;RIO DE JANEIRO;Outras;Colisao lateral;Sem Vitimas;Pleno dia
912939;26/05/2011;Quinta;07:40:00;RJ;101;319.0;SAO GONCALO;Outras;Colisao traseira;Com Vitimas Feridas;Pleno dia
913024;26/05/2011;Quinta;12:00:00;RJ;101;322.0;NITEROI;Outras;Colisao com objeto fixo;Sem Vitimas;Pleno dia
913156;26/05/2011;Quinta;16:40:00;RJ;101;321.0;NITEROI;Outras;Colisao lateral;Sem Vitimas;Anoitecer
913161;26/05/2011;Quinta;18:00:00;RJ;101;322.0;NITEROI;Outras;Colisao lateral;Sem Vitimas;Plena noite
913208;26/05/2011;Quinta;18:30:00;RJ;101;322.0;NITEROI;Outras;Colisao traseira;Sem Vitimas;Plena noite
913397;27/05/2011;Sexta;04:50:00;RJ;101;313.0;SAO GONCALO;Outras;Saida de Pista;Sem Vitimas;Amanhecer
913424;27/05/2011;Sexta;05:40:00;RJ;101;316.0;SAO GONCALO;Outras;Saida de Pista;Sem Vitimas;Amanhecer
913431;27/05/2011;Sexta;06:10:00;RJ;101;321.0;NITEROI;Outras;Colisao traseira;Sem Vitimas;Pleno dia
913540;27/05/2011;Sexta;11:45:00;RJ;101;320.0;NITEROI;Outras;Atropelamento de pessoa;Com Vitimas Feridas;Pleno dia
913554;27/05/2011;Sexta;12:50:00;RJ;101;322.0;NITEROI;Outras;Colisao lateral;Sem Vitimas;Pleno dia
913561;27/05/2011;Sexta;08:20:00;RJ;101;319.0;SAO GONCALO;Outras;Colisao lateral;Com Vitimas Feridas;Pleno dia
913633;27/05/2011;Sexta;15:10:00;RJ;101;322.0;NITEROI;Falta de atencao;Colisao traseira;Sem Vitimas;Pleno dia
913804;27/05/2011;Sexta;20:00:00;RJ;101;312.0;SAO GONCALO;Outras;Colisao traseira;Sem Vitimas;Plena noite
913806;27/05/2011;Sexta;21:20:00;RJ;101;322.0;NITEROI;Nao guardar distancia de seguranca;Colisao traseira;Sem Vitimas;Plena noite
913836;26/05/2011;Quinta;07:50:00;RJ;101;316.0;SAO GONCALO;Outras;Colisao lateral;Sem Vitimas;Pleno dia
913864;27/05/2011;Sexta;22:35:00;RJ;101;332.0;RIO DE JANEIRO;Outras;Colisao com objeto fixo;Sem Vitimas;Plena noite
913937;28/05/2011;Sabado;01:30:00;RJ;101;330.0;RIO DE JANEIRO;Outras;Colisao traseira;Sem Vitimas;Plena noite
913970;28/05/2011;Sabado;05:30:00;RJ;101;333.0;RIO DE JANEIRO;Defeito na via;Colisao Transversal;Sem Vitimas;Amanhecer
914001;27/05/2011;Sexta;20:45:00;RJ;101;319.0;SAO GONCALO;Outras;Queda de motocicleta / bicicleta / veiculo;Com Vitimas Feridas;Plena noite
914036;28/05/2011;Sabado;09:20:00;RJ;101;313.0;SAO GONCALO;Animais na Pista;Saida de Pista;Sem Vitimas;Pleno dia
914060;28/05/2011;Sabado;09:21:00;RJ;101;316.0;SAO GONCALO;Nao guardar distancia de seguranca;Saida de Pista;Sem Vitimas;Pleno dia
914276;28/05/2011;Sabado;20:00:00;RJ;101;310.0;SAO GONCALO;Outras;Saida de Pista;Sem Vitimas;Plena noite
914335;28/05/2011;Sabado;23:15:00;RJ;101;307.0;SAO GONCALO;Outras;Capotamento;Ignorado;Plena noite
914356;28/05/2011;Sabado;18:40:00;RJ;101;323.0;NITEROI;Nao guardar distancia de seguranca;Colisao traseira;Sem Vitimas;Plena noite
914398;29/05/2011;Domingo;03:15:00;RJ;101;330.0;RIO DE JANEIRO;Ingestao de alcool;Colisao traseira;Sem Vitimas;Plena noite
914722;29/05/2011;Domingo;09:40:00;RJ;101;322.0;NITEROI;Falta de atencao;Colisao lateral;Sem Vitimas;Pleno dia
914825;26/05/2011;Quinta;04:30:00;RJ;101;319.0;NITEROI;Outras;Queda de motocicleta / bicicleta / veiculo;Com Vitimas Feridas;Plena noite
914835;30/05/2011;Segunda;00:20:00;RJ;101;334.0;RIO DE JANEIRO;Outras;Colisao lateral;Sem Vitimas;Plena noite
915180;30/05/2011;Segunda;07:30:00;RJ;101;313.0;SAO GONCALO;Outras;Colisao traseira;Sem Vitimas;Pleno dia
915191;30/05/2011;Segunda;15:40:00;RJ;101;321.0;NITEROI;Outras;Colisao lateral;Sem Vitimas;Pleno dia
915378;30/05/2011;Segunda;20:00:00;RJ;101;302.0;SAO GONCALO;Outras;Capotamento;Com Vitimas Feridas;Plena noite
915429;06/05/2011;Sexta;14:20:00;RJ;101;322.0;NITEROI;Outras;Colisao lateral;Sem Vitimas;Pleno dia
915458;30/05/2011;Segunda;22:00:00;RJ;101;312.0;RIO DE JANEIRO;Outras;Saida de Pista;Sem Vitimas;Anoitecer
915495;31/05/2011;Terca;05:40:00;RJ;101;312.0;SAO GONCALO;Outras;Saida de Pista;Sem Vitimas;Plena noite
915575;31/05/2011;Terca;08:50:00;RJ;101;317.0;SAO GONCALO;Outras;Colisao traseira;Sem Vitimas;Pleno dia
915779;31/05/2011;Terca;06:00:00;RJ;101;316.0;SAO GONCALO;Outras;Incendio;Sem Vitimas;Pleno dia
915821;27/05/2011;Sexta;21:00:00;RJ;101;319.0;SAO GONCALO;Falta de atencao;Colisao traseira;Com Vitimas Feridas;Plena noite
915846;31/05/2011;Terca;11:50:00;RJ;101;320.0;NITEROI;Outras;Colisao traseira;Sem Vitimas;Pleno dia
915893;31/05/2011;Terca;19:20:00;RJ;101;320.2;NITEROI;Outras;Colisao traseira;Com Vitimas Feridas;Plena noite
915997;31/05/2011;Terca;20:25:00;RJ;101;322.0;NITEROI;Outras;Colisao lateral;Sem Vitimas;Plena noite
916113;01/06/2011;Quarta;07:40:00;RJ;101;319.0;NITEROI;Nao guardar distancia de seguranca;Colisao traseira;Sem Vitimas;Pleno dia
916119;01/06/2011;Quarta;06:30:00;RJ;101;320.0;SAO GONCALO;Outras;Colisao com objeto movel;Sem Vitimas;Pleno dia
916196;01/06/2011;Quarta;11:15:00;RJ;101;321.0;NITEROI;Nao guardar distancia de seguranca;Colisao traseira;Sem Vitimas;Pleno dia
916413;01/06/2011;Quarta;20:00:00;RJ;101;322.0;NITEROI;Falta de atencao;Colisao traseira;Sem Vitimas;Plena noite
916416;01/06/2011;Quarta;19:30:00;RJ;101;321.0;NITEROI;Nao guardar distancia de seguranca;Colisao traseira;Sem Vitimas;Plena noite
916891;02/06/2011;Quinta;18:00:00;RJ;101;319.0;NITEROI;Outras;Colisao lateral;Sem Vitimas;Plena noite
916924;02/06/2011;Quinta;17:45:00;RJ;101;319.0;SAO GONCALO;Outras;Colisao traseira;Sem Vitimas;Anoitecer
917074;03/06/2011;Sexta;01:25:00;RJ;101;306.0;SAO GONCALO;Dormindo;Capotamento;Com Vitimas Feridas;Plena noite
917167;03/06/2011;Sexta;07:30:00;RJ;101;334.0;RIO DE JANEIRO;Outras;Colisao traseira;Sem Vitimas;Pleno dia
917211;03/06/2011;Sexta;07:20:00;RJ;101;315.0;SAO GONCALO;Outras;Queda de motocicleta / bicicleta / veiculo;Com Vitimas Feridas;Pleno dia
917212;03/06/2011;Sexta;09:50:00;RJ;101;334.0;RIO DE JANEIRO;Outras;Colisao traseira;Sem Vitimas;Pleno dia
917231;03/06/2011;Sexta;06:40:00;RJ;101;315.0;SAO GONCALO;Outras;Colisao traseira;Com Vitimas Feridas;Pleno dia
917242;03/06/2011;Sexta;10:56:00;RJ;101;322.0;NITEROI;Outras;Colisao com objeto fixo;Sem Vitimas;Pleno dia
917419;03/06/2011;Sexta;17:20:00;RJ;101;321.0;NITEROI;Outras;Colisao lateral;Sem Vitimas;Plena noite
917446;03/06/2011;Sexta;19:15:00;RJ;101;322.0;NITEROI;Outras;Colisao traseira;Sem Vitimas;Plena noite
917554;03/06/2011;Sexta;21:30:00;RJ;101;313.0;SAO GONCALO;Outras;Colisao traseira;Sem Vitimas;Plena noite
917790;04/06/2011;Sabado;07:40:00;RJ;101;320.0;NITEROI;Outras;Colisao traseira;Sem Vitimas;Pleno dia
917902;04/06/2011;Sabado;14:00:00;RJ;101;324.0;NITEROI;Outras;Colisao lateral;Sem Vitimas;Pleno dia
918007;04/06/2011;Sabado;16:10:00;RJ;101;329.0;RIO DE JANEIRO;Outras;Colisao lateral;Sem Vitimas;Pleno dia
918020;04/06/2011;Sabado;18:00:00;RJ;101;311.0;SAO GONCALO;Falta de atencao;Colisao traseira;Sem Vitimas;Anoitecer
918032;04/06/2011;Sabado;17:50:00;RJ;101;313.0;SAO GONCALO;Outras;Colisao traseira;Sem Vitimas;Plena noite
918106;04/06/2011;Sabado;08:50:00;RJ;101;319.0;SAO GONCALO;Outras;Colisao traseira;Sem Vitimas;Pleno dia
918232;01/06/2011;Quarta;19:20:00;RJ;101;319.0;SAO GONCALO;Outras;Queda de motocicleta / bicicleta / veiculo;Com Vitimas Feridas;Plena noite
918386;02/06/2011;Quinta;02:10:00;RJ;101;311.0;SAO GONCALO;Outras;Colisao com objeto movel;Sem Vitimas;Pleno dia
918388;05/06/2011;Domingo;15:10:00;RJ;101;301.0;SAO GONCALO;Outras;Saida de Pista;Sem Vitimas;Pleno dia
918399;05/06/2011;Domingo;06:45:00;RJ;101;321.0;NITEROI;Outras;Colisao com objeto fixo;Com Vitimas Feridas;Amanhecer
918745;02/06/2011;Quinta;20:56:00;RJ;101;330.0;RIO DE JANEIRO;Outras;Colisao traseira;Sem Vitimas;Plena noite
918889;06/06/2011;Segunda;12:55:00;RJ;101;314.0;SAO GONCALO;Outras;Colisao traseira;Com Vitimas Feridas;Pleno dia
918984;06/06/2011;Segunda;08:10:00;RJ;101;312.0;SAO GONCALO;Falta de atencao;Colisao traseira;Sem Vitimas;Pleno dia
918999;06/06/2011;Segunda;15:48:00;RJ;101;324.0;RIO DE JANEIRO;Falta de atencao;Colisao traseira;Sem Vitimas;Pleno dia
919003;06/06/2011;Segunda;06:30:00;RJ;101;321.0;NITEROI;Outras;Colisao lateral;Sem Vitimas;Amanhecer
919047;06/06/2011;Segunda;18:51:00;RJ;101;321.0;NITEROI;Outras;Colisao lateral;Sem Vitimas;Plena noite
919203;03/06/2011;Sexta;17:00:00;RJ;101;317.0;SAO GONCALO;Outras;Colisao traseira;Com Vitimas Feridas;Anoitecer
919206;07/06/2011;Terca;05:50:00;RJ;101;322.0;RIO DE JANEIRO;Outras;Colisao com objeto fixo;Sem Vitimas;Amanhecer
919222;03/06/2011;Sexta;18:45:00;RJ;101;331.0;RIO DE JANEIRO;Outras;Colisao traseira;Sem Vitimas;Plena noite
919262;07/06/2011;Terca;07:00:00;RJ;101;315.0;SAO GONCALO;Outras;Colisao traseira;Sem Vitimas;Pleno dia
919293;07/06/2011;Terca;10:20:00;RJ;101;322.0;NITEROI;Outras;Colisao com objeto fixo;Sem Vitimas;Pleno dia
919324;07/06/2011;Terca;10:00:00;RJ;101;320.0;NITEROI;Outras;Colisao traseira;Sem Vitimas;Pleno dia
919356;07/06/2011;Terca;12:30:00;RJ;101;322.0;NITEROI;Outras;Colisao lateral;Sem Vitimas;Pleno dia
919652;07/06/2011;Terca;17:50:00;RJ;101;312.0;SAO GONCALO;Outras;Colisao traseira;Sem Vitimas;Anoitecer
919736;07/06/2011;Terca;22:45:00;RJ;101;322.0;NITEROI;Outras;Colisao traseira;Sem Vitimas;Plena noite
919737;07/06/2011;Terca;22:00:00;RJ;101;300.0;RIO DE JANEIRO;Animais na Pista;Atropelamento de animal;Sem Vitimas;Plena noite
919801;08/06/2011;Quarta;03:10:00;RJ;101;322.0;NITEROI;Outras;Colisao com objeto fixo;Sem Vitimas;Plena noite
919822;07/06/2011;Terca;18:25:00;RJ;101;316.0;SAO GONCALO;Outras;Colisao traseira;Sem Vitimas;Plena noite
919862;05/06/2011;Domingo;04:26:00;RJ;101;330.0;RIO DE JANEIRO;Outras;Colisao Transversal;Com Vitimas Feridas;Amanhecer
919864;08/06/2011;Quarta;07:45:00;RJ;101;318.0;SAO GONCALO;Falta de atencao;Colisao traseira;Sem Vitimas;Pleno dia
919868;04/06/2011;Sabado;19:10:00;RJ;101;329.0;RIO DE JANEIRO;Outras;Colisao lateral;Sem Vitimas;Plena noite
919994;08/06/2011;Quarta;12:00:00;RJ;101;320.2;NITEROI;Falta de atencao;Colisao traseira;Sem Vitimas;Pleno dia
920031;08/06/2011;Quarta;10:00:00;RJ;101;320.0;NITEROI;Falta de atencao;Colisao traseira;Sem Vitimas;Pleno dia
920053;08/06/2011;Quarta;13:30:00;RJ;101;320.0;NITEROI;Outras;Colisao traseira;Sem Vitimas;Pleno dia
920086;04/06/2011;Sabado;22:35:00;RJ;101;322.0;NITEROI;Outras;Colisao traseira;Sem Vitimas;Plena noite
920093;08/06/2011;Quarta;10:00:00;RJ;101;321.0;NITEROI;Outras;Colisao traseira;Sem Vitimas;Pleno dia
920215;08/06/2011;Quarta;17:30:00;RJ;101;322.0;NITEROI;Outras;Colisao lateral;Sem Vitimas;Anoitecer
920258;31/05/2011;Terca;11:30:00;RJ;101;319.0;SAO GONCALO;Animais na Pista;Colisao lateral;Sem Vitimas;Pleno dia
920259;08/06/2011;Quarta;19:50:00;RJ;101;321.0;NITEROI;Outras;Colisao traseira;Sem Vitimas;Plena noite
920323;08/06/2011;Quarta;07:50:00;RJ;101;318.0;SAO GONCALO;Outras;Colisao lateral;Com Vitimas Feridas;Pleno dia
920397;09/06/2011;Quinta;06:40:00;RJ;101;322.0;NITEROI;Nao guardar distancia de seguranca;Colisao traseira;Sem Vitimas;Pleno dia
920650;01/06/2011;Quarta;20:30:00;RJ;101;307.0;SAO GONCALO;Desobediencia a sinalizacao;Atropelamento de pessoa;Com Vitimas Fatais;Plena noite
920716;09/06/2011;Quinta;16:40:00;RJ;101;322.0;NITEROI;Outras;Colisao com objeto fixo;Com Vitimas Feridas;Pleno dia
920737;09/06/2011;Quinta;09:10:00;RJ;101;333.0;RIO DE JANEIRO;Outras;Colisao lateral;Com Vitimas Feridas;Pleno dia
920778;09/06/2011;Quinta;12:20:00;RJ;101;330.0;RIO DE JANEIRO;Outras;Colisao traseira;Com Vitimas Feridas;Pleno dia
920856;09/06/2011;Quinta;23:00:00;RJ;101;324.0;NITEROI;Nao guardar distancia de seguranca;Colisao lateral;Sem Vitimas;Pleno dia
920857;09/06/2011;Quinta;22:30:00;RJ;101;321.0;NITEROI;Defeito na via;Colisao lateral;Sem Vitimas;Plena noite
921175;10/06/2011;Sexta;13:40:00;RJ;101;302.0;SAO GONCALO;Outras;Saida de Pista;Sem Vitimas;Pleno dia
921349;10/06/2011;Sexta;20:05:00;RJ;101;316.0;SAO GONCALO;Falta de atencao;Colisao traseira;Com Vitimas Feridas;Plena noite
921516;11/06/2011;Sabado;01:30:00;RJ;101;316.0;SAO GONCALO;Outras;Saida de Pista;Sem Vitimas;Plena noite
921570;11/06/2011;Sabado;04:00:00;RJ;101;322.0;RIO DE JANEIRO;Outras;Queda de motocicleta / bicicleta / veiculo;Com Vitimas Feridas;Plena noite
921579;11/06/2011;Sabado;05:48:00;RJ;101;332.0;RIO DE JANEIRO;Outras;Capotamento;Com Vitimas Feridas;Amanhecer
921611;11/06/2011;Sabado;07:30:00;RJ;101;321.0;NITEROI;Outras;Colisao lateral;Sem Vitimas;Pleno dia
921900;11/06/2011;Sabado;19:40:00;RJ;101;308.0;SAO GONCALO;Outras;Colisao traseira;Sem Vitimas;Plena noite
921919;11/06/2011;Sabado;20:15:00;RJ;101;325.5;NITEROI;Outras;Colisao traseira;Sem Vitimas;Plena noite
921941;11/06/2011;Sabado;17:10:00;RJ;101;327.0;NITEROI;Outras;Colisao traseira;Com Vitimas Feridas;Anoitecer
922012;12/06/2011;Domingo;00:05:00;RJ;101;327.0;NITEROI;Outras;Colisao com objeto movel;Sem Vitimas;Plena noite
922048;12/06/2011;Domingo;01:30:00;RJ;101;310.0;SAO GONCALO;Defeito mecanico em veiculo;Saida de Pista;Com Vitimas Feridas;Plena noite
922364;12/06/2011;Domingo;15:40:00;RJ;101;326.0;NITEROI;Outras;Colisao com objeto fixo;Sem Vitimas;Pleno dia
922413;12/06/2011;Domingo;15:30:00;RJ;101;307.8;SAO GONCALO;Outras;Capotamento;Com Vitimas Feridas;Pleno dia
922463;12/06/2011;Domingo;19:00:00;RJ;101;322.7;NITEROI;Outras;Colisao traseira;Sem Vitimas;Plena noite
922479;12/06/2011;Domingo;19:30:00;RJ;101;330.0;NITEROI;Outras;Colisao Transversal;Sem Vitimas;Plena noite
922564;12/06/2011;Domingo;19:35:00;RJ;101;333.0;RIO DE JANEIRO;Outras;Colisao traseira;Sem Vitimas;Plena noite
922567;12/06/2011;Domingo;18:50:00;RJ;101;322.0;NITEROI;Outras;Colisao traseira;Sem Vitimas;Plena noite
922698;13/06/2011;Segunda;06:35:00;RJ;101;312.0;SAO GONCALO;Outras;Colisao lateral;Sem Vitimas;Pleno dia
922794;13/06/2011;Segunda;10:00:00;RJ;101;315.0;SAO GONCALO;Outras;Colisao traseira;Sem Vitimas;Pleno dia
922898;09/06/2011;Quinta;16:30:00;RJ;101;313.0;SAO GONCALO;Falta de atencao;Colisao com bicicleta;Com Vitimas Feridas;Pleno dia
922960;13/06/2011;Segunda;14:15:00;RJ;101;333.0;RIO DE JANEIRO;Defeito mecanico em veiculo;Colisao traseira;Sem Vitimas;Pleno dia
922993;10/06/2011;Sexta;02:20:00;RJ;101;313.0;SAO GONCALO;Dormindo;Saida de Pista;Com Vitimas Feridas;Plena noite
923035;14/06/2011;Terca;08:07:00;RJ;101;319.0;SAO GONCALO;Falta de atencao;Colisao traseira;Sem Vitimas;Pleno dia
923169;14/06/2011;Terca;11:15:00;RJ;101;314.0;SAO GONCALO;Falta de atencao;Colisao traseira;Sem Vitimas;Pleno dia
923172;10/06/2011;Sexta;17:15:00;RJ;101;321.0;NITEROI;Falta de atencao;Colisao traseira;Sem Vitimas;Pleno dia
923261;14/06/2011;Terca;13:27:00;RJ;101;319.0;SAO GONCALO;Outras;Colisao lateral;Com Vitimas Feridas;Pleno dia
923388;14/06/2011;Terca;18:00:00;RJ;101;322.0;NITEROI;Outras;Colisao lateral;Sem Vitimas;Plena noite
923414;14/06/2011;Terca;19:42:00;RJ;101;334.0;RIO DE JANEIRO;Outras;Colisao traseira;Com Vitimas Feridas;Plena noite
923535;14/06/2011;Terca;22:29:00;RJ;101;328.0;NITEROI;Outras;Colisao traseira;Sem Vitimas;Plena noite
923592;14/06/2011;Terca;13:30:00;RJ;101;316.0;SAO GONCALO;Nao guardar distancia de seguranca;Colisao traseira;Sem Vitimas;Pleno dia
923607;14/06/2011;Terca;20:20:00;RJ;101;303.0;SAO GONCALO;Nao guardar distancia de seguranca;Saida de Pista;Sem Vitimas;Plena noite
923624;14/06/2011;Terca;16:15:00;RJ;101;317.0;SAO GONCALO;Outras;Colisao lateral;Sem Vitimas;Pleno dia
923685;14/06/2011;Terca;16:35:00;RJ;101;320.0;SAO GONCALO;Outras;Colisao lateral;Sem Vitimas;Pleno dia
923722;15/06/2011;Quarta;07:39:00;RJ;101;334.0;RIO DE JANEIRO;Outras;Colisao traseira;Sem Vitimas;Pleno dia
923871;15/06/2011;Quarta;10:50:00;RJ;101;330.0;RIO DE JANEIRO;Defeito mecanico em veiculo;Colisao traseira;Com Vitimas Feridas;Pleno dia
923884;15/06/2011;Quarta;11:50:00;RJ;101;321.0;NITEROI;Outras;Colisao lateral;Sem Vitimas;Pleno dia
923908;15/06/2011;Quarta;13:30:00;RJ;101;321.5;NITEROI;Outras;Colisao traseira;Sem Vitimas;Pleno dia
924062;15/06/2011;Quarta;18:15:00;RJ;101;322.0;NITEROI;Outras;Colisao lateral;Sem Vitimas;Plena noite
924258;16/06/2011;Quinta;02:00:00;RJ;101;309.0;SAO GONCALO;Outras;Saida de Pista;Com Vitimas Feridas;Plena noite
924332;16/06/2011;Quinta;06:35:00;RJ;101;325.0;NITEROI;Outras;Colisao traseira;Com Vitimas Feridas;Pleno dia
924469;13/06/2011;Segunda;19:30:00;RJ;101;318.0;SAO GONCALO;Outras;Colisao lateral;Sem Vitimas;Pleno dia
924496;14/06/2011;Terca;01:10:00;RJ;101;317.0;SAO GONCALO;Outras;Colisao traseira;Sem Vitimas;Plena noite
924567;12/06/2011;Domingo;22:20:00;RJ;101;319.0;NITEROI;Outras;Colisao lateral;Com Vitimas Feridas;Plena noite
924584;16/06/2011;Quinta;09:30:00;RJ;101;314.0;SAO GONCALO;Outras;Colisao lateral;Com Vitimas Feridas;Pleno dia
924643;16/06/2011;Quinta;18:00:00;RJ;101;307.0;SAO GONCALO;Outras;Atropelamento de animal;Com Vitimas Feridas;Plena noite
924675;16/06/2011;Quinta;17:30:00;RJ;101;322.0;NITEROI;Outras;Colisao lateral;Sem Vitimas;Pleno dia
924802;17/06/2011;Sexta;01:00:00;RJ;101;299.0;SAO GONCALO;Falta de atencao;Saida de Pista;Sem Vitimas;Plena noite
924932;17/06/2011;Sexta;08:50:00;RJ;101;319.0;SAO GONCALO;Outras;Colisao traseira;Sem Vitimas;Pleno dia
925029;17/06/2011;Sexta;12:10:00;RJ;101;333.0;RIO DE JANEIRO;Nao guardar distancia de seguranca;Colisao traseira;Sem Vitimas;Pleno dia
925116;17/06/2011;Sexta;13:10:00;RJ;101;319.0;SAO GONCALO;Falta de atencao;Colisao traseira;Sem Vitimas;Pleno dia
925121;17/06/2011;Sexta;15:30:00;RJ;101;321.0;NITEROI;Outras;Colisao traseira;Sem Vitimas;Pleno dia
925220;17/06/2011;Sexta;18:40:00;RJ;101;322.0;NITEROI;Nao guardar distancia de seguranca;Colisao traseira;Sem Vitimas;Plena noite
925290;17/06/2011;Sexta;20:00:00;RJ;101;330.0;RIO DE JANEIRO;Outras;Colisao traseira;Sem Vitimas;Plena noite
925332;14/06/2011;Terca;02:00:00;RJ;101;314.0;SAO GONCALO;Outras;Colisao com objeto fixo;Sem Vitimas;Plena noite
925374;17/06/2011;Sexta;22:45:00;RJ;101;321.0;NITEROI;Outras;Colisao lateral;Sem Vitimas;Plena noite
925622;20/06/2011;Segunda;08:10:00;RJ;101;318.0;SAO GONCALO;Outras;Danos Eventuais;Sem Vitimas;Pleno dia
925628;20/06/2011;Segunda;09:20:00;RJ;101;320.0;NITEROI;Outras;Colisao traseira;Sem Vitimas;Pleno dia
925778;20/06/2011;Segunda;09:00:00;RJ;101;325.0;NITEROI;Outras;Colisao traseira;Sem Vitimas;Pleno dia
926096;14/06/2011;Terca;19:20:00;RJ;101;321.0;NITEROI;Falta de atencao;Colisao traseira;Sem Vitimas;Plena noite
926160;14/06/2011;Terca;19:00:00;RJ;101;323.0;NITEROI;Falta de atencao;Colisao lateral;Sem Vitimas;Plena noite
926232;21/06/2011;Terca;01:40:00;RJ;101;321.0;NITEROI;Outras;Atropelamento de animal;Sem Vitimas;Plena noite
926276;21/06/2011;Terca;05:05:00;RJ;101;310.0;SAO GONCALO;Animais na Pista;Atropelamento de animal;Sem Vitimas;Plena noite
926286;21/06/2011;Terca;05:50:00;RJ;101;309.0;SAO GONCALO;Outras;Colisao lateral;Sem Vitimas;Pleno dia
926305;21/06/2011;Terca;07:30:00;RJ;101;321.5;NITEROI;Outras;Colisao traseira;Sem Vitimas;Pleno dia
926307;21/06/2011;Terca;07:10:00;RJ;101;314.0;SAO GONCALO;Outras;Colisao traseira;Sem Vitimas;Pleno dia
926461;21/06/2011;Terca;05:15:00;RJ;101;326.0;NITEROI;Outras;Atropelamento de pessoa;Sem Vitimas;Plena noite
926515;21/06/2011;Terca;11:15:00;RJ;101;319.0;NITEROI;Falta de atencao;Colisao traseira;Sem Vitimas;Pleno dia
926610;14/06/2011;Terca;18:00:00;RJ;101;321.0;NITEROI;Falta de atencao;Colisao traseira;Sem Vitimas;Plena noite
926647;18/06/2011;Sabado;02:00:00;RJ;101;319.0;SAO GONCALO;Outras;Colisao com objeto fixo;Com Vitimas Fatais;Plena noite
926786;21/06/2011;Terca;17:35:00;RJ;101;321.0;NITEROI;Outras;Colisao lateral;Sem Vitimas;Anoitecer
926841;21/06/2011;Terca;19:50:00;RJ;101;322.0;NITEROI;Outras;Colisao lateral;Sem Vitimas;Plena noite
926966;21/06/2011;Terca;12:01:00;RJ;101;299.0;SAO GONCALO;Outras;Colisao traseira;Sem Vitimas;Pleno dia
926982;21/06/2011;Terca;19:07:00;RJ;101;322.0;NITEROI;Falta de atencao;Colisao lateral;Sem Vitimas;Plena noite
927111;18/06/2011;Sabado;07:00:00;RJ;101;317.0;SAO GONCALO;Outras;Colisao traseira;Sem Vitimas;Pleno dia
927141;18/06/2011;Sabado;10:10:00;RJ;101;312.0;SAO GONCALO;Nao guardar distancia de seguranca;Colisao traseira;Sem Vitimas;Pleno dia
927191;18/06/2011;Sabado;12:00:00;RJ;101;309.0;SAO GONCALO;Outras;Capotamento;Sem Vitimas;Pleno dia
927276;18/06/2011;Sabado;14:30:00;RJ;101;304.0;SAO GONCALO;Falta de atencao;Colisao lateral;Com Vitimas Feridas;Pleno dia
927314;21/06/2011;Terca;05:20:00;RJ;101;310.0;SAO GONCALO;Outras;Colisao traseira;Com Vitimas Feridas;Amanhecer
927630;22/06/2011;Quarta;20:00:00;RJ;101;323.0;NITEROI;Falta de atencao;Colisao lateral;Sem Vitimas;Plena noite
927634;22/06/2011;Quarta;20:41:00;RJ;101;333.0;RIO DE JANEIRO;Falta de atencao;Colisao traseira;Sem Vitimas;Plena noite
927649;22/06/2011;Quarta;20:00:00;RJ;101;321.0;NITEROI;Falta de atencao;Colisao lateral;Sem Vitimas;Plena noite
927863;23/06/2011;Quinta;06:40:00;RJ;101;322.0;NITEROI;Outras;Colisao traseira;Sem Vitimas;Pleno dia
928043;19/06/2011;Domingo;15:38:00;RJ;101;308.0;RIO DE JANEIRO;Outras;Colisao traseira;Sem Vitimas;Anoitecer
928508;21/06/2011;Terca;19:30:00;RJ;101;320.0;NITEROI;Falta de atencao;Colisao lateral;Sem Vitimas;Plena noite
928568;24/06/2011;Sexta;09:48:00;RJ;101;330.0;RIO DE JANEIRO;Outras;Colisao lateral;Sem Vitimas;Pleno dia
928638;21/06/2011;Terca;18:30:00;RJ;101;332.0;RIO DE JANEIRO;Falta de atencao;Colisao traseira;Sem Vitimas;Plena noite
928667;24/06/2011;Sexta;12:30:00;RJ;101;321.0;NITEROI;Outras;Colisao traseira;Sem Vitimas;Pleno dia
928852;24/06/2011;Sexta;21:00:00;RJ;101;323.0;NITEROI;Falta de atencao;Colisao traseira;Sem Vitimas;Plena noite
928905;24/06/2011;Sexta;19:40:00;RJ;101;303.0;SAO GONCALO;Outras;Atropelamento de pessoa;Com Vitimas Feridas;Plena noite
928991;24/06/2011;Sexta;23:30:00;RJ;101;301.0;SAO GONCALO;Falta de atencao;Colisao traseira;Sem Vitimas;Plena noite
929043;21/06/2011;Terca;01:00:00;RJ;101;334.0;RIO DE JANEIRO;Outras;Queda de motocicleta / bicicleta / veiculo;Com Vitimas Feridas;Plena noite
929197;25/06/2011;Sabado;13:00:00;RJ;101;299.0;SAO GONCALO;Falta de atencao;Colisao com objeto fixo;Sem Vitimas;Pleno dia
929314;25/06/2011;Sabado;19:10:00;RJ;101;305.0;SAO GONCALO;Animais na Pista;Atropelamento de animal;Sem Vitimas;Plena noite
929316;25/06/2011;Sabado;19:10:00;RJ;101;305.0;SAO GONCALO;Animais na Pista;Atropelamento de animal;Sem Vitimas;Plena noite
929323;25/06/2011;Sabado;19:10:00;RJ;101;305.0;SAO GONCALO;Animais na Pista;Atropelamento de animal;Sem Vitimas;Plena noite
929403;25/06/2011;Sabado;22:45:00;RJ;101;306.0;SAO GONCALO;Ingestao de alcool;Colisao lateral;Sem Vitimas;Plena noite
929455;26/06/2011;Domingo;01:20:00;RJ;101;322.0;NITEROI;Velocidade incompativel;Colisao com objeto movel;Ignorado;Plena noite
929752;26/06/2011;Domingo;13:51:00;RJ;101;322.0;NITEROI;Outras;Colisao lateral;Sem Vitimas;Pleno dia
929828;18/06/2011;Sabado;22:00:00;RJ;101;305.0;SAO GONCALO;Outras;Atropelamento de pessoa;Com Vitimas Fatais;Plena noite
929928;26/06/2011;Domingo;15:57:00;RJ;101;334.0;RIO DE JANEIRO;Falta de atencao;Colisao traseira;Sem Vitimas;Pleno dia
929975;26/06/2011;Domingo;19:00:00;RJ;101;310.0;SAO GONCALO;Falta de atencao;Colisao lateral;Com Vitimas Feridas;Plena noite
930082;23/06/2011;Quinta;03:50:00;RJ;101;300.0;SAO GONCALO;Dormindo;Saida de Pista;Sem Vitimas;Plena noite
930225;23/06/2011;Quinta;05:30:00;RJ;101;313.0;SAO GONCALO;Outras;Colisao lateral;Sem Vitimas;Plena noite
930227;24/06/2011;Sexta;05:00:00;RJ;101;310.0;SAO GONCALO;Outras;Saida de Pista;Sem Vitimas;Amanhecer
930247;27/06/2011;Segunda;06:30:00;RJ;101;322.0;NITEROI;Outras;Colisao traseira;Sem Vitimas;Pleno dia
930265;27/06/2011;Segunda;07:05:00;RJ;101;321.0;NITEROI;Outras;Colisao lateral;Sem Vitimas;Pleno dia
930333;27/06/2011;Segunda;06:31:00;RJ;101;315.0;SAO GONCALO;Nao guardar distancia de seguranca;Colisao traseira;Sem Vitimas;Pleno dia
930430;22/06/2011;Quarta;16:30:00;RJ;101;323.0;NITEROI;Outras;Colisao traseira;Sem Vitimas;Pleno dia
930541;27/06/2011;Segunda;15:30:00;RJ;101;330.0;RIO DE JANEIRO;Outras;Colisao traseira;Com Vitimas Feridas;Pleno dia
930948;28/06/2011;Terca;09:20:00;RJ;101;333.0;RIO DE JANEIRO;Outras;Colisao traseira;Sem Vitimas;Pleno dia
930966;28/06/2011;Terca;11:00:00;RJ;101;312.0;SAO GONCALO;Outras;Colisao traseira;Sem Vitimas;Pleno dia
931012;28/06/2011;Terca;12:20:00;RJ;101;313.0;SAO GONCALO;Outras;Saida de Pista;Sem Vitimas;Pleno dia
931034;28/06/2011;Terca;06:00:00;RJ;101;319.0;SAO GONCALO;Outras;Colisao traseira;Sem Vitimas;Pleno dia
931045;28/06/2011;Terca;10:00:00;RJ;101;310.0;SAO GONCALO;Falta de atencao;Colisao traseira;Com Vitimas Feridas;Pleno dia
931114;28/06/2011;Terca;09:30:00;RJ;101;316.0;SAO GONCALO;Defeito mecanico em veiculo;Saida de Pista;Sem Vitimas;Pleno dia
931168;28/06/2011;Terca;10:50:00;RJ;101;323.0;NITEROI;Falta de atencao;Colisao traseira;Com Vitimas Feridas;Pleno dia
931268;28/06/2011;Terca;09:46:00;RJ;101;333.0;RIO DE JANEIRO;Outras;Colisao traseira;Sem Vitimas;Pleno dia
931399;13/06/2011;Segunda;19:30:00;RJ;101;321.0;NITEROI;Outras;Colisao lateral;Sem Vitimas;Anoitecer
931465;23/06/2011;Quinta;02:50:00;RJ;101;319.0;SAO GONCALO;Outras;Saida de Pista;Com Vitimas Fatais;Plena noite
931766;01/07/2011;Sexta;09:00:00;RJ;101;331.0;RIO DE JANEIRO;Outras;Colisao lateral;Sem Vitimas;Pleno dia
931820;01/07/2011;Sexta;05:30:00;RJ;101;316.0;SAO GONCALO;Outras;Saida de Pista;Com Vitimas Feridas;Plena noite
931997;01/07/2011;Sexta;15:30:00;RJ;101;319.0;SAO GONCALO;Falta de atencao;Colisao traseira;Sem Vitimas;Pleno dia
932063;01/07/2011;Sexta;20:50:00;RJ;101;332.0;RIO DE JANEIRO;Outras;Colisao traseira;Com Vitimas Feridas;Plena noite
932076;01/07/2011;Sexta;23:40:00;RJ;101;309.0;SAO GONCALO;Outras;Colisao traseira;Sem Vitimas;Plena noite
932095;01/07/2011;Sexta;23:20:00;RJ;101;321.0;NITEROI;Outras;Colisao traseira;Sem Vitimas;Plena noite
932492;29/06/2011;Quarta;15:45:00;RJ;101;318.0;SAO GONCALO;Velocidade incompativel;Capotamento;Com Vitimas Feridas;Pleno dia
932814;02/07/2011;Sabado;22:50:00;RJ;101;318.0;SAO GONCALO;Outras;Saida de Pista;Com Vitimas Feridas;Plena noite
932922;29/06/2011;Quarta;09:40:00;RJ;101;324.0;NITEROI;Outras;Colisao lateral;Com Vitimas Feridas;Pleno dia
932997;29/06/2011;Quarta;18:55:00;RJ;101;314.0;SAO GONCALO;Outras;Colisao traseira;Com Vitimas Feridas;Plena noite
933244;29/06/2011;Quarta;18:30:00;RJ;101;320.0;NITEROI;Outras;Colisao lateral;Sem Vitimas;Anoitecer
933344;29/06/2011;Quarta;22:00:00;RJ;101;318.0;SAO GONCALO;Outras;Atropelamento de pessoa;Com Vitimas Feridas;Plena noite
933393;29/06/2011;Quarta;18:00:00;RJ;101;312.0;SAO GONCALO;Outras;Colisao traseira;Sem Vitimas;Plena noite
933420;29/06/2011;Quarta;17:45:00;RJ;101;312.0;SAO GONCALO;Outras;Colisao traseira;Sem Vitimas;Anoitecer
933444;04/07/2011;Segunda;00:15:00;RJ;101;321.0;NITEROI;Outras;Capotamento;Com Vitimas Feridas;Plena noite
933560;14/05/2011;Sabado;21:40:00;RJ;101;322.0;NITEROI;Outras;Colisao lateral;Sem Vitimas;Plena noite
933807;04/07/2011;Segunda;13:20:00;RJ;101;322.0;NITEROI;Outras;Colisao traseira;Sem Vitimas;Pleno dia
933831;10/06/2011;Sexta;16:15:00;RJ;101;322.0;NITEROI;Falta de atencao;Colisao traseira;Sem Vitimas;Pleno dia
933998;04/07/2011;Segunda;17:20:00;RJ;101;316.0;SAO GONCALO;Outras;Colisao traseira;Sem Vitimas;Plena noite
934020;04/07/2011;Segunda;17:50:00;RJ;101;316.0;SAO GONCALO;Outras;Colisao traseira;Sem Vitimas;Pleno dia
934081;30/06/2011;Quinta;06:00:00;RJ;101;300.0;SAO GONCALO;Outras;Saida de Pista;Com Vitimas Feridas;Pleno dia
934278;04/07/2011;Segunda;21:30:00;RJ;101;319.0;SAO GONCALO;Outras;Colisao traseira;Sem Vitimas;Plena noite
934602;06/07/2011;Quarta;13:00:00;RJ;101;329.0;RIO DE JANEIRO;Outras;Colisao lateral;Sem Vitimas;Pleno dia
934653;06/07/2011;Quarta;15:40:00;RJ;101;313.0;SAO GONCALO;Outras;Colisao traseira;Sem Vitimas;Pleno dia
934800;06/07/2011;Quarta;18:00:00;RJ;101;326.0;NITEROI;Outras;Colisao traseira;Sem Vitimas;Anoitecer
934803;06/07/2011;Quarta;18:40:00;RJ;101;311.0;SAO GONCALO;Falta de atencao;Colisao traseira;Sem Vitimas;Plena noite
934913;06/07/2011;Quarta;18:35:00;RJ;101;313.0;SAO GONCALO;Outras;Colisao traseira;Com Vitimas Feridas;Plena noite
935014;06/07/2011;Quarta;21:00:00;RJ;101;316.0;SAO GONCALO;Outras;Colisao traseira;Sem Vitimas;Plena noite
935072;07/07/2011;Quinta;01:55:00;RJ;101;301.0;SAO GONCALO;Ingestao de alcool;Colisao traseira;Sem Vitimas;Plena noite
935153;07/07/2011;Quinta;06:10:00;RJ;101;300.0;SAO GONCALO;Outras;Colisao traseira;Sem Vitimas;Amanhecer
935303;29/06/2011;Quarta;19:45:00;RJ;101;321.0;NITEROI;Outras;Colisao traseira;Sem Vitimas;Plena noite
935444;07/07/2011;Quinta;18:15:00;RJ;101;322.0;NITEROI;Falta de atencao;Colisao lateral;Sem Vitimas;Anoitecer
935518;04/07/2011;Segunda;19:20:00;RJ;101;322.0;NITEROI;Outras;Colisao traseira;Sem Vitimas;Plena noite
935648;07/07/2011;Quinta;14:15:00;RJ;101;322.0;NITEROI;Outras;Colisao lateral;Sem Vitimas;Pleno dia
935755;30/06/2011;Quinta;19:30:00;RJ;101;325.0;NITEROI;Falta de atencao;Colisao com objeto fixo;Sem Vitimas;Plena noite
935769;08/07/2011;Sexta;07:00:00;RJ;101;329.0;RIO DE JANEIRO;Outras;Incendio;Sem Vitimas;Pleno dia
935775;04/07/2011;Segunda;19:50:00;RJ;101;322.0;NITEROI;Outras;Colisao traseira;Sem Vitimas;Plena noite
935852;08/07/2011;Sexta;10:23:00;RJ;101;319.0;SAO GONCALO;Outras;Colisao traseira;Sem Vitimas;Pleno dia
935857;01/07/2011;Sexta;17:30:00;RJ;101;317.0;SAO GONCALO;Outras;Colisao traseira;Sem Vitimas;Anoitecer
935870;08/07/2011;Sexta;08:10:00;RJ;101;322.0;NITEROI;Outras;Colisao lateral;Sem Vitimas;Pleno dia
935960;04/07/2011;Segunda;16:40:00;RJ;101;321.0;NITEROI;Outras;Colisao traseira;Sem Vitimas;Anoitecer
935992;06/07/2011;Quarta;08:40:00;RJ;101;324.0;NITEROI;Outras;Colisao traseira;Sem Vitimas;Pleno dia
936191;08/07/2011;Sexta;16:00:00;RJ;101;322.0;NITEROI;Outras;Colisao com objeto fixo;Sem Vitimas;Pleno dia
936195;08/07/2011;Sexta;18:00:00;RJ;101;312.0;SAO GONCALO;Outras;Colisao traseira;Sem Vitimas;Plena noite
936517;09/07/2011;Sabado;07:00:00;RJ;101;327.0;NITEROI;Outras;Colisao traseira;Com Vitimas Feridas;Pleno dia
936546;09/07/2011;Sabado;09:15:00;RJ;101;322.0;NITEROI;Outras;Colisao traseira;Sem Vitimas;Pleno dia
936687;05/07/2011;Terca;06:50:00;RJ;101;313.0;SAO GONCALO;Outras;Colisao traseira;Sem Vitimas;Pleno dia
936716;05/07/2011;Terca;19:00:00;RJ;101;317.0;SAO GONCALO;Outras;Colisao lateral;Sem Vitimas;Plena noite
936856;05/07/2011;Terca;06:30:00;RJ;101;319.0;SAO GONCALO;Outras;Colisao traseira;Com Vitimas Feridas;Pleno dia
936883;05/07/2011;Terca;21:00:00;RJ;101;318.0;SAO GONCALO;Outras;Colisao traseira;Sem Vitimas;Plena noite
936900;09/07/2011;Sabado;17:00:00;RJ;101;322.0;NITEROI;Outras;Colisao traseira;Sem Vitimas;Anoitecer
936930;09/07/2011;Sabado;18:00:00;RJ;101;322.0;NITEROI;Outras;Colisao traseira;Sem Vitimas;Plena noite
936983;09/07/2011;Sabado;11:50:00;RJ;101;322.0;NITEROI;Outras;Atropelamento de pessoa;Com Vitimas Feridas;Pleno dia
937213;10/07/2011;Domingo;03:00:00;RJ;101;334.0;RIO DE JANEIRO;Outras;Capotamento;Sem Vitimas;Plena noite
937214;10/07/2011;Domingo;02:35:00;RJ;101;332.0;RIO DE JANEIRO;Outras;Colisao traseira;Com Vitimas Feridas;Plena noite
937219;10/07/2011;Domingo;05:00:00;RJ;101;328.0;NITEROI;Outras;Colisao traseira;Sem Vitimas;Plena noite
937587;10/07/2011;Domingo;20:30:00;RJ;101;321.0;NITEROI;Nao guardar distancia de seguranca;Colisao traseira;Sem Vitimas;Plena noite
937680;10/07/2011;Domingo;23:20:00;RJ;101;322.0;NITEROI;Falta de atencao;Colisao lateral;Sem Vitimas;Plena noite
937713;11/07/2011;Segunda;00:18:00;RJ;101;324.0;NITEROI;Falta de atencao;Colisao lateral;Sem Vitimas;Plena noite
938037;11/07/2011;Segunda;11:30:00;RJ;101;304.0;SAO GONCALO;Outras;Colisao frontal;Sem Vitimas;Pleno dia
938206;11/07/2011;Segunda;15:50:00;RJ;101;306.0;SAO GONCALO;Outras;Colisao frontal;Sem Vitimas;Pleno dia
938213;17/06/2011;Sexta;12:11:00;RJ;101;333.0;RIO DE JANEIRO;Outras;Colisao traseira;Sem Vitimas;Pleno dia
938269;11/07/2011;Segunda;17:50:00;RJ;101;314.0;SAO GONCALO;Outras;Colisao com objeto movel;Sem Vitimas;Anoitecer
938336;11/07/2011;Segunda;19:00:00;RJ;101;321.0;NITEROI;Falta de atencao;Colisao lateral;Sem Vitimas;Plena noite
938345;11/07/2011;Segunda;19:45:00;RJ;101;321.0;NITEROI;Outras;Colisao lateral;Sem Vitimas;Plena noite
938418;11/07/2011;Segunda;18:50:00;RJ;101;331.0;RIO DE JANEIRO;Outras;Colisao traseira;Sem Vitimas;Plena noite
938646;12/07/2011;Terca;11:00:00;RJ;101;302.0;SAO GONCALO;Dormindo;Saida de Pista;Com Vitimas Feridas;Pleno dia
938671;30/06/2011;Quinta;21:00:00;RJ;101;321.0;NITEROI;Outras;Colisao lateral;Sem Vitimas;Plena noite
938737;19/04/2011;Terca;19:20:00;RJ;101;304.0;SAO GONCALO;Nao guardar distancia de seguranca;Colisao traseira;Sem Vitimas;Plena noite
938999;08/07/2011;Sexta;07:50:00;RJ;101;319.0;NITEROI;Nao guardar distancia de seguranca;Colisao traseira;Com Vitimas Feridas;Pleno dia
939071;12/07/2011;Terca;20:55:00;RJ;101;312.0;SAO GONCALO;Outras;Atropelamento de pessoa;Com Vitimas Feridas;Plena noite
939182;05/07/2011;Terca;14:00:00;RJ;101;325.0;NITEROI;Defeito mecanico em veiculo;Colisao com objeto fixo;Sem Vitimas;Pleno dia
939195;05/07/2011;Terca;19:30:00;RJ;101;321.0;NITEROI;Outras;Colisao traseira;Sem Vitimas;Plena noite
939207;13/07/2011;Quarta;08:05:00;RJ;101;315.0;SAO GONCALO;Outras;Capotamento;Sem Vitimas;Pleno dia
939269;14/06/2011;Terca;22:30:00;RJ;101;328.0;NITEROI;Outras;Colisao traseira;Sem Vitimas;Plena noite
939313;05/07/2011;Terca;21:30:00;RJ;101;320.0;NITEROI;Outras;Colisao lateral;Sem Vitimas;Plena noite
939329;05/07/2011;Terca;09:40:00;RJ;101;328.0;NITEROI;Outras;Colisao traseira;Sem Vitimas;Plena noite
939348;05/07/2011;Terca;07:00:00;RJ;101;325.0;NITEROI;Outras;Colisao traseira;Sem Vitimas;Pleno dia
939355;01/07/2011;Sexta;21:20:00;RJ;101;322.0;NITEROI;Outras;Colisao com objeto fixo;Sem Vitimas;Plena noite
939377;01/07/2011;Sexta;20:00:00;RJ;101;322.0;NITEROI;Outras;Queda de motocicleta / bicicleta / veiculo;Com Vitimas Feridas;Plena noite
939394;13/07/2011;Quarta;14:00:00;RJ;101;333.0;RIO DE JANEIRO;Outras;Colisao traseira;Sem Vitimas;Pleno dia
939400;13/07/2011;Quarta;11:50:00;RJ;101;314.0;SAO GONCALO;Outras;Colisao traseira;Sem Vitimas;Plena noite
939453;13/07/2011;Quarta;16:00:00;RJ;101;334.0;RIO DE JANEIRO;Outras;Colisao traseira;Sem Vitimas;Pleno dia
939505;13/07/2011;Quarta;11:10:00;RJ;101;321.0;NITEROI;Outras;Colisao traseira;Sem Vitimas;Pleno dia
939516;12/07/2011;Terca;22:00:00;RJ;101;324.0;NITEROI;Outras;Colisao traseira;Sem Vitimas;Plena noite
939533;13/07/2011;Quarta;18:50:00;RJ;101;322.0;RIO DE JANEIRO;Outras;Colisao lateral;Sem Vitimas;Plena noite
939583;13/07/2011;Quarta;18:00:00;RJ;101;318.0;SAO GONCALO;Outras;Colisao traseira;Sem Vitimas;Plena noite
939584;15/06/2011;Quarta;15:00:00;RJ;101;321.0;NITEROI;Outras;Colisao traseira;Sem Vitimas;Pleno dia
939624;13/07/2011;Quarta;12:40:00;RJ;101;313.0;SAO GONCALO;Outras;Colisao traseira;Sem Vitimas;Pleno dia
939639;13/07/2011;Quarta;22:40:00;RJ;101;329.0;RIO DE JANEIRO;Outras;Colisao lateral;Sem Vitimas;Plena noite
939800;08/07/2011;Sexta;23:35:00;RJ;101;328.0;NITEROI;Outras;Colisao traseira;Sem Vitimas;Plena noite
939839;14/07/2011;Quinta;08:45:00;RJ;101;322.0;NITEROI;Outras;Colisao lateral;Sem Vitimas;Pleno dia
940021;14/07/2011;Quinta;13:20:00;RJ;101;311.0;SAO GONCALO;Falta de atencao;Capotamento;Com Vitimas Feridas;Pleno dia
940086;14/07/2011;Quinta;15:00:00;RJ;101;312.0;SAO GONCALO;Defeito mecanico em veiculo;Queda de motocicleta / bicicleta / veiculo;Com Vitimas Feridas;Pleno dia
940090;14/07/2011;Quinta;15:15:00;RJ;101;331.0;RIO DE JANEIRO;Outras;Colisao traseira;Com Vitimas Feridas;Pleno dia
940320;14/07/2011;Quinta;21:03:00;RJ;101;330.5;RIO DE JANEIRO;Outras;Queda de motocicleta / bicicleta / veiculo;Com Vitimas Feridas;Plena noite
940358;15/07/2011;Sexta;01:40:00;RJ;101;305.0;SAO GONCALO;Defeito mecanico em veiculo;Danos Eventuais;Sem Vitimas;Plena noite
940400;11/07/2011;Segunda;18:30:00;RJ;101;331.0;RIO DE JANEIRO;Outras;Colisao traseira;Sem Vitimas;Plena noite
940433;15/07/2011;Sexta;08:20:00;RJ;101;322.0;NITEROI;Outras;Colisao com objeto fixo;Sem Vitimas;Pleno dia
940491;15/07/2011;Sexta;08:20:00;RJ;101;331.0;RIO DE JANEIRO;Outras;Colisao lateral;Sem Vitimas;Pleno dia
940701;15/07/2011;Sexta;09:45:00;RJ;101;321.0;NITEROI;Outras;Queda de motocicleta / bicicleta / veiculo;Com Vitimas Feridas;Pleno dia
940897;15/07/2011;Sexta;15:20:00;RJ;101;326.0;RIO DE JANEIRO;Nao guardar distancia de seguranca;Colisao traseira;Sem Vitimas;Pleno dia
941563;16/07/2011;Sabado;22:00:00;RJ;101;299.0;SAO GONCALO;Defeito mecanico em veiculo;Colisao com objeto fixo;Sem Vitimas;Plena noite
941706;17/07/2011;Domingo;06:02:00;RJ;101;330.0;RIO DE JANEIRO;Outras;Colisao traseira;Sem Vitimas;Pleno dia
941744;17/07/2011;Domingo;06:15:00;RJ;101;330.1;RIO DE JANEIRO;Outras;Colisao traseira;Sem Vitimas;Pleno dia
941759;17/07/2011;Domingo;09:10:00;RJ;101;318.0;SAO GONCALO;Defeito mecanico em veiculo;Queda de motocicleta / bicicleta / veiculo;Com Vitimas Feridas;Pleno dia
941885;17/07/2011;Domingo;15:30:00;RJ;101;322.0;NITEROI;Outras;Atropelamento de pessoa;Com Vitimas Feridas;Pleno dia
941889;16/07/2011;Sabado;09:55:00;RJ;101;323.8;NITEROI;Outras;Colisao traseira;Sem Vitimas;Pleno dia
941903;16/07/2011;Sabado;14:40:00;RJ;101;323.0;NITEROI;Outras;Colisao lateral;Sem Vitimas;Pleno dia
941940;17/07/2011;Domingo;17:30:00;RJ;101;310.0;SAO GONCALO;Outras;Queda de motocicleta / bicicleta / veiculo;Com Vitimas Feridas;Plena noite
941972;16/07/2011;Sabado;15:00:00;RJ;101;323.4;NITEROI;Outras;Colisao traseira;Sem Vitimas;Pleno dia
942015;17/07/2011;Domingo;20:40:00;RJ;101;322.0;NITEROI;Outras;Colisao traseira;Sem Vitimas;Plena noite
942071;17/07/2011;Domingo;21:20:00;RJ;101;334.0;RIO DE JANEIRO;Outras;Colisao traseira;Sem Vitimas;Plena noite
942135;18/07/2011;Segunda;02:00:00;RJ;101;300.0;SAO GONCALO;Outras;Atropelamento de pessoa;Com Vitimas Feridas;Plena noite
942378;18/07/2011;Segunda;11:30:00;RJ;101;322.0;NITEROI;Outras;Colisao traseira;Com Vitimas Feridas;Pleno dia
942602;18/07/2011;Segunda;19:20:00;RJ;101;322.0;NITEROI;Falta de atencao;Colisao traseira;Sem Vitimas;Plena noite
942627;18/07/2011;Segunda;17:00:00;RJ;101;309.0;SAO GONCALO;Outras;Colisao com objeto movel;Com Vitimas Feridas;Pleno dia
942654;18/07/2011;Segunda;20:15:00;RJ;101;326.0;NITEROI;Falta de atencao;Colisao traseira;Sem Vitimas;Plena noite
942812;16/07/2011;Sabado;00:10:00;RJ;101;322.0;NITEROI;Outras;Colisao lateral;Sem Vitimas;Plena noite
942947;15/07/2011;Sexta;13:50:00;RJ;101;330.0;RIO DE JANEIRO;Outras;Colisao traseira;Com Vitimas Feridas;Pleno dia
943013;19/07/2011;Terca;12:30:00;RJ;101;329.0;RIO DE JANEIRO;Outras;Colisao traseira;Com Vitimas Feridas;Pleno dia
943123;19/07/2011;Terca;15:50:00;RJ;101;313.0;SAO GONCALO;Outras;Colisao lateral;Sem Vitimas;Pleno dia
943175;15/07/2011;Sexta;13:00:00;RJ;101;331.0;RIO DE JANEIRO;Nao guardar distancia de seguranca;Colisao traseira;Sem Vitimas;Pleno dia
943417;16/07/2011;Sabado;16:57:00;RJ;101;321.0;NITEROI;Outras;Atropelamento de pessoa;Com Vitimas Feridas;Plena noite
944070;21/07/2011;Quinta;10:02:00;RJ;101;322.0;NITEROI;Outras;Colisao com objeto fixo;Sem Vitimas;Pleno dia
944167;21/07/2011;Quinta;14:10:00;RJ;101;321.2;NITEROI;Outras;Colisao traseira;Sem Vitimas;Pleno dia
944314;21/07/2011;Quinta;17:20:00;RJ;101;327.1;NITEROI;Outras;Colisao traseira;Sem Vitimas;Anoitecer
944340;21/07/2011;Quinta;18:30:00;RJ;101;322.3;NITEROI;Outras;Colisao lateral;Sem Vitimas;Anoitecer
944362;21/07/2011;Quinta;20:45:00;RJ;101;326.0;RIO DE JANEIRO;Outras;Colisao traseira;Sem Vitimas;Plena noite
944445;22/07/2011;Sexta;01:30:00;RJ;101;322.0;NITEROI;Outras;Colisao lateral;Sem Vitimas;Amanhecer
944575;22/07/2011;Sexta;07:00:00;RJ;101;316.0;SAO GONCALO;Outras;Colisao lateral;Com Vitimas Feridas;Pleno dia
944676;17/06/2011;Sexta;12:11:00;RJ;101;333.0;RIO DE JANEIRO;Outras;Colisao traseira;Sem Vitimas;Pleno dia
944705;22/07/2011;Sexta;13:45:00;RJ;101;318.0;SAO GONCALO;Nao guardar distancia de seguranca;Colisao traseira;Sem Vitimas;Pleno dia
944742;22/07/2011;Sexta;15:10:00;RJ;101;321.0;NITEROI;Falta de atencao;Colisao lateral;Sem Vitimas;Pleno dia
944839;22/07/2011;Sexta;16:50:00;RJ;101;330.0;RIO DE JANEIRO;Outras;Colisao traseira;Sem Vitimas;Plena noite
944882;22/07/2011;Sexta;17:30:00;RJ;101;300.0;SAO GONCALO;Dormindo;Capotamento;Com Vitimas Feridas;Anoitecer
944917;22/07/2011;Sexta;19:20:00;RJ;101;326.0;NITEROI;Outras;Colisao traseira;Sem Vitimas;Plena noite
944923;22/07/2011;Sexta;19:20:00;RJ;101;320.0;NITEROI;Falta de atencao;Colisao traseira;Sem Vitimas;Plena noite
944932;22/07/2011;Sexta;21:00:00;RJ;101;334.0;RIO DE JANEIRO;Outras;Colisao lateral;Sem Vitimas;Plena noite
945018;22/07/2011;Sexta;22:05:00;RJ;101;334.0;RIO DE JANEIRO;Outras;Colisao lateral;Sem Vitimas;Plena noite
945019;22/07/2011;Sexta;12:07:00;RJ;101;332.0;RIO DE JANEIRO;Outras;Colisao traseira;Com Vitimas Feridas;Pleno dia
945145;23/07/2011;Sabado;08:45:00;RJ;101;322.0;NITEROI;Outras;Colisao traseira;Com Vitimas Feridas;Pleno dia
945243;23/07/2011;Sabado;07:50:00;RJ;101;322.0;NITEROI;Outras;Colisao lateral;Sem Vitimas;Pleno dia
945260;21/07/2011;Quinta;02:59:00;RJ;101;330.0;RIO DE JANEIRO;Outras;Colisao traseira;Sem Vitimas;Plena noite
945292;23/07/2011;Sabado;10:00:00;RJ;101;330.0;NITEROI;Nao guardar distancia de seguranca;Colisao traseira;Sem Vitimas;Pleno dia
945382;23/07/2011;Sabado;17:55:00;RJ;101;322.0;NITEROI;Outras;Colisao traseira;Sem Vitimas;Anoitecer
945660;24/07/2011;Domingo;05:30:00;RJ;101;321.5;NITEROI;Outras;Capotamento;Com Vitimas Fatais;Amanhecer
945800;24/07/2011;Domingo;14:30:00;RJ;101;321.6;NITEROI;Outras;Colisao lateral;Sem Vitimas;Pleno dia
945914;24/07/2011;Domingo;18:15:00;RJ;101;334.0;RIO DE JANEIRO;Falta de atencao;Colisao com objeto fixo;Sem Vitimas;Plena noite
945919;24/07/2011;Domingo;18:40:00;RJ;101;333.0;RIO DE JANEIRO;Outras;Colisao traseira;Sem Vitimas;Plena noite
946018;24/07/2011;Domingo;22:00:00;RJ;101;300.0;SAO GONCALO;Outras;Colisao com objeto fixo;Sem Vitimas;Plena noite
946271;25/07/2011;Segunda;06:30:00;RJ;101;320.0;SAO GONCALO;Outras;Queda de motocicleta / bicicleta / veiculo;Com Vitimas Feridas;Pleno dia
946419;25/07/2011;Segunda;12:40:00;RJ;101;316.0;SAO GONCALO;Outras;Colisao lateral;Com Vitimas Feridas;Pleno dia
946436;25/07/2011;Segunda;17:55:00;RJ;101;319.0;SAO GONCALO;Outras;Colisao traseira;Sem Vitimas;Anoitecer
946670;26/07/2011;Terca;05:40:00;RJ;101;325.0;NITEROI;Outras;Colisao lateral;Sem Vitimas;Amanhecer
946699;22/07/2011;Sexta;17:42:00;RJ;101;322.0;NITEROI;Outras;Colisao traseira;Sem Vitimas;Plena noite
946779;22/07/2011;Sexta;17:00:00;RJ;101;326.0;NITEROI;Outras;Colisao traseira;Sem Vitimas;Anoitecer
946852;26/07/2011;Terca;11:50:00;RJ;101;325.0;NITEROI;Outras;Colisao lateral;Sem Vitimas;Pleno dia
947032;26/07/2011;Terca;14:50:00;RJ;101;316.0;SAO GONCALO;Outras;Colisao traseira;Sem Vitimas;Pleno dia
947136;26/07/2011;Terca;19:30:00;RJ;101;332.0;RIO DE JANEIRO;Outras;Colisao lateral;Sem Vitimas;Plena noite
947277;27/07/2011;Quarta;00:50:00;RJ;101;314.5;SAO GONCALO;Falta de atencao;Colisao traseira;Com Vitimas Feridas;Plena noite
947324;27/07/2011;Quarta;07:55:00;RJ;101;317.0;SAO GONCALO;Nao guardar distancia de seguranca;Colisao lateral;Com Vitimas Feridas;Pleno dia
947706;27/07/2011;Quarta;18:00:00;RJ;101;318.0;SAO GONCALO;Outras;Colisao traseira;Com Vitimas Feridas;Plena noite
947760;27/07/2011;Quarta;20:00:00;RJ;101;320.0;NITEROI;Outras;Colisao lateral;Com Vitimas Feridas;Plena noite
947881;13/05/2011;Sexta;17:00:00;RJ;101;334.0;RIO DE JANEIRO;Falta de atencao;Colisao lateral;Com Vitimas Feridas;Plena noite
948136;28/07/2011;Quinta;07:30:00;RJ;101;313.0;SAO GONCALO;Dormindo;Colisao traseira;Sem Vitimas;Pleno dia
948137;09/05/2011;Segunda;16:45:00;RJ;101;312.0;SAO GONCALO;Nao guardar distancia de seguranca;Colisao Transversal;Com Vitimas Feridas;Pleno dia
948177;28/07/2011;Quinta;13:00:00;RJ;101;322.0;NITEROI;Falta de atencao;Colisao traseira;Sem Vitimas;Pleno dia
948187;28/07/2011;Quinta;16:00:00;RJ;101;322.0;NITEROI;Outras;Colisao lateral;Sem Vitimas;Anoitecer
948204;28/07/2011;Quinta;17:00:00;RJ;101;322.0;NITEROI;Outras;Colisao traseira;Sem Vitimas;Anoitecer
948261;28/07/2011;Quinta;18:18:00;RJ;101;319.0;SAO GONCALO;Outras;Colisao traseira;Sem Vitimas;Anoitecer
948414;29/07/2011;Sexta;06:20:00;RJ;101;319.0;SAO GONCALO;Outras;Colisao traseira;Sem Vitimas;Amanhecer
948416;29/07/2011;Sexta;08:10:00;RJ;101;327.0;RIO DE JANEIRO;Falta de atencao;Colisao lateral;Sem Vitimas;Pleno dia
948438;29/07/2011;Sexta;09:40:00;RJ;101;306.0;SAO GONCALO;Outras;Colisao lateral;Sem Vitimas;Pleno dia
948440;29/07/2011;Sexta;09:30:00;RJ;101;306.0;SAO GONCALO;Outras;Colisao com objeto fixo;Sem Vitimas;Pleno dia
948471;29/07/2011;Sexta;10:20:00;RJ;101;323.0;NITEROI;Outras;Colisao traseira;Sem Vitimas;Pleno dia
948493;29/07/2011;Sexta;08:20:00;RJ;101;319.0;SAO GONCALO;Outras;Colisao com objeto movel;Sem Vitimas;Amanhecer
948549;29/07/2011;Sexta;13:20:00;RJ;101;327.0;NITEROI;Outras;Colisao lateral;Com Vitimas Feridas;Pleno dia
948658;29/07/2011;Sexta;16:26:00;RJ;101;330.0;RIO DE JANEIRO;Outras;Capotamento;Com Vitimas Feridas;Pleno dia
948708;07/06/2011;Terca;06:30:00;RJ;101;319.0;NITEROI;Outras;Colisao traseira;Sem Vitimas;Pleno dia
948717;29/07/2011;Sexta;19:00:00;RJ;101;323.0;NITEROI;Outras;Colisao lateral;Com Vitimas Feridas;Plena noite
948728;29/07/2011;Sexta;19:55:00;RJ;101;322.0;NITEROI;Outras;Colisao lateral;Sem Vitimas;Plena noite
948821;29/07/2011;Sexta;21:10:00;RJ;101;334.0;RIO DE JANEIRO;Outras;Colisao traseira;Sem Vitimas;Plena noite
948830;29/07/2011;Sexta;21:40:00;RJ;101;322.0;NITEROI;Outras;Colisao com objeto fixo;Sem Vitimas;Plena noite
948978;30/07/2011;Sabado;07:38:00;RJ;101;324.0;NITEROI;Outras;Colisao traseira;Sem Vitimas;Pleno dia
949026;30/07/2011;Sabado;07:40:00;RJ;101;304.0;SAO GONCALO;Outras;Colisao lateral;Com Vitimas Feridas;Pleno dia
949130;30/07/2011;Sabado;15:00:00;RJ;101;327.0;NITEROI;Outras;Colisao traseira;Sem Vitimas;Pleno dia
949305;30/07/2011;Sabado;08:00:00;RJ;101;322.0;NITEROI;Falta de atencao;Colisao traseira;Com Vitimas Feridas;Pleno dia
949353;30/07/2011;Sabado;22:00:00;RJ;101;325.0;NITEROI;Outras;Colisao traseira;Sem Vitimas;Plena noite
949393;30/07/2011;Sabado;22:45:00;RJ;101;322.0;NITEROI;Outras;Colisao lateral;Sem Vitimas;Plena noite
949552;31/07/2011;Domingo;08:20:00;RJ;101;333.0;RIO DE JANEIRO;Outras;Colisao com objeto fixo;Sem Vitimas;Pleno dia
949640;31/07/2011;Domingo;13:00:00;RJ;101;334.0;RIO DE JANEIRO;Outras;Colisao traseira;Sem Vitimas;Pleno dia
949739;31/07/2011;Domingo;16:05:00;RJ;101;330.0;RIO DE JANEIRO;Outras;Colisao traseira;Com Vitimas Feridas;Pleno dia
949929;31/07/2011;Domingo;22:30:00;RJ;101;317.0;SAO GONCALO;Outras;Colisao traseira;Sem Vitimas;Plena noite
950058;31/07/2011;Domingo;03:13:00;RJ;101;327.0;RIO DE JANEIRO;Outras;Colisao traseira;Com Vitimas Feridas;Plena noite
950065;01/08/2011;Segunda;05:40:00;RJ;101;322.0;NITEROI;Outras;Incendio;Sem Vitimas;Pleno dia
950070;30/07/2011;Sabado;18:00:00;RJ;101;323.0;NITEROI;Defeito mecanico em veiculo;Colisao traseira;Sem Vitimas;Plena noite
950122;01/08/2011;Segunda;08:22:00;RJ;101;315.0;SAO GONCALO;Outras;Colisao traseira;Sem Vitimas;Pleno dia
950315;01/08/2011;Segunda;14:24:00;RJ;101;308.0;SAO GONCALO;Falta de atencao;Colisao lateral;Sem Vitimas;Pleno dia
950436;01/08/2011;Segunda;18:40:00;RJ;101;316.0;SAO GONCALO;Nao guardar distancia de seguranca;Colisao traseira;Sem Vitimas;Plena noite
950624;02/08/2011;Terca;02:20:00;RJ;101;300.0;SAO GONCALO;Falta de atencao;Colisao lateral;Sem Vitimas;Plena noite
950644;01/08/2011;Segunda;21:55:00;RJ;101;322.0;NITEROI;Outras;Colisao traseira;Com Vitimas Feridas;Plena noite
950710;30/07/2011;Sabado;03:20:00;RJ;101;328.0;NITEROI;Outras;Colisao traseira;Com Vitimas Fatais;Plena noite
950800;02/08/2011;Terca;09:50:00;RJ;101;315.0;SAO GONCALO;Outras;Saida de Pista;Sem Vitimas;Pleno dia
950943;02/08/2011;Terca;14:40:00;RJ;101;328.0;NITEROI;Outras;Colisao lateral;Sem Vitimas;Pleno dia
951005;02/08/2011;Terca;17:50:00;RJ;101;322.0;NITEROI;Outras;Colisao traseira;Sem Vitimas;Anoitecer
951048;30/07/2011;Sabado;05:00:00;RJ;101;314.0;SAO GONCALO;Outras;Colisao Transversal;Com Vitimas Feridas;Plena noite
951069;02/08/2011;Terca;18:30:00;RJ;101;330.0;RIO DE JANEIRO;Outras;Colisao traseira;Sem Vitimas;Plena noite
951248;03/08/2011;Quarta;05:20:00;RJ;101;333.1;RIO DE JANEIRO;Outras;Colisao traseira;Sem Vitimas;Pleno dia
951490;03/08/2011;Quarta;06:40:00;RJ;101;318.0;SAO GONCALO;Outras;Colisao lateral;Com Vitimas Feridas;Pleno dia
951542;03/08/2011;Quarta;06:40:00;RJ;101;317.0;SAO GONCALO;Outras;Colisao traseira;Com Vitimas Feridas;Pleno dia
951713;03/08/2011;Quarta;22:15:00;RJ;101;321.0;NITEROI;Outras;Atropelamento de pessoa;Com Vitimas Feridas;Plena noite
951716;04/08/2011;Quinta;00:30:00;RJ;101;322.3;NITEROI;Outras;Colisao com objeto fixo;Sem Vitimas;Plena noite
951746;04/08/2011;Quinta;03:20:00;RJ;101;303.0;SAO GONCALO;Outras;Colisao lateral;Sem Vitimas;Plena noite
951881;04/08/2011;Quinta;10:50:00;RJ;101;321.0;NITEROI;Outras;Colisao traseira;Com Vitimas Feridas;Pleno dia
952201;04/08/2011;Quinta;23:45:00;RJ;101;322.0;NITEROI;Dormindo;Colisao com objeto fixo;Sem Vitimas;Plena noite
952260;01/08/2011;Segunda;09:30:00;RJ;101;334.0;RIO DE JANEIRO;Falta de atencao;Colisao traseira;Sem Vitimas;Pleno dia
952277;27/07/2011;Quarta;05:34:00;RJ;101;320.0;NITEROI;Outras;Colisao com objeto fixo;Sem Vitimas;Amanhecer
952323;05/08/2011;Sexta;05:20:00;RJ;101;304.0;SAO GONCALO;Outras;Colisao lateral;Com Vitimas Feridas;Plena noite
952343;05/08/2011;Sexta;08:00:00;RJ;101;313.0;SAO GONCALO;Nao guardar distancia de seguranca;Colisao traseira;Sem Vitimas;Pleno dia
952435;05/08/2011;Sexta;08:00:00;RJ;101;313.0;SAO GONCALO;Outras;Capotamento;Com Vitimas Feridas;Pleno dia
952564;05/08/2011;Sexta;07:00:00;RJ;101;322.0;NITEROI;Falta de atencao;Colisao lateral;Sem Vitimas;Pleno dia
952890;06/08/2011;Sabado;08:20:00;RJ;101;322.0;NITEROI;Outras;Colisao traseira;Sem Vitimas;Pleno dia
952907;06/08/2011;Sabado;08:45:00;RJ;101;322.0;NITEROI;Outras;Colisao traseira;Sem Vitimas;Pleno dia
952934;04/08/2011;Quinta;18:26:00;RJ;101;322.0;NITEROI;Falta de atencao;Colisao lateral;Sem Vitimas;Plena noite
953087;05/08/2011;Sexta;22:20:00;RJ;101;322.0;NITEROI;Outras;Colisao traseira;Sem Vitimas;Plena noite
953098;05/08/2011;Sexta;23:45:00;RJ;101;322.0;NITEROI;Outras;Colisao lateral;Sem Vitimas;Anoitecer
953399;05/08/2011;Sexta;23:00:00;RJ;101;322.0;NITEROI;Outras;Colisao lateral;Sem Vitimas;Plena noite
953415;07/08/2011;Domingo;07:10:00;RJ;101;323.0;NITEROI;Outras;Colisao traseira;Sem Vitimas;Pleno dia
953483;07/08/2011;Domingo;11:30:00;RJ;101;312.0;SAO GONCALO;Outras;Capotamento;Com Vitimas Feridas;Pleno dia
953523;07/08/2011;Domingo;13:40:00;RJ;101;322.0;NITEROI;Outras;Colisao traseira;Sem Vitimas;Pleno dia
953546;05/08/2011;Sexta;21:00:00;RJ;101;321.0;NITEROI;Falta de atencao;Colisao traseira;Sem Vitimas;Plena noite
953588;07/08/2011;Domingo;16:00:00;RJ;101;319.0;NITEROI;Outras;Saida de Pista;Sem Vitimas;Pleno dia
955903;08/08/2011;Segunda;14:50:00;RJ;101;330.0;RIO DE JANEIRO;Nao guardar distancia de seguranca;Colisao traseira;Sem Vitimas;Pleno dia
956206;07/08/2011;Domingo;19:30:00;RJ;101;311.0;SAO GONCALO;Outras;Capotamento;Com Vitimas Feridas;Anoitecer
956379;07/08/2011;Domingo;20:40:00;RJ;101;302.0;SAO GONCALO;Outras;Saida de Pista;Com Vitimas Feridas;Plena noite
956598;09/08/2011;Terca;17:30:00;RJ;101;314.0;SAO GONCALO;Outras;Saida de Pista;Sem Vitimas;Anoitecer
956912;10/08/2011;Quarta;06:20:00;RJ;101;310.0;SAO GONCALO;Outras;Colisao traseira;Sem Vitimas;Pleno dia
957438;07/08/2011;Domingo;17:55:00;RJ;101;322.1;NITEROI;Outras;Colisao traseira;Sem Vitimas;Anoitecer
957454;11/08/2011;Quinta;06:00:00;RJ;101;301.0;SAO GONCALO;Falta de atencao;Saida de Pista;Sem Vitimas;Amanhecer
957688;11/08/2011;Quinta;11:40:00;RJ;101;319.0;SAO GONCALO;Outras;Colisao traseira;Sem Vitimas;Pleno dia
957689;11/08/2011;Quinta;09:00:00;RJ;101;316.0;SAO GONCALO;Outras;Colisao lateral;Com Vitimas Feridas;Pleno dia
957770;11/08/2011;Quinta;15:00:00;RJ;101;323.0;NITEROI;Outras;Colisao traseira;Sem Vitimas;Pleno dia
957818;11/08/2011;Quinta;17:40:00;RJ;101;321.0;NITEROI;Outras;Colisao lateral;Sem Vitimas;Plena noite
958139;09/08/2011;Terca;23:00:00;RJ;101;321.2;NITEROI;Outras;Colisao lateral;Sem Vitimas;Plena noite
958151;12/08/2011;Sexta;06:30:00;RJ;101;320.0;NITEROI;Outras;Colisao lateral;Sem Vitimas;Pleno dia
958250;12/08/2011;Sexta;10:00:00;RJ;101;321.0;NITEROI;Falta de atencao;Colisao traseira;Com Vitimas Feridas;Pleno dia
958295;12/08/2011;Sexta;07:00:00;RJ;101;304.0;SAO GONCALO;Outras;Atropelamento de pessoa;Com Vitimas Feridas;Pleno dia
958304;09/08/2011;Terca;11:20:00;RJ;101;327.0;NITEROI;Defeito mecanico em veiculo;Colisao traseira;Sem Vitimas;Pleno dia
958319;09/08/2011;Terca;20:00:00;RJ;101;333.0;RIO DE JANEIRO;Defeito mecanico em veiculo;Colisao lateral;Com Vitimas Feridas;Plena noite
958396;12/08/2011;Sexta;17:00:00;RJ;101;316.0;SAO GONCALO;Outras;Queda de motocicleta / bicicleta / veiculo;Com Vitimas Feridas;Pleno dia
958409;09/08/2011;Terca;04:45:00;RJ;101;316.0;SAO GONCALO;Outras;Colisao traseira;Com Vitimas Feridas;Plena noite
958430;12/08/2011;Sexta;17:00:00;RJ;101;311.0;SAO GONCALO;Outras;Colisao traseira;Sem Vitimas;Pleno dia
958500;12/08/2011;Sexta;19:30:00;RJ;101;324.0;NITEROI;Falta de atencao;Colisao traseira;Sem Vitimas;Plena noite
958517;12/08/2011;Sexta;19:30:00;RJ;101;326.0;NITEROI;Falta de atencao;Colisao traseira;Sem Vitimas;Plena noite
958529;09/08/2011;Terca;22:50:00;RJ;101;321.0;NITEROI;Outras;Colisao lateral;Sem Vitimas;Plena noite
958576;12/08/2011;Sexta;19:20:00;RJ;101;314.0;SAO GONCALO;Ingestao de alcool;Colisao traseira;Sem Vitimas;Plena noite
958582;12/08/2011;Sexta;21:15:00;RJ;101;319.0;SAO GONCALO;Outras;Colisao traseira;Sem Vitimas;Plena noite
958604;12/08/2011;Sexta;21:30:00;RJ;101;332.0;RIO DE JANEIRO;Outras;Colisao traseira;Sem Vitimas;Plena noite
958858;13/08/2011;Sabado;14:00:00;RJ;101;320.0;NITEROI;Outras;Colisao traseira;Sem Vitimas;Pleno dia
958950;13/08/2011;Sabado;16:20:00;RJ;101;314.0;SAO GONCALO;Outras;Saida de Pista;Sem Vitimas;Pleno dia
958954;13/08/2011;Sabado;13:40:00;RJ;101;312.0;SAO GONCALO;Outras;Atropelamento de pessoa;Com Vitimas Feridas;Pleno dia
959100;13/08/2011;Sabado;22:00:00;RJ;101;326.0;NITEROI;Outras;Colisao lateral;Sem Vitimas;Plena noite
959333;14/08/2011;Domingo;11:15:00;RJ;101;322.0;NITEROI;Outras;Colisao traseira;Sem Vitimas;Pleno dia
959405;14/08/2011;Domingo;14:20:00;RJ;101;328.0;NITEROI;Outras;Colisao traseira;Com Vitimas Feridas;Pleno dia
959448;14/08/2011;Domingo;17:10:00;RJ;101;322.0;NITEROI;Outras;Colisao traseira;Sem Vitimas;Anoitecer
959477;14/08/2011;Domingo;18:00:00;RJ;101;322.0;NITEROI;Outras;Colisao traseira;Sem Vitimas;Plena noite
959508;14/08/2011;Domingo;18:31:00;RJ;101;322.0;NITEROI;Outras;Colisao traseira;Com Vitimas Feridas;Plena noite
959924;15/08/2011;Segunda;10:35:00;RJ;101;323.0;NITEROI;Falta de atencao;Colisao traseira;Sem Vitimas;Pleno dia
959942;15/08/2011;Segunda;10:56:00;RJ;101;324.0;NITEROI;Outras;Colisao traseira;Sem Vitimas;Pleno dia
959957;15/08/2011;Segunda;10:50:00;RJ;101;330.0;RIO DE JANEIRO;Outras;Colisao traseira;Sem Vitimas;Pleno dia
960021;15/08/2011;Segunda;12:50:00;RJ;101;310.0;SAO GONCALO;Outras;Colisao com objeto movel;Sem Vitimas;Pleno dia
960042;15/08/2011;Segunda;14:40:00;RJ;101;320.0;NITEROI;Outras;Capotamento;Sem Vitimas;Pleno dia
960050;15/08/2011;Segunda;15:30:00;RJ;101;325.0;NITEROI;Outras;Colisao traseira;Sem Vitimas;Pleno dia
960398;16/08/2011;Terca;05:50:00;RJ;101;314.0;SAO GONCALO;Outras;Saida de Pista;Sem Vitimas;Pleno dia
960439;16/08/2011;Terca;07:00:00;RJ;101;314.0;SAO GONCALO;Nao guardar distancia de seguranca;Colisao traseira;Sem Vitimas;Pleno dia
960686;16/08/2011;Terca;08:45:00;RJ;101;318.0;SAO GONCALO;Outras;Colisao traseira;Sem Vitimas;Pleno dia
960706;16/08/2011;Terca;18:40:00;RJ;101;322.0;NITEROI;Outras;Colisao lateral;Sem Vitimas;Plena noite
960740;16/08/2011;Terca;14:20:00;RJ;101;319.9;NITEROI;Nao guardar distancia de seguranca;Colisao traseira;Sem Vitimas;Pleno dia
960758;16/08/2011;Terca;20:00:00;RJ;101;299.0;SAO GONCALO;Outras;Colisao com objeto fixo;Sem Vitimas;Pleno dia
960771;11/08/2011;Quinta;19:18:00;RJ;101;309.0;SAO GONCALO;Outras;Atropelamento de pessoa;Sem Vitimas;Plena noite
960876;13/08/2011;Sabado;09:00:00;RJ;101;321.0;NITEROI;Outras;Colisao traseira;Sem Vitimas;Pleno dia
960900;17/08/2011;Quarta;06:11:00;RJ;101;313.0;SAO GONCALO;Falta de atencao;Colisao lateral;Sem Vitimas;Pleno dia
961019;17/08/2011;Quarta;11:00:00;RJ;101;322.0;NITEROI;Defeito mecanico em veiculo;Colisao traseira;Sem Vitimas;Pleno dia
961024;17/08/2011;Quarta;07:20:00;RJ;101;319.0;SAO GONCALO;Outras;Atropelamento de pessoa;Com Vitimas Feridas;Pleno dia
961627;18/08/2011;Quinta;08:17:00;RJ;101;329.0;RIO DE JANEIRO;Outras;Colisao traseira;Com Vitimas Feridas;Pleno dia
961697;18/08/2011;Quinta;17:20:00;RJ;101;322.0;NITEROI;Outras;Atropelamento de pessoa;Com Vitimas Feridas;Anoitecer
961700;18/08/2011;Quinta;17:00:00;RJ;101;322.0;NITEROI;Outras;Colisao traseira;Sem Vitimas;Anoitecer
961883;18/08/2011;Quinta;23:00:00;RJ;101;322.0;NITEROI;Outras;Colisao traseira;Sem Vitimas;Plena noite
961926;19/08/2011;Sexta;02:20:00;RJ;101;309.0;SAO GONCALO;Outras;Atropelamento de animal;Sem Vitimas;Plena noite
961971;19/08/2011;Sexta;05:30:00;RJ;101;316.0;SAO GONCALO;Outras;Saida de Pista;Sem Vitimas;Amanhecer
962081;19/08/2011;Sexta;08:55:00;RJ;101;325.0;NITEROI;Outras;Colisao traseira;Sem Vitimas;Pleno dia
962110;19/08/2011;Sexta;10:30:00;RJ;101;323.0;NITEROI;Falta de atencao;Colisao lateral;Sem Vitimas;Pleno dia
962125;19/08/2011;Sexta;11:56:00;RJ;101;322.0;NITEROI;Outras;Colisao traseira;Sem Vitimas;Pleno dia
962126;19/08/2011;Sexta;11:50:00;RJ;101;333.0;RIO DE JANEIRO;Outras;Colisao traseira;Sem Vitimas;Pleno dia
962165;19/08/2011;Sexta;12:20:00;RJ;101;322.0;NITEROI;Outras;Colisao traseira;Sem Vitimas;Pleno dia
962245;19/08/2011;Sexta;15:30:00;RJ;101;331.0;RIO DE JANEIRO;Falta de atencao;Colisao lateral;Sem Vitimas;Pleno dia
962268;19/08/2011;Sexta;16:30:00;RJ;101;329.0;RIO DE JANEIRO;Outras;Colisao lateral;Sem Vitimas;Pleno dia
962335;19/08/2011;Sexta;18:15:00;RJ;101;309.0;SAO GONCALO;Outras;Colisao traseira;Sem Vitimas;Plena noite
962409;19/08/2011;Sexta;17:00:00;RJ;101;317.0;SAO GONCALO;Falta de atencao;Capotamento;Com Vitimas Feridas;Pleno dia
962413;19/08/2011;Sexta;20:20:00;RJ;101;325.0;NITEROI;Outras;Colisao traseira;Sem Vitimas;Plena noite
962509;20/08/2011;Sabado;01:38:00;RJ;101;333.0;RIO DE JANEIRO;Falta de atencao;Colisao traseira;Sem Vitimas;Amanhecer
962727;20/08/2011;Sabado;12:30:00;RJ;101;332.0;RIO DE JANEIRO;Outras;Queda de motocicleta / bicicleta / veiculo;Com Vitimas Feridas;Pleno dia
962752;20/08/2011;Sabado;14:40:00;RJ;101;323.0;NITEROI;Outras;Colisao traseira;Com Vitimas Feridas;Pleno dia
962784;20/08/2011;Sabado;15:30:00;RJ;101;323.0;NITEROI;Nao guardar distancia de seguranca;Colisao traseira;Sem Vitimas;Pleno dia
962829;20/08/2011;Sabado;10:50:00;RJ;101;321.0;NITEROI;Outras;Colisao lateral;Sem Vitimas;Pleno dia
963018;21/08/2011;Domingo;01:40:00;RJ;101;317.0;SAO GONCALO;Ingestao de alcool;Saida de Pista;Sem Vitimas;Plena noite
963150;21/08/2011;Domingo;06:30:00;RJ;101;305.0;SAO GONCALO;Outras;Colisao traseira;Sem Vitimas;Pleno dia
963397;21/08/2011;Domingo;19:00:00;RJ;101;317.0;SAO GONCALO;Defeito mecanico em veiculo;Colisao Transversal;Sem Vitimas;Plena noite
963438;21/08/2011;Domingo;23:00:00;RJ;101;315.0;SAO GONCALO;Defeito mecanico em veiculo;Saida de Pista;Sem Vitimas;Plena noite
963640;22/08/2011;Segunda;12:00:00;RJ;101;322.0;NITEROI;Outras;Colisao traseira;Sem Vitimas;Pleno dia
963862;22/08/2011;Segunda;18:30:00;RJ;101;321.0;NITEROI;Outras;Colisao lateral;Sem Vitimas;Plena noite
963893;22/08/2011;Segunda;19:30:00;RJ;101;328.0;RIO DE JANEIRO;Outras;Colisao traseira;Sem Vitimas;Plena noite
963913;22/08/2011;Segunda;18:30:00;RJ;101;319.0;SAO GONCALO;Outras;Atropelamento de pessoa;Com Vitimas Feridas;Plena noite
964193;23/08/2011;Terca;08:45:00;RJ;101;319.0;SAO GONCALO;Falta de atencao;Colisao lateral;Com Vitimas Feridas;Pleno dia
964319;19/08/2011;Sexta;21:30:00;RJ;101;320.0;NITEROI;Falta de atencao;Colisao traseira;Sem Vitimas;Plena noite
964560;21/08/2011;Domingo;04:15:00;RJ;101;305.0;SAO GONCALO;Outras;Atropelamento de pessoa;Com Vitimas Feridas;Plena noite
964590;24/08/2011;Quarta;06:50:00;RJ;101;319.0;SAO GONCALO;Outras;Colisao lateral;Sem Vitimas;Pleno dia
964611;24/08/2011;Quarta;08:50:00;RJ;101;320.0;NITEROI;Outras;Colisao traseira;Com Vitimas Feridas;Pleno dia
964685;24/08/2011;Quarta;07:40:00;RJ;101;317.4;SAO GONCALO;Falta de atencao;Colisao lateral;Sem Vitimas;Pleno dia
965044;25/08/2011;Quinta;00:40:00;RJ;101;310.0;SAO GONCALO;Outras;Queda de motocicleta / bicicleta / veiculo;Com Vitimas Feridas;Pleno dia
965052;25/08/2011;Quinta;02:00:00;RJ;101;330.0;RIO DE JANEIRO;Velocidade incompativel;Capotamento;Com Vitimas Feridas;Plena noite
965102;21/08/2011;Domingo;08:15:00;RJ;101;322.0;NITEROI;Outras;Atropelamento de pessoa;Com Vitimas Feridas;Pleno dia
965108;25/08/2011;Quinta;06:38:00;RJ;101;322.0;NITEROI;Outras;Colisao traseira;Sem Vitimas;Pleno dia
965343;25/08/2011;Quinta;11:10:00;RJ;101;312.0;SAO GONCALO;Falta de atencao;Colisao traseira;Sem Vitimas;Pleno dia
965592;25/08/2011;Quinta;22:00:00;RJ;101;329.0;RIO DE JANEIRO;Outras;Colisao com objeto fixo;Com Vitimas Feridas;Plena noite
965753;26/08/2011;Sexta;07:50:00;RJ;101;314.0;SAO GONCALO;Outras;Saida de Pista;Ignorado;Amanhecer
965968;26/08/2011;Sexta;17:00:00;RJ;101;334.0;NITEROI;Outras;Colisao traseira;Sem Vitimas;Anoitecer
965977;26/08/2011;Sexta;01:05:00;RJ;101;322.0;NITEROI;Outras;Colisao traseira;Sem Vitimas;Plena noite
965985;26/08/2011;Sexta;01:45:00;RJ;101;322.0;NITEROI;Outras;Colisao lateral;Sem Vitimas;Plena noite
966263;27/08/2011;Sabado;06:50:00;RJ;101;321.8;NITEROI;Outras;Colisao lateral;Sem Vitimas;Pleno dia
966307;27/08/2011;Sabado;10:10:00;RJ;101;324.0;NITEROI;Outras;Colisao traseira;Sem Vitimas;Pleno dia
966431;27/08/2011;Sabado;14:28:00;RJ;101;327.0;RIO DE JANEIRO;Outras;Colisao traseira;Sem Vitimas;Pleno dia
966452;27/08/2011;Sabado;16:30:00;RJ;101;322.0;NITEROI;Nao guardar distancia de seguranca;Colisao traseira;Sem Vitimas;Pleno dia
966522;27/08/2011;Sabado;14:15:00;RJ;101;320.0;NITEROI;Outras;Colisao lateral;Com Vitimas Feridas;Pleno dia
966586;27/08/2011;Sabado;22:30:00;RJ;101;315.0;SAO GONCALO;Ingestao de alcool;Colisao traseira;Sem Vitimas;Pleno dia
966596;27/08/2011;Sabado;17:20:00;RJ;101;322.0;NITEROI;Falta de atencao;Colisao lateral;Sem Vitimas;Anoitecer
966697;25/08/2011;Quinta;18:55:00;RJ;101;321.9;NITEROI;Outras;Colisao lateral;Sem Vitimas;Anoitecer
966945;28/08/2011;Domingo;16:40:00;RJ;101;300.0;SAO GONCALO;Outras;Colisao com objeto fixo;Com Vitimas Feridas;Pleno dia
966952;28/08/2011;Domingo;20:00:00;RJ;101;334.0;RIO DE JANEIRO;Nao guardar distancia de seguranca;Colisao traseira;Sem Vitimas;Plena noite
966963;28/08/2011;Domingo;17:00:00;RJ;101;319.0;SAO GONCALO;Outras;Saida de Pista;Com Vitimas Feridas;Pleno dia
967149;29/08/2011;Segunda;05:50:00;RJ;101;319.5;SAO GONCALO;Falta de atencao;Colisao traseira;Sem Vitimas;Amanhecer
967249;29/08/2011;Segunda;11:00:00;RJ;101;307.0;SAO GONCALO;Outras;Saida de Pista;Sem Vitimas;Pleno dia
967265;29/08/2011;Segunda;07:30:00;RJ;101;308.5;SAO GONCALO;Animais na Pista;Atropelamento de animal;Sem Vitimas;Pleno dia
967269;13/04/2011;Quarta;11:20:00;RJ;101;322.0;NITEROI;Outras;Colisao lateral;Sem Vitimas;Pleno dia
967383;29/08/2011;Segunda;07:50:00;RJ;101;318.0;SAO GONCALO;Outras;Colisao traseira;Sem Vitimas;Pleno dia
967578;27/08/2011;Sabado;15:45:00;RJ;101;322.0;NITEROI;Falta de atencao;Danos Eventuais;Sem Vitimas;Pleno dia
967637;30/08/2011;Terca;03:35:00;RJ;101;306.0;SAO GONCALO;Outras;Colisao traseira;Sem Vitimas;Plena noite
967638;30/08/2011;Terca;01:00:00;RJ;101;311.0;SAO GONCALO;Outras;Capotamento;Com Vitimas Feridas;Plena noite
967678;30/08/2011;Terca;07:30:00;RJ;101;334.0;RIO DE JANEIRO;Outras;Colisao traseira;Sem Vitimas;Pleno dia
967729;30/08/2011;Terca;08:30:00;RJ;101;328.0;RIO DE JANEIRO;Outras;Colisao traseira;Sem Vitimas;Pleno dia
967809;30/08/2011;Terca;11:20:00;RJ;101;307.0;SAO GONCALO;Outras;Colisao traseira;Sem Vitimas;Pleno dia
967922;30/08/2011;Terca;16:00:00;RJ;101;328.4;RIO DE JANEIRO;Outras;Colisao lateral;Sem Vitimas;Pleno dia
967959;30/08/2011;Terca;17:00:00;RJ;101;327.5;NITEROI;Outras;Colisao com objeto movel;Sem Vitimas;Pleno dia
967984;30/08/2011;Terca;16:10:00;RJ;101;322.0;NITEROI;Outras;Colisao lateral;Com Vitimas Feridas;Pleno dia
968063;30/08/2011;Terca;19:18:00;RJ;101;309.0;SAO GONCALO;Outras;Queda de motocicleta / bicicleta / veiculo;Com Vitimas Feridas;Plena noite
968139;30/08/2011;Terca;22:23:00;RJ;101;331.0;RIO DE JANEIRO;Defeito mecanico em veiculo;Colisao com objeto movel;Sem Vitimas;Plena noite
968150;30/08/2011;Terca;22:49:00;RJ;101;331.0;RIO DE JANEIRO;Defeito mecanico em veiculo;Colisao com objeto movel;Sem Vitimas;Plena noite
968221;19/08/2011;Sexta;11:30:00;RJ;101;321.0;NITEROI;Outras;Colisao traseira;Sem Vitimas;Pleno dia
968248;29/08/2011;Segunda;19:55:00;RJ;101;322.0;NITEROI;Outras;Colisao traseira;Sem Vitimas;Plena noite
968287;31/08/2011;Quarta;08:00:00;RJ;101;316.0;SAO GONCALO;Desobediencia a sinalizacao;Colisao lateral;Com Vitimas Feridas;Pleno dia
968301;31/08/2011;Quarta;07:40:00;RJ;101;306.0;SAO GONCALO;Outras;Saida de Pista;Sem Vitimas;Amanhecer
968353;31/08/2011;Quarta;10:30:00;RJ;101;327.0;RIO DE JANEIRO;Outras;Colisao traseira;Sem Vitimas;Pleno dia
968385;31/08/2011;Quarta;12:20:00;RJ;101;309.0;SAO GONCALO;Outras;Colisao traseira;Sem Vitimas;Pleno dia
968492;31/08/2011;Quarta;14:00:00;RJ;101;320.0;NITEROI;Outras;Colisao com objeto movel;Com Vitimas Feridas;Pleno dia
968498;28/08/2011;Domingo;04:40:00;RJ;101;323.0;NITEROI;Dormindo;Capotamento;Com Vitimas Feridas;Plena noite
968509;31/08/2011;Quarta;16:30:00;RJ;101;313.0;SAO GONCALO;Outras;Colisao lateral;Sem Vitimas;Pleno dia
968569;31/08/2011;Quarta;19:00:00;RJ;101;320.0;SAO GONCALO;Outras;Colisao traseira;Sem Vitimas;Plena noite
968644;31/08/2011;Quarta;21:30:00;RJ;101;322.0;NITEROI;Outras;Colisao traseira;Com Vitimas Fatais;Plena noite
968670;31/08/2011;Quarta;21:15:00;RJ;101;320.0;NITEROI;Outras;Colisao traseira;Sem Vitimas;Plena noite
969079;01/09/2011;Quinta;17:10:00;RJ;101;322.0;NITEROI;Nao guardar distancia de seguranca;Colisao traseira;Sem Vitimas;Pleno dia
969166;01/09/2011;Quinta;23:15:00;RJ;101;325.0;NITEROI;Ingestao de alcool;Colisao traseira;Com Vitimas Feridas;Plena noite
969253;02/09/2011;Sexta;06:30:00;RJ;101;307.0;SAO GONCALO;Outras;Colisao traseira;Com Vitimas Feridas;Plena noite
969340;02/09/2011;Sexta;11:00:00;RJ;101;304.0;SAO GONCALO;Outras;Saida de Pista;Sem Vitimas;Pleno dia
969592;02/09/2011;Sexta;20:30:00;RJ;101;302.0;SAO GONCALO;Outras;Atropelamento de pessoa;Com Vitimas Feridas;Plena noite
969605;02/09/2011;Sexta;19:00:00;RJ;101;321.0;SAO GONCALO;Outras;Colisao traseira;Sem Vitimas;Plena noite
969852;03/09/2011;Sabado;09:30:00;RJ;101;329.0;RIO DE JANEIRO;Outras;Colisao traseira;Sem Vitimas;Pleno dia
969934;03/09/2011;Sabado;14:40:00;RJ;101;322.0;NITEROI;Outras;Colisao traseira;Sem Vitimas;Pleno dia
970002;03/09/2011;Sabado;17:30:00;RJ;101;322.0;NITEROI;Outras;Colisao traseira;Sem Vitimas;Anoitecer
970124;03/09/2011;Sabado;22:00:00;RJ;101;321.5;NITEROI;Outras;Colisao traseira;Sem Vitimas;Plena noite
970214;03/09/2011;Sabado;22:30:00;RJ;101;319.0;SAO GONCALO;Outras;Colisao traseira;Com Vitimas Fatais;Plena noite
970379;02/09/2011;Sexta;10:45:00;RJ;101;322.0;RIO DE JANEIRO;Outras;Colisao lateral;Sem Vitimas;Plena noite
970420;04/09/2011;Domingo;14:15:00;RJ;101;322.0;NITEROI;Desobediencia a sinalizacao;Colisao traseira;Sem Vitimas;Pleno dia
970434;04/09/2011;Domingo;15:15:00;RJ;101;327.0;NITEROI;Falta de atencao;Colisao traseira;Sem Vitimas;Pleno dia
970445;04/09/2011;Domingo;15:50:00;RJ;101;313.0;SAO GONCALO;Outras;Colisao com objeto fixo;Sem Vitimas;Pleno dia
970645;04/09/2011;Domingo;22:20:00;RJ;101;325.0;NITEROI;Falta de atencao;Colisao traseira;Sem Vitimas;Plena noite
970658;04/09/2011;Domingo;21:45:00;RJ;101;325.0;NITEROI;Outras;Colisao traseira;Sem Vitimas;Plena noite
970786;05/09/2011;Segunda;08:30:00;RJ;101;332.0;NITEROI;Nao guardar distancia de seguranca;Colisao traseira;Sem Vitimas;Pleno dia
970789;02/09/2011;Sexta;18:00:00;RJ;101;323.0;NITEROI;Outras;Colisao traseira;Sem Vitimas;Pleno dia
970820;03/09/2011;Sabado;04:50:00;RJ;101;322.0;NITEROI;Outras;Colisao traseira;Sem Vitimas;Amanhecer
970828;05/09/2011;Segunda;11:30:00;RJ;101;321.8;NITEROI;Outras;Atropelamento de pessoa;Com Vitimas Feridas;Pleno dia
970869;05/09/2011;Segunda;09:00:00;RJ;101;325.0;NITEROI;Outras;Colisao traseira;Sem Vitimas;Pleno dia
970927;05/09/2011;Segunda;14:50:00;RJ;101;301.0;SAO GONCALO;Dormindo;Capotamento;Sem Vitimas;Pleno dia
971085;05/09/2011;Segunda;19:30:00;RJ;101;324.0;NITEROI;Nao guardar distancia de seguranca;Colisao traseira;Sem Vitimas;Plena noite
971254;03/09/2011;Sabado;05:00:00;RJ;101;325.0;RIO DE JANEIRO;Falta de atencao;Colisao traseira;Sem Vitimas;Plena noite
971414;06/09/2011;Terca;13:00:00;RJ;101;321.0;NITEROI;Outras;Queda de motocicleta / bicicleta / veiculo;Com Vitimas Feridas;Pleno dia
971563;02/09/2011;Sexta;22:00:00;RJ;101;319.0;SAO GONCALO;Outras;Colisao traseira;Com Vitimas Feridas;Plena noite
971666;06/09/2011;Terca;20:45:00;RJ;101;306.0;SAO GONCALO;Outras;Capotamento;Sem Vitimas;Plena noite
971694;06/09/2011;Terca;18:30:00;RJ;101;318.0;SAO GONCALO;Nao guardar distancia de seguranca;Colisao traseira;Sem Vitimas;Plena noite
971829;07/09/2011;Quarta;05:45:00;RJ;101;334.0;NITEROI;Outras;Capotamento;Sem Vitimas;Amanhecer
971875;04/09/2011;Domingo;02:10:00;RJ;101;317.0;SAO GONCALO;Velocidade incompativel;Colisao traseira;Com Vitimas Feridas;Plena noite
972418;04/09/2011;Domingo;22:00:00;RJ;101;299.0;SAO GONCALO;Outras;Colisao traseira;Sem Vitimas;Plena noite
972420;08/09/2011;Quinta;08:50:00;RJ;101;320.0;NITEROI;Falta de atencao;Colisao lateral;Sem Vitimas;Pleno dia
972646;08/09/2011;Quinta;05:40:00;RJ;101;310.0;SAO GONCALO;Outras;Saida de Pista;Com Vitimas Feridas;Amanhecer
972738;08/09/2011;Quinta;19:50:00;RJ;101;312.0;SAO GONCALO;Ultrapassagem indevida;Capotamento;Sem Vitimas;Plena noite
972888;09/09/2011;Sexta;00:20:00;RJ;101;311.0;SAO GONCALO;Outras;Capotamento;Com Vitimas Feridas;Plena noite
973129;09/09/2011;Sexta;16:00:00;RJ;101;317.0;SAO GONCALO;Outras;Saida de Pista;Sem Vitimas;Pleno dia
973195;09/09/2011;Sexta;19:00:00;RJ;101;322.0;NITEROI;Nao guardar distancia de seguranca;Colisao lateral;Sem Vitimas;Plena noite
973404;06/09/2011;Terca;07:40:00;RJ;101;324.0;NITEROI;Falta de atencao;Colisao lateral;Com Vitimas Feridas;Pleno dia
973471;10/09/2011;Sabado;07:50:00;RJ;101;330.0;RIO DE JANEIRO;Outras;Capotamento;Com Vitimas Feridas;Amanhecer
973622;06/09/2011;Terca;09:10:00;RJ;101;324.2;NITEROI;Outras;Colisao traseira;Sem Vitimas;Pleno dia
973641;06/09/2011;Terca;13:36:00;RJ;101;322.0;NITEROI;Outras;Colisao traseira;Sem Vitimas;Anoitecer
973644;06/09/2011;Terca;10:00:00;RJ;101;324.2;NITEROI;Outras;Colisao lateral;Sem Vitimas;Pleno dia
973679;10/09/2011;Sabado;18:20:00;RJ;101;323.9;NITEROI;Outras;Colisao traseira;Sem Vitimas;Anoitecer
973694;10/09/2011;Sabado;19:00:00;RJ;101;308.0;SAO GONCALO;Outras;Colisao traseira;Sem Vitimas;Plena noite
973710;10/09/2011;Sabado;18:50:00;RJ;101;308.0;SAO GONCALO;Outras;Colisao traseira;Sem Vitimas;Plena noite
973727;10/09/2011;Sabado;07:00:00;RJ;101;329.0;RIO DE JANEIRO;Defeito mecanico em veiculo;Colisao com objeto movel;Sem Vitimas;Amanhecer
973744;10/09/2011;Sabado;11:00:00;RJ;101;323.0;NITEROI;Falta de atencao;Colisao lateral;Sem Vitimas;Pleno dia
973754;10/09/2011;Sabado;20:40:00;RJ;101;318.0;SAO GONCALO;Outras;Saida de Pista;Sem Vitimas;Plena noite
973757;10/09/2011;Sabado;10:20:00;RJ;101;321.0;NITEROI;Falta de atencao;Colisao traseira;Sem Vitimas;Pleno dia
973768;10/09/2011;Sabado;09:00:00;RJ;101;323.0;NITEROI;Outras;Colisao lateral;Sem Vitimas;Plena noite
973780;06/09/2011;Terca;19:10:00;RJ;101;322.0;RIO DE JANEIRO;Outras;Colisao traseira;Sem Vitimas;Plena noite
973955;11/09/2011;Domingo;11:00:00;RJ;101;322.0;NITEROI;Outras;Colisao traseira;Sem Vitimas;Pleno dia
973991;11/09/2011;Domingo;10:00:00;RJ;101;318.0;NITEROI;Outras;Colisao traseira;Com Vitimas Feridas;Pleno dia
974061;11/09/2011;Domingo;16:00:00;RJ;101;306.0;SAO GONCALO;Outras;Saida de Pista;Sem Vitimas;Pleno dia
974072;11/09/2011;Domingo;17:00:00;RJ;101;328.0;RIO DE JANEIRO;Outras;Colisao com objeto movel;Sem Vitimas;Anoitecer
974097;11/09/2011;Domingo;16:00:00;RJ;101;306.0;SAO GONCALO;Outras;Colisao traseira;Sem Vitimas;Pleno dia
974115;11/09/2011;Domingo;18:15:00;RJ;101;306.0;SAO GONCALO;Outras;Colisao traseira;Sem Vitimas;Plena noite
974216;11/09/2011;Domingo;18:15:00;RJ;101;306.0;SAO GONCALO;Outras;Colisao traseira;Sem Vitimas;Anoitecer
974380;12/09/2011;Segunda;06:35:00;RJ;101;318.0;SAO GONCALO;Outras;Colisao lateral;Sem Vitimas;Pleno dia
974381;12/09/2011;Segunda;08:00:00;RJ;101;323.0;NITEROI;Outras;Colisao traseira;Sem Vitimas;Pleno dia
974483;12/09/2011;Segunda;11:15:00;RJ;101;324.0;NITEROI;Outras;Colisao com objeto fixo;Sem Vitimas;Pleno dia
974496;12/09/2011;Segunda;12:15:00;RJ;101;332.5;RIO DE JANEIRO;Outras;Queda de motocicleta / bicicleta / veiculo;Com Vitimas Feridas;Pleno dia
974532;31/08/2011;Quarta;09:15:00;RJ;101;320.0;NITEROI;Falta de atencao;Colisao lateral;Sem Vitimas;Pleno dia
974572;12/09/2011;Segunda;15:25:00;RJ;101;309.0;SAO GONCALO;Outras;Colisao traseira;Sem Vitimas;Pleno dia
974576;12/09/2011;Segunda;14:47:00;RJ;101;322.0;NITEROI;Falta de atencao;Colisao traseira;Sem Vitimas;Pleno dia
974618;12/09/2011;Segunda;15:05:00;RJ;101;308.0;SAO GONCALO;Falta de atencao;Colisao lateral;Sem Vitimas;Pleno dia
974705;12/09/2011;Segunda;19:00:00;RJ;101;322.0;NITEROI;Falta de atencao;Colisao lateral;Sem Vitimas;Plena noite
975107;13/09/2011;Terca;15:30:00;RJ;101;327.0;NITEROI;Falta de atencao;Colisao traseira;Sem Vitimas;Pleno dia
975118;09/09/2011;Sexta;19:50:00;RJ;101;331.0;RIO DE JANEIRO;Outras;Colisao traseira;Sem Vitimas;Plena noite
975153;13/09/2011;Terca;17:00:00;RJ;101;300.0;SAO GONCALO;Outras;Capotamento;Com Vitimas Feridas;Pleno dia
975176;13/09/2011;Terca;17:50:00;RJ;101;321.8;NITEROI;Outras;Colisao lateral;Sem Vitimas;Plena noite
975179;13/09/2011;Terca;13:15:00;RJ;101;330.0;RIO DE JANEIRO;Outras;Colisao traseira;Com Vitimas Feridas;Pleno dia
975282;13/09/2011;Terca;14:40:00;RJ;101;322.0;NITEROI;Outras;Colisao com objeto fixo;Sem Vitimas;Pleno dia
975322;13/09/2011;Terca;08:40:00;RJ;101;327.0;NITEROI;Nao guardar distancia de seguranca;Colisao traseira;Sem Vitimas;Pleno dia
975405;09/09/2011;Sexta;20:37:00;RJ;101;328.0;NITEROI;Outras;Colisao traseira;Sem Vitimas;Anoitecer
975413;10/09/2011;Sabado;17:00:00;RJ;101;320.0;NITEROI;Falta de atencao;Colisao lateral;Com Vitimas Feridas;Pleno dia
975427;11/09/2011;Domingo;01:37:00;RJ;101;318.0;SAO GONCALO;Outras;Colisao com objeto fixo;Sem Vitimas;Plena noite
975445;11/09/2011;Domingo;06:43:00;RJ;101;330.0;RIO DE JANEIRO;Outras;Colisao traseira;Com Vitimas Feridas;Amanhecer
975501;14/09/2011;Quarta;08:55:00;RJ;101;313.0;SAO GONCALO;Outras;Colisao Transversal;Sem Vitimas;Pleno dia
975777;14/09/2011;Quarta;15:30:00;RJ;101;313.0;SAO GONCALO;Outras;Colisao traseira;Sem Vitimas;Pleno dia
975954;15/09/2011;Quinta;08:10:00;RJ;101;317.0;SAO GONCALO;Falta de atencao;Colisao traseira;Sem Vitimas;Pleno dia
976010;15/09/2011;Quinta;09:40:00;RJ;101;307.0;SAO GONCALO;Outras;Incendio;Sem Vitimas;Pleno dia
976100;15/09/2011;Quinta;14:20:00;RJ;101;321.0;NITEROI;Outras;Colisao traseira;Sem Vitimas;Pleno dia
976129;15/09/2011;Quinta;14:30:00;RJ;101;331.0;RIO DE JANEIRO;Outras;Colisao com objeto fixo;Sem Vitimas;Pleno dia
976179;15/09/2011;Quinta;17:20:00;RJ;101;322.0;NITEROI;Outras;Colisao traseira;Sem Vitimas;Anoitecer
976236;15/09/2011;Quinta;19:30:00;RJ;101;320.0;NITEROI;Outras;Colisao traseira;Sem Vitimas;Plena noite
976272;15/09/2011;Quinta;20:00:00;RJ;101;320.5;NITEROI;Outras;Colisao traseira;Sem Vitimas;Plena noite
976300;15/09/2011;Quinta;21:30:00;RJ;101;323.0;NITEROI;Outras;Colisao traseira;Sem Vitimas;Plena noite
976371;15/09/2011;Quinta;23:10:00;RJ;101;323.5;NITEROI;Outras;Colisao traseira;Com Vitimas Feridas;Plena noite
976468;16/09/2011;Sexta;06:20:00;RJ;101;333.0;RIO DE JANEIRO;Outras;Colisao traseira;Sem Vitimas;Pleno dia
976570;16/09/2011;Sexta;08:25:00;RJ;101;315.0;SAO GONCALO;Falta de atencao;Colisao traseira;Sem Vitimas;Pleno dia
976721;14/09/2011;Quarta;18:00:00;RJ;101;321.0;NITEROI;Outras;Colisao traseira;Sem Vitimas;Anoitecer
976737;14/09/2011;Quarta;19:55:00;RJ;101;321.0;NITEROI;Outras;Colisao traseira;Sem Vitimas;Plena noite
976765;16/09/2011;Sexta;18:10:00;RJ;101;310.0;SAO GONCALO;Outras;Colisao traseira;Sem Vitimas;Plena noite
976799;16/09/2011;Sexta;19:30:00;RJ;101;313.0;SAO GONCALO;Outras;Colisao traseira;Sem Vitimas;Anoitecer
976937;17/09/2011;Sabado;01:30:00;RJ;101;322.0;NITEROI;Outras;Danos Eventuais;Sem Vitimas;Amanhecer
976957;16/09/2011;Sexta;21:40:00;RJ;101;308.0;SAO GONCALO;Outras;Colisao lateral;Com Vitimas Fatais;Plena noite
976958;17/09/2011;Sabado;05:30:00;RJ;101;313.0;SAO GONCALO;Outras;Colisao lateral;Sem Vitimas;Amanhecer
977051;17/09/2011;Sabado;08:10:00;RJ;101;332.0;RIO DE JANEIRO;Nao guardar distancia de seguranca;Colisao traseira;Sem Vitimas;Pleno dia
977205;14/09/2011;Quarta;03:00:00;RJ;101;322.0;NITEROI;Outras;Colisao com objeto fixo;Sem Vitimas;Plena noite
977221;17/09/2011;Sabado;11:30:00;RJ;101;322.0;NITEROI;Nao guardar distancia de seguranca;Colisao traseira;Sem Vitimas;Pleno dia
977256;17/09/2011;Sabado;08:40:00;RJ;101;326.0;RIO DE JANEIRO;Nao guardar distancia de seguranca;Colisao traseira;Sem Vitimas;Pleno dia
977274;17/09/2011;Sabado;19:30:00;RJ;101;316.0;SAO GONCALO;Outras;Colisao traseira;Sem Vitimas;Plena noite
977331;17/09/2011;Sabado;17:00:00;RJ;101;334.0;RIO DE JANEIRO;Falta de atencao;Colisao traseira;Com Vitimas Feridas;Pleno dia
977449;14/09/2011;Quarta;19:20:00;RJ;101;325.6;NITEROI;Outras;Colisao traseira;Sem Vitimas;Plena noite
977456;14/09/2011;Quarta;18:20:00;RJ;101;322.0;NITEROI;Outras;Colisao lateral;Sem Vitimas;Plena noite
977467;14/09/2011;Quarta;22:05:00;RJ;101;322.0;NITEROI;Outras;Colisao com objeto fixo;Sem Vitimas;Plena noite
977524;18/09/2011;Domingo;10:00:00;RJ;101;322.0;NITEROI;Outras;Colisao lateral;Sem Vitimas;Pleno dia
977674;18/09/2011;Domingo;17:00:00;RJ;101;319.0;SAO GONCALO;Falta de atencao;Colisao lateral;Sem Vitimas;Pleno dia
977725;18/09/2011;Domingo;19:00:00;RJ;101;333.5;RIO DE JANEIRO;Outras;Colisao lateral;Sem Vitimas;Anoitecer
977935;29/07/2011;Sexta;01:00:00;RJ;101;322.0;NITEROI;Outras;Capotamento;Com Vitimas Feridas;Plena noite
977977;19/09/2011;Segunda;07:29:00;RJ;101;312.0;SAO GONCALO;Falta de atencao;Colisao traseira;Sem Vitimas;Pleno dia
978073;19/09/2011;Segunda;06:40:00;RJ;101;326.0;NITEROI;Outras;Colisao traseira;Sem Vitimas;Pleno dia
978228;19/09/2011;Segunda;06:40:00;RJ;101;321.0;NITEROI;Outras;Colisao lateral;Sem Vitimas;Pleno dia
978332;19/09/2011;Segunda;18:45:00;RJ;101;317.0;SAO GONCALO;Outras;Colisao traseira;Sem Vitimas;Plena noite
978341;19/09/2011;Segunda;18:45:00;RJ;101;332.0;RIO DE JANEIRO;Outras;Colisao traseira;Sem Vitimas;Plena noite
978722;20/09/2011;Terca;12:40:00;RJ;101;316.0;SAO GONCALO;Outras;Colisao lateral;Com Vitimas Feridas;Pleno dia
978901;20/09/2011;Terca;14:30:00;RJ;101;328.0;NITEROI;Outras;Colisao traseira;Com Vitimas Feridas;Pleno dia
978911;20/09/2011;Terca;18:41:00;RJ;101;327.0;NITEROI;Falta de atencao;Colisao traseira;Com Vitimas Feridas;Pleno dia
979001;20/09/2011;Terca;16:11:00;RJ;101;327.0;NITEROI;Falta de atencao;Colisao lateral;Sem Vitimas;Pleno dia
979048;21/09/2011;Quarta;02:30:00;RJ;101;330.0;RIO DE JANEIRO;Falta de atencao;Capotamento;Com Vitimas Feridas;Plena noite
979299;21/09/2011;Quarta;17:00:00;RJ;101;322.0;NITEROI;Nao guardar distancia de seguranca;Colisao traseira;Sem Vitimas;Pleno dia
979317;17/09/2011;Sabado;12:50:00;RJ;101;316.0;SAO GONCALO;Outras;Colisao traseira;Sem Vitimas;Pleno dia
979367;21/09/2011;Quarta;19:20:00;RJ;101;325.0;NITEROI;Outras;Colisao traseira;Sem Vitimas;Plena noite
979436;21/09/2011;Quarta;20:15:00;RJ;101;305.0;SAO GONCALO;Outras;Atropelamento de pessoa;Com Vitimas Fatais;Plena noite
979469;21/09/2011;Quarta;22:20:00;RJ;101;326.0;NITEROI;Nao guardar distancia de seguranca;Colisao traseira;Sem Vitimas;Plena noite
979609;22/09/2011;Quinta;08:00:00;RJ;101;332.2;NITEROI;Nao guardar distancia de seguranca;Colisao com objeto fixo;Sem Vitimas;Pleno dia
979625;22/09/2011;Quinta;08:20:00;RJ;101;322.0;NITEROI;Outras;Colisao com objeto fixo;Sem Vitimas;Plena noite
979637;22/09/2011;Quinta;09:10:00;RJ;101;319.0;SAO GONCALO;Outras;Atropelamento de pessoa;Com Vitimas Feridas;Pleno dia
979715;22/09/2011;Quinta;12:55:00;RJ;101;333.0;RIO DE JANEIRO;Outras;Colisao lateral;Sem Vitimas;Pleno dia
979979;22/09/2011;Quinta;21:44:00;RJ;101;326.0;NITEROI;Outras;Colisao com objeto movel;Sem Vitimas;Plena noite
979981;22/09/2011;Quinta;22:00:00;RJ;101;307.0;SAO GONCALO;Ultrapassagem indevida;Colisao lateral;Sem Vitimas;Plena noite
980060;23/09/2011;Sexta;06:30:00;RJ;101;319.0;SAO GONCALO;Outras;Colisao traseira;Com Vitimas Feridas;Pleno dia
980165;23/09/2011;Sexta;12:00:00;RJ;101;328.0;RIO DE JANEIRO;Outras;Colisao com objeto movel;Sem Vitimas;Pleno dia
980216;23/09/2011;Sexta;13:15:00;RJ;101;328.0;NITEROI;Outras;Colisao lateral;Sem Vitimas;Pleno dia
980270;23/09/2011;Sexta;16:00:00;RJ;101;321.5;NITEROI;Outras;Colisao lateral;Sem Vitimas;Pleno dia
980305;23/09/2011;Sexta;17:00:00;RJ;101;322.5;NITEROI;Outras;Colisao traseira;Sem Vitimas;Anoitecer
980333;23/09/2011;Sexta;16:45:00;RJ;101;321.5;NITEROI;Outras;Colisao traseira;Sem Vitimas;Pleno dia
980387;23/09/2011;Sexta;19:30:00;RJ;101;333.0;RIO DE JANEIRO;Outras;Colisao traseira;Sem Vitimas;Plena noite
980410;23/09/2011;Sexta;19:55:00;RJ;101;328.0;NITEROI;Outras;Colisao lateral;Sem Vitimas;Plena noite
980558;24/09/2011;Sabado;03:40:00;RJ;101;327.0;NITEROI;Outras;Colisao traseira;Sem Vitimas;Plena noite
980760;24/09/2011;Sabado;08:40:00;RJ;101;331.0;RIO DE JANEIRO;Defeito mecanico em veiculo;Colisao traseira;Com Vitimas Feridas;Pleno dia
980985;25/09/2011;Domingo;00:30:00;RJ;101;305.0;SAO GONCALO;Outras;Colisao com objeto fixo;Sem Vitimas;Plena noite
981015;25/09/2011;Domingo;03:20:00;RJ;101;317.0;SAO GONCALO;Outras;Saida de Pista;Sem Vitimas;Plena noite
981136;25/09/2011;Domingo;09:50:00;RJ;101;329.0;RIO DE JANEIRO;Nao guardar distancia de seguranca;Colisao traseira;Sem Vitimas;Pleno dia
981318;25/09/2011;Domingo;17:00:00;RJ;101;322.0;NITEROI;Ingestao de alcool;Colisao traseira;Sem Vitimas;Pleno dia
981535;19/09/2011;Segunda;05:30:00;RJ;101;321.0;NITEROI;Defeito mecanico em veiculo;Colisao com objeto fixo;Sem Vitimas;Plena noite
981685;26/09/2011;Segunda;12:00:00;RJ;101;324.0;NITEROI;Outras;Colisao traseira;Sem Vitimas;Pleno dia
981710;26/09/2011;Segunda;07:31:00;RJ;101;321.0;NITEROI;Outras;Colisao lateral;Sem Vitimas;Pleno dia
981804;26/09/2011;Segunda;15:30:00;RJ;101;322.5;NITEROI;Nao guardar distancia de seguranca;Colisao traseira;Sem Vitimas;Plena noite
981832;26/09/2011;Segunda;07:00:00;RJ;101;314.0;SAO GONCALO;Outras;Colisao traseira;Sem Vitimas;Pleno dia
981849;26/09/2011;Segunda;07:00:00;RJ;101;316.0;SAO GONCALO;Outras;Colisao traseira;Sem Vitimas;Pleno dia
982000;26/09/2011;Segunda;19:30:00;RJ;101;328.0;NITEROI;Outras;Colisao lateral;Sem Vitimas;Plena noite
982189;27/09/2011;Terca;09:10:00;RJ;101;317.0;SAO GONCALO;Outras;Saida de Pista;Sem Vitimas;Pleno dia
982283;27/09/2011;Terca;09:00:00;RJ;101;317.0;SAO GONCALO;Outras;Colisao traseira;Sem Vitimas;Pleno dia
982392;27/09/2011;Terca;17:20:00;RJ;101;330.5;RIO DE JANEIRO;Defeito mecanico em veiculo;Colisao com objeto movel;Sem Vitimas;Pleno dia
982470;27/09/2011;Terca;20:00:00;RJ;101;322.0;NITEROI;Outras;Colisao traseira;Sem Vitimas;Plena noite
982531;27/09/2011;Terca;21:20:00;RJ;101;318.0;SAO GONCALO;Outras;Colisao lateral;Com Vitimas Feridas;Plena noite
982548;27/09/2011;Terca;22:30:00;RJ;101;318.0;SAO GONCALO;Outras;Colisao traseira;Sem Vitimas;Plena noite
982650;28/09/2011;Quarta;07:30:00;RJ;101;322.0;NITEROI;Falta de atencao;Colisao traseira;Sem Vitimas;Pleno dia
982668;15/08/2011;Segunda;05:15:00;RJ;101;324.0;NITEROI;Outras;Atropelamento de pessoa;Com Vitimas Fatais;Amanhecer
982688;28/09/2011;Quarta;08:00:00;RJ;101;322.0;NITEROI;Nao guardar distancia de seguranca;Colisao lateral;Sem Vitimas;Pleno dia
982715;04/09/2011;Domingo;18:20:00;RJ;101;310.0;SAO GONCALO;Falta de atencao;Saida de Pista;Com Vitimas Feridas;Anoitecer
983028;28/09/2011;Quarta;20:30:00;RJ;101;319.0;SAO GONCALO;Outras;Atropelamento de pessoa;Com Vitimas Feridas;Plena noite
983056;28/09/2011;Quarta;22:30:00;RJ;101;328.0;NITEROI;Outras;Colisao lateral;Sem Vitimas;Plena noite
983193;27/05/2011;Sexta;02:45:00;RJ;101;314.0;SAO GONCALO;Outras;Capotamento;Com Vitimas Feridas;Plena noite
983436;29/09/2011;Quinta;18:30:00;RJ;101;303.0;SAO GONCALO;Outras;Saida de Pista;Sem Vitimas;Anoitecer
983619;30/09/2011;Sexta;01:00:00;RJ;101;333.0;RIO DE JANEIRO;Nao guardar distancia de seguranca;Colisao lateral;Sem Vitimas;Plena noite
983812;30/09/2011;Sexta;13:49:00;RJ;101;325.0;NITEROI;Outras;Colisao traseira;Sem Vitimas;Pleno dia
983866;30/09/2011;Sexta;14:00:00;RJ;101;305.0;SAO GONCALO;Outras;Capotamento;Sem Vitimas;Pleno dia
983889;30/09/2011;Sexta;16:30:00;RJ;101;320.0;NITEROI;Falta de atencao;Colisao traseira;Sem Vitimas;Pleno dia
983901;30/09/2011;Sexta;17:25:00;RJ;101;329.0;NITEROI;Outras;Colisao traseira;Sem Vitimas;Pleno dia
984194;01/10/2011;Sabado;05:50:00;RJ;101;311.0;SAO GONCALO;Outras;Colisao traseira;Sem Vitimas;Pleno dia
984216;01/10/2011;Sabado;06:20:00;RJ;101;322.0;NITEROI;Outras;Colisao traseira;Sem Vitimas;Pleno dia
984242;01/10/2011;Sabado;07:30:00;RJ;101;332.0;RIO DE JANEIRO;Outras;Colisao lateral;Sem Vitimas;Pleno dia
984243;01/10/2011;Sabado;07:49:00;RJ;101;332.0;RIO DE JANEIRO;Outras;Colisao traseira;Sem Vitimas;Pleno dia
984351;01/10/2011;Sabado;14:55:00;RJ;101;325.0;NITEROI;Outras;Colisao lateral;Sem Vitimas;Pleno dia
984359;01/10/2011;Sabado;13:40:00;RJ;101;333.0;RIO DE JANEIRO;Outras;Colisao traseira;Sem Vitimas;Pleno dia
984367;01/10/2011;Sabado;07:00:00;RJ;101;332.0;RIO DE JANEIRO;Outras;Colisao com objeto fixo;Sem Vitimas;Pleno dia
984442;01/10/2011;Sabado;10:00:00;RJ;101;333.0;RIO DE JANEIRO;Outras;Colisao traseira;Sem Vitimas;Pleno dia
984578;01/10/2011;Sabado;23:30:00;RJ;101;302.0;SAO GONCALO;Animais na Pista;Atropelamento de animal;Com Vitimas Feridas;Plena noite
984660;29/09/2011;Quinta;05:30:00;RJ;101;299.0;SAO GONCALO;Falta de atencao;Saida de Pista;Sem Vitimas;Amanhecer
984717;02/10/2011;Domingo;05:30:00;RJ;101;330.0;RIO DE JANEIRO;Ingestao de alcool;Colisao traseira;Sem Vitimas;Amanhecer
985127;03/10/2011;Segunda;04:43:00;RJ;101;323.0;NITEROI;Falta de atencao;Colisao lateral;Sem Vitimas;Plena noite
985165;03/10/2011;Segunda;06:40:00;RJ;101;309.0;SAO GONCALO;Outras;Colisao traseira;Sem Vitimas;Pleno dia
985328;03/10/2011;Segunda;13:30:00;RJ;101;324.0;NITEROI;Defeito mecanico em veiculo;Colisao traseira;Sem Vitimas;Pleno dia
985461;03/10/2011;Segunda;08:00:00;RJ;101;316.0;SAO GONCALO;Outras;Colisao traseira;Sem Vitimas;Pleno dia
985465;03/10/2011;Segunda;17:30:00;RJ;101;304.0;SAO GONCALO;Outras;Saida de Pista;Sem Vitimas;Anoitecer
985495;03/10/2011;Segunda;17:30:00;RJ;101;304.0;SAO GONCALO;Outras;Colisao traseira;Sem Vitimas;Pleno dia
985529;03/10/2011;Segunda;08:30:00;RJ;101;321.0;NITEROI;Nao guardar distancia de seguranca;Colisao traseira;Sem Vitimas;Pleno dia
985568;03/10/2011;Segunda;20:25:00;RJ;101;306.0;SAO GONCALO;Outras;Colisao lateral;Sem Vitimas;Plena noite
985666;03/10/2011;Segunda;18:00:00;RJ;101;322.0;NITEROI;Outras;Colisao lateral;Sem Vitimas;Plena noite
985804;30/09/2011;Sexta;22:00:00;RJ;101;321.0;NITEROI;Outras;Colisao lateral;Sem Vitimas;Plena noite
986061;04/10/2011;Terca;13:50:00;RJ;101;321.0;NITEROI;Outras;Colisao traseira;Sem Vitimas;Plena noite
986148;04/10/2011;Terca;19:00:00;RJ;101;318.0;SAO GONCALO;Outras;Colisao traseira;Com Vitimas Feridas;Plena noite
986253;05/10/2011;Quarta;02:30:00;RJ;101;302.0;SAO GONCALO;Animais na Pista;Atropelamento de animal;Sem Vitimas;Plena noite
986317;05/10/2011;Quarta;07:45:00;RJ;101;317.0;SAO GONCALO;Outras;Colisao traseira;Sem Vitimas;Pleno dia
986485;05/10/2011;Quarta;13:24:00;RJ;101;328.0;NITEROI;Outras;Colisao traseira;Sem Vitimas;Pleno dia
986574;05/10/2011;Quarta;16:45:00;RJ;101;320.5;NITEROI;Outras;Colisao traseira;Sem Vitimas;Pleno dia
986592;05/10/2011;Quarta;17:00:00;RJ;101;332.0;RIO DE JANEIRO;Outras;Colisao lateral;Sem Vitimas;Anoitecer
986597;05/10/2011;Quarta;14:35:00;RJ;101;307.0;SAO GONCALO;Outras;Queda de motocicleta / bicicleta / veiculo;Com Vitimas Feridas;Pleno dia
986754;05/10/2011;Quarta;22:10:00;RJ;101;334.0;RIO DE JANEIRO;Outras;Colisao lateral;Sem Vitimas;Plena noite
986766;05/10/2011;Quarta;22:00:00;RJ;101;311.0;SAO GONCALO;Outras;Saida de Pista;Sem Vitimas;Pleno dia
986768;05/10/2011;Quarta;22:10:00;RJ;101;328.0;RIO DE JANEIRO;Outras;Colisao traseira;Sem Vitimas;Plena noite
986780;05/10/2011;Quarta;23:00:00;RJ;101;322.0;RIO DE JANEIRO;Outras;Colisao traseira;Sem Vitimas;Plena noite
986790;05/10/2011;Quarta;22:50:00;RJ;101;321.0;NITEROI;Outras;Colisao lateral;Sem Vitimas;Plena noite
986896;06/10/2011;Quinta;08:47:00;RJ;101;334.0;RIO DE JANEIRO;Outras;Colisao traseira;Sem Vitimas;Pleno dia
986936;13/09/2011;Terca;00:19:00;RJ;101;322.0;NITEROI;Outras;Colisao com objeto fixo;Sem Vitimas;Plena noite
987042;06/10/2011;Quinta;12:10:00;RJ;101;322.0;NITEROI;Falta de atencao;Colisao lateral;Sem Vitimas;Pleno dia
987044;06/10/2011;Quinta;14:30:00;RJ;101;312.0;SAO GONCALO;Outras;Colisao traseira;Sem Vitimas;Pleno dia
987050;06/10/2011;Quinta;08:50:00;RJ;101;333.0;RIO DE JANEIRO;Falta de atencao;Colisao traseira;Sem Vitimas;Pleno dia
987129;06/10/2011;Quinta;16:50:00;RJ;101;303.5;SAO GONCALO;Defeito mecanico em veiculo;Colisao traseira;Sem Vitimas;Pleno dia
987185;06/10/2011;Quinta;18:10:00;RJ;101;327.0;RIO DE JANEIRO;Outras;Colisao traseira;Sem Vitimas;Anoitecer
987294;06/10/2011;Quinta;20:45:00;RJ;101;319.0;SAO GONCALO;Outras;Colisao traseira;Com Vitimas Feridas;Plena noite
987527;07/10/2011;Sexta;12:10:00;RJ;101;321.0;NITEROI;Nao guardar distancia de seguranca;Colisao traseira;Sem Vitimas;Pleno dia
987559;07/10/2011;Sexta;13:35:00;RJ;101;311.0;SAO GONCALO;Nao guardar distancia de seguranca;Colisao traseira;Sem Vitimas;Pleno dia
987604;07/10/2011;Sexta;15:40:00;RJ;101;326.0;NITEROI;Nao guardar distancia de seguranca;Colisao traseira;Sem Vitimas;Pleno dia
987634;07/10/2011;Sexta;16:55:00;RJ;101;333.0;RIO DE JANEIRO;Outras;Colisao traseira;Sem Vitimas;Pleno dia
987692;04/10/2011;Terca;20:50:00;RJ;101;322.2;NITEROI;Outras;Colisao lateral;Sem Vitimas;Anoitecer
987729;04/10/2011;Terca;21:00:00;RJ;101;321.0;NITEROI;Outras;Colisao traseira;Sem Vitimas;Anoitecer
987824;07/10/2011;Sexta;21:30:00;RJ;101;328.0;RIO DE JANEIRO;Nao guardar distancia de seguranca;Colisao traseira;Sem Vitimas;Plena noite
987825;07/10/2011;Sexta;22:50:00;RJ;101;323.0;NITEROI;Outras;Colisao lateral;Sem Vitimas;Plena noite
987840;07/10/2011;Sexta;23:30:00;RJ;101;322.0;NITEROI;Outras;Colisao traseira;Sem Vitimas;Plena noite
987963;09/10/2011;Domingo;10:15:00;RJ;101;321.0;NITEROI;Outras;Queda de motocicleta / bicicleta / veiculo;Com Vitimas Feridas;Pleno dia
988221;09/10/2011;Domingo;19:20:00;RJ;101;322.0;NITEROI;Outras;Colisao lateral;Sem Vitimas;Plena noite
988227;09/10/2011;Domingo;19:20:00;RJ;101;326.0;NITEROI;Outras;Colisao lateral;Sem Vitimas;Plena noite
988304;09/10/2011;Domingo;19:50:00;RJ;101;310.0;SAO GONCALO;Outras;Colisao traseira;Com Vitimas Feridas;Plena noite
988328;09/10/2011;Domingo;21:30:00;RJ;101;309.0;SAO GONCALO;Outras;Colisao traseira;Com Vitimas Feridas;Plena noite
988448;10/10/2011;Segunda;02:20:00;RJ;101;316.0;SAO GONCALO;Outras;Danos Eventuais;Sem Vitimas;Plena noite
988494;10/10/2011;Segunda;05:30:00;RJ;101;328.0;RIO DE JANEIRO;Outras;Colisao traseira;Sem Vitimas;Amanhecer
988527;10/10/2011;Segunda;07:35:00;RJ;101;322.0;NITEROI;Outras;Colisao lateral;Sem Vitimas;Pleno dia
988569;10/10/2011;Segunda;06:30:00;RJ;101;317.0;SAO GONCALO;Outras;Colisao traseira;Sem Vitimas;Amanhecer
988703;10/10/2011;Segunda;11:40:00;RJ;101;327.0;NITEROI;Defeito mecanico em veiculo;Colisao traseira;Com Vitimas Feridas;Pleno dia
988897;06/10/2011;Quinta;00:10:00;RJ;101;313.0;SAO GONCALO;Outras;Colisao traseira;Sem Vitimas;Plena noite
988948;08/10/2011;Sabado;12:00:00;RJ;101;323.0;NITEROI;Outras;Colisao traseira;Sem Vitimas;Pleno dia
989136;11/10/2011;Terca;01:00:00;RJ;101;324.0;NITEROI;Desobediencia a sinalizacao;Colisao com objeto movel;Com Vitimas Feridas;Plena noite
989244;11/10/2011;Terca;07:00:00;RJ;101;311.0;SAO GONCALO;Velocidade incompativel;Atropelamento de pessoa;Com Vitimas Feridas;Pleno dia
989341;08/10/2011;Sabado;13:00:00;RJ;101;322.9;NITEROI;Outras;Colisao traseira;Sem Vitimas;Pleno dia
989374;11/10/2011;Terca;10:25:00;RJ;101;331.0;RIO DE JANEIRO;Falta de atencao;Colisao traseira;Sem Vitimas;Pleno dia
990764;14/10/2011;Sexta;18:50:00;RJ;101;310.5;SAO GONCALO;Nao guardar distancia de seguranca;Colisao traseira;Sem Vitimas;Plena noite
990770;14/10/2011;Sexta;18:20:00;RJ;101;310.0;SAO GONCALO;Outras;Colisao traseira;Sem Vitimas;Anoitecer
991038;14/10/2011;Sexta;23:44:00;RJ;101;323.0;NITEROI;Outras;Colisao traseira;Sem Vitimas;Plena noite
991110;15/10/2011;Sabado;01:55:00;RJ;101;315.0;SAO GONCALO;Outras;Capotamento;Com Vitimas Fatais;Plena noite
991137;07/10/2011;Sexta;09:10:00;RJ;101;328.0;RIO DE JANEIRO;Nao guardar distancia de seguranca;Colisao traseira;Sem Vitimas;Pleno dia
991174;08/10/2011;Sabado;13:30:00;RJ;101;322.0;NITEROI;Outras;Colisao lateral;Sem Vitimas;Pleno dia
991175;11/10/2011;Terca;12:22:00;RJ;101;322.5;NITEROI;Defeito mecanico em veiculo;Colisao com objeto fixo;Sem Vitimas;Pleno dia
991180;07/10/2011;Sexta;10:45:00;RJ;101;320.0;SAO GONCALO;Falta de atencao;Colisao lateral;Sem Vitimas;Pleno dia
991194;08/10/2011;Sabado;14:50:00;RJ;101;322.0;NITEROI;Outras;Colisao lateral;Sem Vitimas;Pleno dia
991228;08/10/2011;Sabado;15:00:00;RJ;101;324.2;NITEROI;Outras;Colisao traseira;Sem Vitimas;Pleno dia
991269;08/10/2011;Sabado;10:30:00;RJ;101;322.0;NITEROI;Outras;Colisao traseira;Sem Vitimas;Pleno dia
991295;08/10/2011;Sabado;15:30:00;RJ;101;321.0;NITEROI;Outras;Colisao traseira;Sem Vitimas;Pleno dia
991341;08/10/2011;Sabado;20:30:00;RJ;101;321.0;NITEROI;Outras;Colisao traseira;Sem Vitimas;Plena noite
991354;11/10/2011;Terca;22:30:00;RJ;101;322.0;NITEROI;Falta de atencao;Colisao traseira;Sem Vitimas;Plena noite
991446;08/10/2011;Sabado;09:00:00;RJ;101;322.0;NITEROI;Outras;Colisao lateral;Sem Vitimas;Pleno dia
991505;11/10/2011;Terca;12:45:00;RJ;101;323.0;NITEROI;Nao guardar distancia de seguranca;Colisao traseira;Sem Vitimas;Pleno dia
991684;15/10/2011;Sabado;16:00:00;RJ;101;320.0;NITEROI;Nao guardar distancia de seguranca;Colisao traseira;Sem Vitimas;Pleno dia
992005;15/10/2011;Sabado;23:30:00;RJ;101;327.0;RIO DE JANEIRO;Ingestao de alcool;Colisao com objeto fixo;Com Vitimas Feridas;Plena noite
992047;16/10/2011;Domingo;04:00:00;RJ;101;325.0;NITEROI;Outras;Colisao com objeto fixo;Sem Vitimas;Plena noite
992106;16/10/2011;Domingo;06:45:00;RJ;101;325.0;NITEROI;Outras;Colisao traseira;Sem Vitimas;Amanhecer
992246;16/10/2011;Domingo;10:10:00;RJ;101;325.0;NITEROI;Outras;Colisao traseira;Com Vitimas Feridas;Pleno dia
992576;11/10/2011;Terca;22:10:00;RJ;101;319.0;NITEROI;Desobediencia a sinalizacao;Colisao traseira;Sem Vitimas;Plena noite
992685;16/10/2011;Domingo;19:00:00;RJ;101;319.0;SAO GONCALO;Outras;Colisao lateral;Sem Vitimas;Amanhecer
992762;16/10/2011;Domingo;21:10:00;RJ;101;302.0;SAO GONCALO;Nao guardar distancia de seguranca;Capotamento;Sem Vitimas;Plena noite
992763;08/10/2011;Sabado;13:33:00;RJ;101;302.0;SAO GONCALO;Outras;Colisao lateral;Sem Vitimas;Pleno dia
992932;17/10/2011;Segunda;01:40:00;RJ;101;314.0;SAO GONCALO;Outras;Saida de Pista;Com Vitimas Feridas;Plena noite
992964;13/10/2011;Quinta;07:22:00;RJ;101;321.0;NITEROI;Outras;Colisao traseira;Sem Vitimas;Pleno dia
993009;17/10/2011;Segunda;08:10:00;RJ;101;309.0;SAO GONCALO;Outras;Saida de Pista;Sem Vitimas;Pleno dia
993017;13/10/2011;Quinta;09:00:00;RJ;101;332.0;RIO DE JANEIRO;Outras;Colisao lateral;Com Vitimas Feridas;Pleno dia
993111;17/10/2011;Segunda;10:45:00;RJ;101;333.0;RIO DE JANEIRO;Nao guardar distancia de seguranca;Queda de motocicleta / bicicleta / veiculo;Com Vitimas Feridas;Pleno dia
993149;16/10/2011;Domingo;21:50:00;RJ;101;322.0;NITEROI;Nao guardar distancia de seguranca;Colisao com objeto fixo;Sem Vitimas;Anoitecer
993173;13/10/2011;Quinta;19:52:00;RJ;101;322.0;NITEROI;Outras;Colisao lateral;Sem Vitimas;Plena noite
993266;17/10/2011;Segunda;06:40:00;RJ;101;313.0;SAO GONCALO;Outras;Colisao traseira;Com Vitimas Feridas;Pleno dia
993281;13/10/2011;Quinta;08:45:00;RJ;101;322.0;NITEROI;Outras;Colisao traseira;Sem Vitimas;Pleno dia
993359;17/10/2011;Segunda;07:54:00;RJ;101;334.0;RIO DE JANEIRO;Outras;Colisao traseira;Sem Vitimas;Pleno dia
993737;18/10/2011;Terca;01:00:00;RJ;101;313.0;SAO GONCALO;Defeito na via;Capotamento;Sem Vitimas;Plena noite
993944;18/10/2011;Terca;09:00:00;RJ;101;313.0;SAO GONCALO;Outras;Colisao lateral;Sem Vitimas;Pleno dia
993979;18/10/2011;Terca;10:10:00;RJ;101;321.0;NITEROI;Falta de atencao;Colisao traseira;Sem Vitimas;Pleno dia
994166;18/10/2011;Terca;15:00:00;RJ;101;316.0;SAO GONCALO;Outras;Colisao traseira;Sem Vitimas;Pleno dia
994198;14/10/2011;Sexta;08:40:00;RJ;101;313.8;SAO GONCALO;Nao guardar distancia de seguranca;Colisao traseira;Sem Vitimas;Pleno dia
994214;18/10/2011;Terca;10:40:00;RJ;101;321.0;NITEROI;Outras;Colisao lateral;Sem Vitimas;Pleno dia
994228;18/10/2011;Terca;11:00:00;RJ;101;321.0;NITEROI;Falta de atencao;Colisao traseira;Sem Vitimas;Pleno dia
994252;18/10/2011;Terca;12:00:00;RJ;101;319.0;SAO GONCALO;Nao guardar distancia de seguranca;Colisao traseira;Sem Vitimas;Pleno dia
994273;18/10/2011;Terca;17:00:00;RJ;101;318.0;SAO GONCALO;Outras;Colisao traseira;Sem Vitimas;Pleno dia
994282;18/10/2011;Terca;15:15:00;RJ;101;308.2;SAO GONCALO;Nao guardar distancia de seguranca;Colisao traseira;Sem Vitimas;Pleno dia
994347;14/10/2011;Sexta;09:00:00;RJ;101;302.0;SAO GONCALO;Outras;Colisao traseira;Sem Vitimas;Pleno dia
994495;18/10/2011;Terca;10:00:00;RJ;101;314.0;SAO GONCALO;Outras;Colisao traseira;Sem Vitimas;Pleno dia
994571;19/10/2011;Quarta;06:20:00;RJ;101;315.0;SAO GONCALO;Outras;Saida de Pista;Com Vitimas Feridas;Amanhecer
994748;08/10/2011;Sabado;06:30:00;RJ;101;322.0;NITEROI;Falta de atencao;Colisao com objeto fixo;Sem Vitimas;Pleno dia
994984;19/10/2011;Quarta;15:00:00;RJ;101;321.0;NITEROI;Nao guardar distancia de seguranca;Colisao lateral;Sem Vitimas;Pleno dia
995006;16/10/2011;Domingo;05:10:00;RJ;101;302.0;SAO GONCALO;Outras;Saida de Pista;Sem Vitimas;Plena noite
995010;19/10/2011;Quarta;19:00:00;RJ;101;322.0;NITEROI;Nao guardar distancia de seguranca;Colisao lateral;Sem Vitimas;Plena noite
995070;19/10/2011;Quarta;17:20:00;RJ;101;319.0;SAO GONCALO;Nao guardar distancia de seguranca;Colisao traseira;Sem Vitimas;Pleno dia
995398;20/10/2011;Quinta;13:20:00;RJ;101;307.0;SAO GONCALO;Falta de atencao;Colisao traseira;Sem Vitimas;Pleno dia
995442;08/10/2011;Sabado;19:45:00;RJ;101;316.0;SAO GONCALO;Outras;Colisao traseira;Sem Vitimas;Plena noite
996002;18/10/2011;Terca;03:00:00;RJ;101;322.0;NITEROI;Outras;Colisao lateral;Sem Vitimas;Plena noite
996036;17/10/2011;Segunda;18:20:00;RJ;101;319.0;NITEROI;Outras;Colisao traseira;Sem Vitimas;Anoitecer
996042;17/10/2011;Segunda;16:30:00;RJ;101;312.0;SAO GONCALO;Outras;Colisao traseira;Sem Vitimas;Pleno dia
996079;21/10/2011;Sexta;15:05:00;RJ;101;323.0;NITEROI;Outras;Colisao traseira;Sem Vitimas;Pleno dia
996282;13/10/2011;Quinta;10:30:00;RJ;101;322.0;NITEROI;Outras;Colisao lateral;Sem Vitimas;Pleno dia
996291;21/10/2011;Sexta;21:35:00;RJ;101;334.0;RIO DE JANEIRO;Outras;Colisao lateral;Sem Vitimas;Plena noite
996292;13/10/2011;Quinta;18:38:00;RJ;101;331.0;RIO DE JANEIRO;Outras;Colisao traseira;Sem Vitimas;Plena noite
996361;22/10/2011;Sabado;00:02:00;RJ;101;324.0;NITEROI;Outras;Colisao lateral;Sem Vitimas;Plena noite
996403;22/10/2011;Sabado;02:20:00;RJ;101;305.0;SAO GONCALO;Outras;Colisao com bicicleta;Com Vitimas Feridas;Plena noite
996481;22/10/2011;Sabado;07:50:00;RJ;101;322.0;NITEROI;Outras;Colisao traseira;Sem Vitimas;Pleno dia
996531;14/10/2011;Sexta;08:00:00;RJ;101;315.0;SAO GONCALO;Outras;Colisao lateral;Sem Vitimas;Pleno dia
996725;22/10/2011;Sabado;17:20:00;RJ;101;322.0;NITEROI;Outras;Colisao lateral;Sem Vitimas;Pleno dia
996909;22/10/2011;Sabado;21:21:00;RJ;101;316.0;SAO GONCALO;Outras;Colisao com objeto fixo;Sem Vitimas;Plena noite
997023;22/10/2011;Sabado;21:20:00;RJ;101;316.0;SAO GONCALO;Outras;Colisao com bicicleta;Com Vitimas Feridas;Plena noite
997099;23/10/2011;Domingo;09:30:00;RJ;101;322.5;NITEROI;Velocidade incompativel;Colisao lateral;Sem Vitimas;Pleno dia
997738;24/10/2011;Segunda;06:40:00;RJ;101;314.0;SAO GONCALO;Falta de atencao;Colisao lateral;Sem Vitimas;Pleno dia
997759;24/10/2011;Segunda;08:45:00;RJ;101;315.0;SAO GONCALO;Outras;Colisao traseira;Sem Vitimas;Plena noite
997837;20/10/2011;Quinta;12:35:00;RJ;101;320.0;NITEROI;Falta de atencao;Colisao traseira;Com Vitimas Feridas;Pleno dia
997863;24/10/2011;Segunda;18:30:00;RJ;101;317.0;SAO GONCALO;Outras;Atropelamento de pessoa;Com Vitimas Feridas;Anoitecer
997968;22/10/2011;Sabado;08:20:00;RJ;101;311.0;SAO GONCALO;Outras;Colisao com objeto fixo;Sem Vitimas;Pleno dia
997986;24/10/2011;Segunda;20:20:00;RJ;101;319.0;SAO GONCALO;Outras;Colisao lateral;Com Vitimas Feridas;Plena noite
998071;22/10/2011;Sabado;04:45:00;RJ;101;311.0;SAO GONCALO;Outras;Colisao com objeto fixo;Sem Vitimas;Plena noite
998095;25/10/2011;Terca;08:15:00;RJ;101;306.0;SAO GONCALO;Animais na Pista;Atropelamento de animal;Sem Vitimas;Pleno dia
998145;25/10/2011;Terca;08:36:00;RJ;101;329.0;RIO DE JANEIRO;Outras;Colisao traseira;Com Vitimas Feridas;Pleno dia
998185;25/10/2011;Terca;08:30:00;RJ;101;319.0;SAO GONCALO;Outras;Atropelamento de pessoa;Com Vitimas Feridas;Pleno dia
998202;25/10/2011;Terca;10:30:00;RJ;101;318.0;SAO GONCALO;Outras;Colisao lateral;Sem Vitimas;Pleno dia
998252;25/10/2011;Terca;12:26:00;RJ;101;327.0;NITEROI;Outras;Colisao traseira;Sem Vitimas;Pleno dia
998283;25/10/2011;Terca;12:43:00;RJ;101;329.0;RIO DE JANEIRO;Outras;Colisao traseira;Sem Vitimas;Pleno dia
998462;25/10/2011;Terca;18:30:00;RJ;101;333.0;RIO DE JANEIRO;Outras;Colisao lateral;Sem Vitimas;Plena noite
998484;25/10/2011;Terca;20:00:00;RJ;101;322.0;NITEROI;Outras;Colisao lateral;Sem Vitimas;Plena noite
998636;26/10/2011;Quarta;05:10:00;RJ;101;307.0;SAO GONCALO;Outras;Saida de Pista;Com Vitimas Feridas;Plena noite
998756;26/10/2011;Quarta;10:40:00;RJ;101;333.0;RIO DE JANEIRO;Outras;Colisao traseira;Sem Vitimas;Pleno dia
998808;26/10/2011;Quarta;06:10:00;RJ;101;316.9;SAO GONCALO;Nao guardar distancia de seguranca;Colisao traseira;Sem Vitimas;Pleno dia
998877;22/10/2011;Sabado;15:20:00;RJ;101;319.3;SAO GONCALO;Nao guardar distancia de seguranca;Colisao traseira;Sem Vitimas;Pleno dia
998887;26/10/2011;Quarta;15:15:00;RJ;101;323.0;NITEROI;Outras;Colisao traseira;Sem Vitimas;Pleno dia
998917;26/10/2011;Quarta;19:32:00;RJ;101;322.0;NITEROI;Outras;Colisao lateral;Sem Vitimas;Anoitecer
998969;26/10/2011;Quarta;15:30:00;RJ;101;312.0;SAO GONCALO;Outras;Colisao traseira;Sem Vitimas;Pleno dia
999133;27/10/2011;Quinta;07:15:00;RJ;101;316.0;SAO GONCALO;Outras;Colisao lateral;Sem Vitimas;Pleno dia
999140;12/10/2011;Quarta;14:30:00;RJ;101;321.0;NITEROI;Falta de atencao;Colisao com objeto fixo;Sem Vitimas;Pleno dia
999207;27/10/2011;Quinta;10:15:00;RJ;101;308.0;SAO GONCALO;Nao guardar distancia de seguranca;Colisao traseira;Sem Vitimas;Pleno dia
999237;27/10/2011;Quinta;09:30:00;RJ;101;331.0;RIO DE JANEIRO;Nao guardar distancia de seguranca;Colisao lateral;Com Vitimas Feridas;Pleno dia
999347;24/10/2011;Segunda;05:50:00;RJ;101;321.0;NITEROI;Outras;Colisao traseira;Sem Vitimas;Amanhecer
999361;24/10/2011;Segunda;14:00:00;RJ;101;320.0;NITEROI;Outras;Colisao traseira;Sem Vitimas;Pleno dia
999371;24/10/2011;Segunda;18:00:00;RJ;101;322.0;NITEROI;Outras;Colisao lateral;Sem Vitimas;Anoitecer
999389;27/10/2011;Quinta;17:40:00;RJ;101;321.0;NITEROI;Outras;Colisao lateral;Sem Vitimas;Pleno dia
999392;27/10/2011;Quinta;10:30:00;RJ;101;325.0;NITEROI;Falta de atencao;Colisao traseira;Sem Vitimas;Pleno dia
999394;27/10/2011;Quinta;06:40:00;RJ;101;320.0;NITEROI;Outras;Colisao lateral;Sem Vitimas;Pleno dia
999395;24/10/2011;Segunda;18:10:00;RJ;101;325.2;NITEROI;Outras;Colisao traseira;Sem Vitimas;Anoitecer
999408;24/10/2011;Segunda;20:00:00;RJ;101;322.0;NITEROI;Outras;Colisao traseira;Sem Vitimas;Plena noite
999466;27/10/2011;Quinta;16:47:00;RJ;101;325.0;NITEROI;Outras;Colisao traseira;Com Vitimas Feridas;Pleno dia
999734;28/10/2011;Sexta;12:30:00;RJ;101;307.0;SAO GONCALO;Falta de atencao;Colisao traseira;Sem Vitimas;Pleno dia
999811;24/10/2011;Segunda;15:30:00;RJ;101;327.0;RIO DE JANEIRO;Defeito mecanico em veiculo;Colisao com objeto fixo;Com Vitimas Fatais;Pleno dia
999858;28/10/2011;Sexta;14:20:00;RJ;101;313.0;SAO GONCALO;Outras;Capotamento;Com Vitimas Feridas;Pleno dia
999883;28/10/2011;Sexta;06:45:00;RJ;101;316.0;SAO GONCALO;Falta de atencao;Colisao lateral;Sem Vitimas;Pleno dia
