id;data_inversa;dia_semana;horario;uf;br;km;municipio;causa_acidente;tipo_acidente;classificacao_acidente;fase_dia
1035913;2012-01-02;Segunda;06:20:00;RJ;101;313.0;SAO GONCALO;Outras;Saida de Pista;Sem Vitimas;Amanhecer
1035999;2012-01-02;Segunda;09:25:00;RJ;101;312.0;SAO GONCALO;Velocidade incompativel;Colisao frontal;Sem Vitimas;Pleno dia
1036046;2012-01-02;Segunda;10:30:00;RJ;101;318.0;NITEROI;Outras;Colisao traseira;Sem Vitimas;Pleno dia
1036216;2012-01-02;Segunda;13:30:00;RJ;101;324.3;NITEROI;Outras;Colisao lateral;Sem Vitimas;Pleno dia
1036232;2012-01-02;Segunda;14:15:00;RJ;101;317.0;SAO GONCALO;Outras;Colisao traseira;Com Vitimas Feridas;Pleno dia
1036741;2012-01-03;Terca;07:00:00;RJ;101;319.0;SAO GONCALO;Outras;Colisao traseira;Sem Vitimas;Pleno dia
1036767;2012-01-03;Terca;09:00:00;RJ;101;334.0;NITEROI;Outras;Colisao lateral;Sem Vitimas;Pleno dia
1036876;2012-01-03;Terca;12:00:00;RJ;101;323.0;NITEROI;Outras;Colisao traseira;Sem Vitimas;Pleno dia
1036887;2012-01-03;Terca;12:30:00;RJ;101;309.0;SAO GONCALO;Nao guardar distancia de seguranca;Colisao lateral;Sem Vitimas;Pleno dia
1036926;2012-01-03;Terca;13:00:00;RJ;101;315.0;SAO GONCALO;Falta de atencao;Colisao traseira;Sem Vitimas;Pleno dia
1036954;2012-01-03;Terca;12:50:00;RJ;101;333.0;RIO DE JANEIRO;Outras;Colisao traseira;Sem Vitimas;Pleno dia
1036959;2012-01-03;Terca;13:20:00;RJ;101;332.0;RIO DE JANEIRO;Falta de atencao;Colisao traseira;Com Vitimas Feridas;Pleno dia
1036995;2012-01-03;Terca;14:55:00;RJ;101;329.0;RIO DE JANEIRO;Outras;Tombamento;Sem Vitimas;Pleno dia
1037013;2012-01-03;Terca;15:20:00;RJ;101;307.0;SAO GONCALO;Outras;Colisao traseira;Sem Vitimas;Pleno dia
1037023;2012-01-03;Terca;15:30:00;RJ;101;306.0;SAO GONCALO;Falta de atencao;Colisao lateral;Sem Vitimas;Pleno dia
1037082;2012-01-03;Terca;07:00:00;RJ;101;317.0;NITEROI;Outras;Queda de motocicleta / bicicleta / veiculo;Com Vitimas Feridas;Pleno dia
1037749;2012-01-04;Quarta;18:20:00;RJ;101;320.0;NITEROI;Falta de atencao;Colisao traseira;Sem Vitimas;Pleno dia
1037900;2012-01-04;Quarta;17:30:00;RJ;101;323.0;NITEROI;Outras;Colisao traseira;Sem Vitimas;Pleno dia
1037903;2012-01-04;Quarta;18:20:00;RJ;101;323.0;NITEROI;Outras;Colisao traseira;Sem Vitimas;Pleno dia
1037919;2012-01-04;Quarta;20:50:00;RJ;101;332.0;RIO DE JANEIRO;Nao guardar distancia de seguranca;Colisao traseira;Sem Vitimas;Plena noite
1038071;2012-01-05;Quinta;08:15:00;RJ;101;319.0;NITEROI;Falta de atencao;Colisao traseira;Sem Vitimas;Pleno dia
1038163;2012-01-05;Quinta;11:10:00;RJ;101;316.0;SAO GONCALO;Outras;Colisao traseira;Sem Vitimas;Pleno dia
1038253;2012-01-05;Quinta;15:30:00;RJ;101;320.0;NITEROI;Outras;Colisao traseira;Sem Vitimas;Pleno dia
1038254;2012-01-05;Quinta;13:00:00;RJ;101;309.0;SAO GONCALO;Outras;Colisao traseira;Sem Vitimas;Pleno dia
1038323;2012-01-05;Quinta;18:05:00;RJ;101;321.0;NITEROI;Outras;Colisao traseira;Sem Vitimas;Pleno dia
1038500;2012-01-06;Sexta;04:13:00;RJ;101;309.0;SAO GONCALO;Outras;Colisao lateral;Sem Vitimas;Plena noite
1038559;2012-01-06;Sexta;12:15:00;RJ;101;321.0;NITEROI;Outras;Colisao traseira;Sem Vitimas;Pleno dia
1038569;2012-01-06;Sexta;08:22:00;RJ;101;333.0;RIO DE JANEIRO;Outras;Colisao traseira;Sem Vitimas;Pleno dia
1038578;2012-01-06;Sexta;08:30:00;RJ;101;334.0;RIO DE JANEIRO;Outras;Colisao lateral;Com Vitimas Feridas;Pleno dia
1038625;2012-01-06;Sexta;14:30:00;RJ;101;330.0;RIO DE JANEIRO;Outras;Colisao traseira;Com Vitimas Feridas;Pleno dia
1038713;2012-01-06;Sexta;18:02:00;RJ;101;322.0;NITEROI;Outras;Colisao traseira;Sem Vitimas;Anoitecer
1038731;2012-01-06;Sexta;17:50:00;RJ;101;320.5;NITEROI;Falta de atencao;Colisao lateral;Sem Vitimas;Pleno dia
1038780;2012-01-04;Quarta;07:30:00;RJ;101;322.0;RIO DE JANEIRO;Outras;Colisao traseira;Sem Vitimas;Pleno dia
1038797;2012-01-04;Quarta;15:00:00;RJ;101;318.0;NITEROI;Outras;Colisao traseira;Sem Vitimas;Plena noite
1038809;2012-01-06;Sexta;08:30:00;RJ;101;319.0;SAO GONCALO;Nao guardar distancia de seguranca;Colisao traseira;Sem Vitimas;Pleno dia
1038832;2012-01-06;Sexta;19:30:00;RJ;101;322.0;NITEROI;Outras;Colisao lateral;Sem Vitimas;Plena noite
1038985;2012-01-06;Sexta;23:40:00;RJ;101;313.0;SAO GONCALO;Outras;Colisao com objeto fixo;Sem Vitimas;Plena noite
1039094;2012-01-07;Sabado;05:30:00;RJ;101;327.0;NITEROI;Outras;Colisao traseira;Sem Vitimas;Amanhecer
1039106;2012-01-07;Sabado;15:00:00;RJ;101;326.0;NITEROI;Outras;Colisao traseira;Sem Vitimas;Pleno dia
1039130;2012-01-07;Sabado;10:40:00;RJ;101;324.0;NITEROI;Falta de atencao;Colisao traseira;Com Vitimas Feridas;Pleno dia
1039156;2012-01-03;Terca;19:00:00;RJ;101;314.0;SAO GONCALO;Outras;Colisao lateral;Sem Vitimas;Anoitecer
1039240;2012-01-07;Sabado;17:40:00;RJ;101;306.0;SAO GONCALO;Dormindo;Capotamento;Sem Vitimas;Pleno dia
1039263;2012-01-07;Sabado;17:50:00;RJ;101;306.0;SAO GONCALO;Outras;Colisao traseira;Sem Vitimas;Pleno dia
1039686;2012-01-08;Domingo;09:58:00;RJ;101;322.0;NITEROI;Outras;Colisao lateral;Sem Vitimas;Pleno dia
1039744;2012-01-08;Domingo;14:35:00;RJ;101;326.0;NITEROI;Defeito mecanico em veiculo;Colisao traseira;Com Vitimas Feridas;Pleno dia
1040061;2012-01-09;Segunda;08:15:00;RJ;101;320.0;NITEROI;Outras;Colisao lateral;Sem Vitimas;Pleno dia
1040095;2012-01-05;Quinta;18:30:00;RJ;101;322.0;NITEROI;Outras;Colisao lateral;Sem Vitimas;Anoitecer
1040209;2012-01-09;Segunda;11:30:00;RJ;101;318.0;SAO GONCALO;Outras;Colisao traseira;Sem Vitimas;Pleno dia
1040450;2012-01-10;Terca;14:30:00;RJ;101;319.0;SAO GONCALO;Outras;Colisao traseira;Sem Vitimas;Pleno dia
1040517;2012-01-10;Terca;16:00:00;RJ;101;319.0;SAO GONCALO;Outras;Colisao traseira;Sem Vitimas;Pleno dia
1040519;2012-01-10;Terca;08:20:00;RJ;101;304.0;SAO GONCALO;Dormindo;Saida de Pista;Com Vitimas Feridas;Pleno dia
1040544;2012-01-10;Terca;16:00:00;RJ;101;319.0;SAO GONCALO;Outras;Colisao traseira;Sem Vitimas;Pleno dia
1040581;2012-01-10;Terca;16:30:00;RJ;101;322.0;NITEROI;Falta de atencao;Colisao traseira;Sem Vitimas;Pleno dia
1040634;2012-01-10;Terca;16:42:00;RJ;101;333.4;RIO DE JANEIRO;Outras;Colisao traseira;Sem Vitimas;Pleno dia
1040825;2012-01-10;Terca;22:00:00;RJ;101;308.0;SAO GONCALO;Outras;Colisao traseira;Sem Vitimas;Plena noite
1040981;2012-01-11;Quarta;07:00:00;RJ;101;320.0;NITEROI;Nao guardar distancia de seguranca;Colisao traseira;Sem Vitimas;Pleno dia
1041230;2012-01-11;Quarta;13:00:00;RJ;101;318.0;SAO GONCALO;Outras;Queda de motocicleta / bicicleta / veiculo;Com Vitimas Feridas;Pleno dia
1041646;2012-01-04;Quarta;10:00:00;RJ;101;308.0;SAO GONCALO;Falta de atencao;Colisao traseira;Sem Vitimas;Pleno dia
1041702;2012-01-04;Quarta;16:20:00;RJ;101;313.0;SAO GONCALO;Outras;Colisao com objeto movel;Sem Vitimas;Pleno dia
1041919;2012-01-12;Quinta;16:00:00;RJ;101;316.0;SAO GONCALO;Outras;Colisao lateral;Sem Vitimas;Pleno dia
1042201;2012-01-13;Sexta;07:02:00;RJ;101;322.0;NITEROI;Outras;Colisao lateral;Sem Vitimas;Pleno dia
1042287;2012-01-09;Segunda;19:20:00;RJ;101;324.0;NITEROI;Outras;Queda de motocicleta / bicicleta / veiculo;Com Vitimas Feridas;Anoitecer
1042434;2012-01-13;Sexta;12:44:00;RJ;101;327.0;NITEROI;Outras;Colisao traseira;Com Vitimas Feridas;Pleno dia
1042443;2012-01-13;Sexta;12:25:00;RJ;101;327.0;NITEROI;Outras;Colisao traseira;Sem Vitimas;Pleno dia
1042562;2012-01-13;Sexta;15:30:00;RJ;101;331.0;RIO DE JANEIRO;Outras;Colisao traseira;Sem Vitimas;Pleno dia
1042599;2012-01-13;Sexta;13:30:00;RJ;101;333.0;RIO DE JANEIRO;Outras;Colisao traseira;Com Vitimas Feridas;Pleno dia
1042691;2012-01-13;Sexta;19:00:00;RJ;101;328.0;NITEROI;Outras;Colisao lateral;Sem Vitimas;Anoitecer
1042722;2012-01-13;Sexta;19:00:00;RJ;101;318.0;SAO GONCALO;Outras;Queda de motocicleta / bicicleta / veiculo;Com Vitimas Feridas;Anoitecer
1042783;2012-01-13;Sexta;22:21:00;RJ;101;330.0;RIO DE JANEIRO;Outras;Colisao traseira;Sem Vitimas;Plena noite
1042909;2012-01-14;Sabado;06:40:00;RJ;101;328.2;RIO DE JANEIRO;Outras;Colisao traseira;Sem Vitimas;Pleno dia
1043019;2012-01-14;Sabado;09:55:00;RJ;101;319.0;NITEROI;Outras;Colisao traseira;Sem Vitimas;Amanhecer
1043033;2012-01-14;Sabado;11:30:00;RJ;101;319.0;SAO GONCALO;Outras;Colisao traseira;Sem Vitimas;Pleno dia
1043099;2012-01-14;Sabado;14:00:00;RJ;101;322.4;NITEROI;Falta de atencao;Colisao traseira;Sem Vitimas;Pleno dia
1043205;2012-01-14;Sabado;16:34:00;RJ;101;323.0;NITEROI;Outras;Colisao lateral;Com Vitimas Feridas;Pleno dia
1043232;2012-01-14;Sabado;18:30:00;RJ;101;323.0;NITEROI;Outras;Colisao traseira;Sem Vitimas;Anoitecer
1043390;2012-01-14;Sabado;23:35:00;RJ;101;321.2;NITEROI;Outras;Colisao lateral;Sem Vitimas;Plena noite
1043394;2012-01-14;Sabado;23:20:00;RJ;101;320.0;NITEROI;Falta de atencao;Colisao traseira;Sem Vitimas;Plena noite
1043504;2012-01-12;Quinta;18:30:00;RJ;101;323.0;NITEROI;Outras;Colisao lateral;Sem Vitimas;Pleno dia
1043510;2012-01-12;Quinta;19:59:00;RJ;101;326.0;NITEROI;Outras;Colisao traseira;Sem Vitimas;Pleno dia
1043702;2012-01-15;Domingo;18:00:00;RJ;101;309.0;SAO GONCALO;Outras;Colisao traseira;Sem Vitimas;Pleno dia
1043750;2012-01-15;Domingo;18:45:00;RJ;101;327.0;RIO DE JANEIRO;Nao guardar distancia de seguranca;Colisao traseira;Sem Vitimas;Anoitecer
1043821;2012-01-15;Domingo;22:40:00;RJ;101;321.5;NITEROI;Outras;Atropelamento de pessoa;Com Vitimas Feridas;Plena noite
1043952;2012-01-12;Quinta;15:30:00;RJ;101;332.0;NITEROI;Outras;Colisao lateral;Sem Vitimas;Pleno dia
1044207;2012-01-16;Segunda;14:50:00;RJ;101;314.0;SAO GONCALO;Outras;Colisao traseira;Sem Vitimas;Pleno dia
1044249;2012-01-13;Sexta;04:00:00;RJ;101;314.0;SAO GONCALO;Outras;Colisao traseira;Com Vitimas Feridas;Amanhecer
1044368;2012-01-17;Terca;00:04:00;RJ;101;318.0;NITEROI;Outras;Colisao lateral;Sem Vitimas;Plena noite
1044448;2012-01-17;Terca;06:15:00;RJ;101;316.0;NITEROI;Outras;Colisao traseira;Sem Vitimas;Pleno dia
1044650;2012-01-17;Terca;13:45:00;RJ;101;322.0;NITEROI;Outras;Colisao traseira;Sem Vitimas;Pleno dia
1044827;2012-01-17;Terca;18:07:00;RJ;101;327.0;RIO DE JANEIRO;Outras;Colisao traseira;Sem Vitimas;Pleno dia
1044851;2012-01-17;Terca;13:30:00;RJ;101;322.0;NITEROI;Falta de atencao;Colisao traseira;Com Vitimas Feridas;Pleno dia
1044921;2012-01-17;Terca;14:21:00;RJ;101;325.0;NITEROI;Outras;Queda de motocicleta / bicicleta / veiculo;Com Vitimas Feridas;Pleno dia
1045135;2012-01-18;Quarta;16:00:00;RJ;101;328.6;RIO DE JANEIRO;Outras;Colisao traseira;Com Vitimas Feridas;Pleno dia
1045174;2012-01-18;Quarta;15:50:00;RJ;101;303.0;SAO GONCALO;Outras;Colisao frontal;Sem Vitimas;Pleno dia
1045207;2012-01-18;Quarta;13:30:00;RJ;101;327.4;NITEROI;Outras;Colisao traseira;Sem Vitimas;Pleno dia
1045246;2012-01-18;Quarta;19:00:00;RJ;101;322.0;NITEROI;Outras;Colisao lateral;Sem Vitimas;Amanhecer
1045360;2012-01-18;Quarta;23:30:00;RJ;101;318.0;SAO GONCALO;Defeito na via;Queda de motocicleta / bicicleta / veiculo;Sem Vitimas;Plena noite
1045495;2012-01-16;Segunda;19:10:00;RJ;101;322.0;NITEROI;Outras;Colisao traseira;Sem Vitimas;Pleno dia
1045570;2012-01-16;Segunda;12:01:00;RJ;101;321.0;NITEROI;Outras;Colisao lateral;Sem Vitimas;Plena noite
1045595;2012-01-16;Segunda;14:00:00;RJ;101;320.0;NITEROI;Outras;Colisao lateral;Sem Vitimas;Plena noite
1045611;2012-01-16;Segunda;16:00:00;RJ;101;322.0;NITEROI;Outras;Colisao traseira;Sem Vitimas;Plena noite
1045640;2012-01-16;Segunda;21:05:00;RJ;101;333.1;RIO DE JANEIRO;Nao guardar distancia de seguranca;Colisao com objeto fixo;Sem Vitimas;Plena noite
1046058;2012-01-20;Sexta;12:30:00;RJ;101;332.0;RIO DE JANEIRO;Falta de atencao;Colisao traseira;Sem Vitimas;Pleno dia
1046072;2012-01-20;Sexta;15:00:00;RJ;101;313.0;SAO GONCALO;Outras;Colisao traseira;Sem Vitimas;Pleno dia
1046097;2012-01-20;Sexta;12:30:00;RJ;101;302.0;SAO GONCALO;Outras;Colisao lateral;Sem Vitimas;Pleno dia
1046099;2012-01-20;Sexta;14:50:00;RJ;101;327.5;RIO DE JANEIRO;Outras;Colisao traseira;Sem Vitimas;Pleno dia
1046240;2012-01-16;Segunda;10:58:00;RJ;101;308.0;SAO GONCALO;Falta de atencao;Atropelamento de pessoa;Com Vitimas Feridas;Pleno dia
1046377;2012-01-16;Segunda;15:56:00;RJ;101;319.5;NITEROI;Falta de atencao;Colisao traseira;Sem Vitimas;Pleno dia
1046699;2012-01-21;Sabado;18:16:00;RJ;101;323.0;NITEROI;Outras;Colisao lateral;Sem Vitimas;Pleno dia
1046703;2012-01-21;Sabado;16:45:00;RJ;101;312.0;SAO GONCALO;Defeito mecanico em veiculo;Queda de motocicleta / bicicleta / veiculo;Com Vitimas Feridas;Pleno dia
1046779;2012-01-21;Sabado;21:25:00;RJ;101;321.0;NITEROI;Falta de atencao;Colisao lateral;Sem Vitimas;Plena noite
1046914;2012-01-22;Domingo;05:41:00;RJ;101;325.0;NITEROI;Outras;Colisao com objeto movel;Sem Vitimas;Amanhecer
1047420;2012-01-23;Segunda;07:00:00;RJ;101;315.0;SAO GONCALO;Outras;Colisao lateral;Sem Vitimas;Pleno dia
1047436;2012-01-23;Segunda;08:00:00;RJ;101;316.0;SAO GONCALO;Falta de atencao;Colisao lateral;Com Vitimas Feridas;Pleno dia
1047458;2012-01-19;Quinta;13:30:00;RJ;101;317.0;SAO GONCALO;Outras;Colisao traseira;Sem Vitimas;Pleno dia
1047563;2012-01-23;Segunda;11:06:00;RJ;101;328.0;NITEROI;Falta de atencao;Colisao traseira;Sem Vitimas;Pleno dia
1047615;2012-01-23;Segunda;11:00:00;RJ;101;319.0;SAO GONCALO;Outras;Colisao lateral;Com Vitimas Feridas;Pleno dia
1047718;2012-01-23;Segunda;15:40:00;RJ;101;314.0;SAO GONCALO;Outras;Colisao traseira;Sem Vitimas;Pleno dia
1047829;2012-01-23;Segunda;18:40:00;RJ;101;331.0;RIO DE JANEIRO;Outras;Incendio;Sem Vitimas;Anoitecer
1048027;2012-01-24;Terca;08:50:00;RJ;101;329.0;RIO DE JANEIRO;Falta de atencao;Colisao traseira;Com Vitimas Feridas;Pleno dia
1048270;2012-01-24;Terca;18:00:00;RJ;101;318.0;SAO GONCALO;Falta de atencao;Colisao traseira;Sem Vitimas;Pleno dia
1048483;2012-01-20;Sexta;18:30:00;RJ;101;314.0;SAO GONCALO;Outras;Colisao traseira;Sem Vitimas;Plena noite
1048489;2012-01-20;Sexta;17:00:00;RJ;101;314.0;SAO GONCALO;Outras;Colisao traseira;Sem Vitimas;Anoitecer
1048493;2012-01-20;Sexta;20:00:00;RJ;101;314.0;SAO GONCALO;Outras;Colisao traseira;Sem Vitimas;Plena noite
1048504;2012-01-25;Quarta;05:30:00;RJ;101;322.0;NITEROI;Outras;Colisao traseira;Sem Vitimas;Amanhecer
1048517;2012-01-25;Quarta;06:50:00;RJ;101;319.0;NITEROI;Nao guardar distancia de seguranca;Colisao com objeto movel;Com Vitimas Feridas;Pleno dia
1048665;2012-01-25;Quarta;13:21:00;RJ;101;323.0;NITEROI;Outras;Colisao traseira;Sem Vitimas;Pleno dia
1048721;2012-01-25;Quarta;15:15:00;RJ;101;322.0;NITEROI;Outras;Colisao lateral;Sem Vitimas;Pleno dia
1048759;2012-01-25;Quarta;16:07:00;RJ;101;330.0;RIO DE JANEIRO;Outras;Colisao traseira;Sem Vitimas;Pleno dia
1048839;2012-01-25;Quarta;19:00:00;RJ;101;322.0;NITEROI;Outras;Colisao lateral;Sem Vitimas;Anoitecer
1048912;2012-01-25;Quarta;23:00:00;RJ;101;318.0;SAO GONCALO;Outras;Queda de motocicleta / bicicleta / veiculo;Com Vitimas Feridas;Plena noite
1048970;2012-01-25;Quarta;18:50:00;RJ;101;321.0;NITEROI;Outras;Atropelamento de pessoa;Com Vitimas Feridas;Anoitecer
1049064;2012-01-26;Quinta;08:50:00;RJ;101;323.0;NITEROI;Outras;Colisao lateral;Com Vitimas Feridas;Pleno dia
1049090;2012-01-26;Quinta;10:25:00;RJ;101;318.0;SAO GONCALO;Outras;Colisao lateral;Sem Vitimas;Pleno dia
1049138;2012-01-26;Quinta;12:15:00;RJ;101;322.3;NITEROI;Outras;Colisao lateral;Sem Vitimas;Pleno dia
1049254;2012-01-22;Domingo;18:12:00;RJ;101;310.0;SAO GONCALO;Outras;Colisao traseira;Com Vitimas Feridas;Pleno dia
1049435;2012-01-26;Quinta;23:30:00;RJ;101;322.2;NITEROI;Outras;Colisao traseira;Sem Vitimas;Plena noite
1049511;2012-01-27;Sexta;06:00:00;RJ;101;331.0;RIO DE JANEIRO;Nao guardar distancia de seguranca;Colisao traseira;Sem Vitimas;Pleno dia
1049688;2012-01-23;Segunda;23:20:00;RJ;101;322.0;NITEROI;Dormindo;Colisao com objeto fixo;Sem Vitimas;Plena noite
1049753;2012-01-24;Terca;17:00:00;RJ;101;322.0;NITEROI;Outras;Colisao lateral;Sem Vitimas;Pleno dia
1049773;2012-01-24;Terca;07:45:00;RJ;101;333.0;RIO DE JANEIRO;Outras;Colisao lateral;Sem Vitimas;Pleno dia
1049800;2012-01-24;Terca;16:40:00;RJ;101;326.0;RIO DE JANEIRO;Outras;Colisao traseira;Sem Vitimas;Pleno dia
1049813;2012-01-24;Terca;18:50:00;RJ;101;323.7;NITEROI;Outras;Colisao traseira;Sem Vitimas;Anoitecer
1049892;2012-01-27;Sexta;19:45:00;RJ;101;325.0;NITEROI;Outras;Colisao traseira;Com Vitimas Feridas;Plena noite
1050008;2012-01-27;Sexta;22:10:00;RJ;101;320.0;NITEROI;Outras;Danos Eventuais;Sem Vitimas;Plena noite
1050011;2012-01-28;Sabado;05:55:00;RJ;101;322.0;NITEROI;Outras;Colisao com objeto fixo;Sem Vitimas;Amanhecer
1050120;2012-01-28;Sabado;10:15:00;RJ;101;323.0;NITEROI;Nao guardar distancia de seguranca;Colisao traseira;Sem Vitimas;Pleno dia
1050209;2012-01-28;Sabado;07:40:00;RJ;101;304.0;SAO GONCALO;Defeito mecanico em veiculo;Saida de Pista;Sem Vitimas;Pleno dia
1050214;2012-01-28;Sabado;07:15:00;RJ;101;306.0;SAO GONCALO;Outras;Colisao traseira;Com Vitimas Feridas;Pleno dia
1050241;2012-01-28;Sabado;14:00:00;RJ;101;320.0;SAO GONCALO;Falta de atencao;Colisao lateral;Sem Vitimas;Pleno dia
1050256;2012-01-28;Sabado;16:44:00;RJ;101;333.0;RIO DE JANEIRO;Nao guardar distancia de seguranca;Colisao traseira;Sem Vitimas;Pleno dia
1050402;2012-01-28;Sabado;21:10:00;RJ;101;333.0;RIO DE JANEIRO;Outras;Colisao traseira;Sem Vitimas;Plena noite
1050570;2012-01-25;Quarta;18:00:00;RJ;101;322.0;NITEROI;Outras;Colisao traseira;Com Vitimas Feridas;Pleno dia
1050620;2012-01-29;Domingo;11:38:00;RJ;101;326.0;NITEROI;Outras;Colisao traseira;Sem Vitimas;Pleno dia
1050689;2012-01-29;Domingo;14:54:00;RJ;101;322.0;NITEROI;Outras;Colisao com objeto fixo;Sem Vitimas;Pleno dia
1050846;2012-01-29;Domingo;17:30:00;RJ;101;300.0;SAO GONCALO;Outras;Capotamento;Ignorado;Pleno dia
1051065;2012-01-30;Segunda;06:50:00;RJ;101;317.0;SAO GONCALO;Outras;Colisao traseira;Sem Vitimas;Amanhecer
1051077;2012-01-30;Segunda;08:15:00;RJ;101;333.0;RIO DE JANEIRO;Falta de atencao;Colisao traseira;Sem Vitimas;Pleno dia
1051287;2012-01-30;Segunda;07:27:00;RJ;101;317.0;SAO GONCALO;Falta de atencao;Colisao traseira;Sem Vitimas;Pleno dia
1051321;2012-01-30;Segunda;17:30:00;RJ;101;313.0;SAO GONCALO;Nao guardar distancia de seguranca;Colisao traseira;Sem Vitimas;Anoitecer
1051327;2012-01-30;Segunda;18:02:00;RJ;101;311.0;SAO GONCALO;Outras;Colisao traseira;Sem Vitimas;Anoitecer
1051548;2012-01-27;Sexta;22:00:00;RJ;101;322.0;NITEROI;Outras;Incendio;Sem Vitimas;Plena noite
1051580;2012-01-31;Terca;08:15:00;RJ;101;330.0;RIO DE JANEIRO;Outras;Danos Eventuais;Com Vitimas Feridas;Pleno dia
1051617;2012-01-31;Terca;09:00:00;RJ;101;330.0;RIO DE JANEIRO;Nao guardar distancia de seguranca;Colisao traseira;Sem Vitimas;Pleno dia
1051641;2012-01-27;Sexta;21:00:00;RJ;101;320.0;NITEROI;Nao guardar distancia de seguranca;Colisao traseira;Sem Vitimas;Plena noite
1051768;2012-01-31;Terca;15:40:00;RJ;101;306.0;SAO GONCALO;Outras;Saida de Pista;Sem Vitimas;Pleno dia
1051792;2012-01-31;Terca;16:20:00;RJ;101;315.0;SAO GONCALO;Nao guardar distancia de seguranca;Colisao traseira;Sem Vitimas;Pleno dia
1051813;2012-01-31;Terca;08:20:00;RJ;101;330.0;RIO DE JANEIRO;Outras;Colisao traseira;Sem Vitimas;Amanhecer
1051848;2012-01-31;Terca;17:50:00;RJ;101;321.0;NITEROI;Outras;Incendio;Ignorado;Pleno dia
1052126;2012-02-01;Quarta;11:20:00;RJ;101;309.0;SAO GONCALO;Outras;Colisao traseira;Com Vitimas Feridas;Pleno dia
1052412;2012-02-01;Quarta;18:45:00;RJ;101;319.0;SAO GONCALO;Outras;Colisao traseira;Sem Vitimas;Pleno dia
1052564;2012-02-02;Quinta;06:10:00;RJ;101;318.0;SAO GONCALO;Falta de atencao;Colisao traseira;Com Vitimas Feridas;Pleno dia
1052570;2012-02-02;Quinta;06:30:00;RJ;101;316.0;SAO GONCALO;Outras;Colisao traseira;Com Vitimas Feridas;Pleno dia
1052613;2012-02-02;Quinta;09:00:00;RJ;101;317.0;SAO GONCALO;Outras;Colisao traseira;Sem Vitimas;Pleno dia
1052807;2012-02-02;Quinta;15:26:00;RJ;101;331.0;RIO DE JANEIRO;Outras;Colisao traseira;Com Vitimas Feridas;Pleno dia
1052871;2012-02-02;Quinta;18:38:00;RJ;101;322.0;NITEROI;Outras;Colisao lateral;Sem Vitimas;Pleno dia
1052897;2012-02-02;Quinta;19:15:00;RJ;101;320.0;NITEROI;Outras;Colisao lateral;Sem Vitimas;Anoitecer
1053104;2012-02-01;Quarta;19:05:00;RJ;101;325.0;NITEROI;Outras;Colisao traseira;Sem Vitimas;Pleno dia
1053119;2012-02-03;Sexta;08:00:00;RJ;101;327.0;NITEROI;Outras;Colisao lateral;Sem Vitimas;Pleno dia
1053265;2012-02-03;Sexta;10:20:00;RJ;101;314.0;SAO GONCALO;Outras;Colisao lateral;Com Vitimas Feridas;Pleno dia
1053288;2012-02-03;Sexta;13:40:00;RJ;101;313.0;SAO GONCALO;Outras;Capotamento;Sem Vitimas;Pleno dia
1053292;2012-02-03;Sexta;15:30:00;RJ;101;309.0;SAO GONCALO;Nao guardar distancia de seguranca;Colisao traseira;Sem Vitimas;Pleno dia
1053303;2012-02-03;Sexta;14:00:00;RJ;101;319.0;SAO GONCALO;Outras;Colisao traseira;Sem Vitimas;Pleno dia
1053304;2012-02-03;Sexta;15:00:00;RJ;101;323.0;NITEROI;Outras;Colisao traseira;Sem Vitimas;Pleno dia
1053351;2012-02-03;Sexta;15:30:00;RJ;101;325.0;NITEROI;Outras;Colisao traseira;Sem Vitimas;Pleno dia
1053369;2012-02-03;Sexta;18:10:00;RJ;101;324.0;SAO GONCALO;Outras;Colisao traseira;Sem Vitimas;Pleno dia
1053370;2012-02-03;Sexta;18:20:00;RJ;101;319.0;SAO GONCALO;Outras;Colisao traseira;Sem Vitimas;Anoitecer
1053374;2012-02-03;Sexta;15:45:00;RJ;101;324.0;NITEROI;Outras;Colisao lateral;Sem Vitimas;Pleno dia
1053700;2012-02-04;Sabado;11:30:00;RJ;101;302.0;SAO GONCALO;Falta de atencao;Colisao traseira;Sem Vitimas;Pleno dia
1053731;2012-02-04;Sabado;08:10:00;RJ;101;327.0;RIO DE JANEIRO;Ingestao de alcool;Colisao traseira;Com Vitimas Feridas;Pleno dia
1053847;2012-01-31;Terca;22:05:00;RJ;101;320.0;NITEROI;Outras;Danos Eventuais;Sem Vitimas;Plena noite
1053942;2012-02-04;Sabado;20:00:00;RJ;101;306.0;SAO GONCALO;Outras;Saida de Pista;Com Vitimas Feridas;Plena noite
1054369;2012-02-05;Domingo;22:30:00;RJ;101;323.0;NITEROI;Outras;Colisao traseira;Sem Vitimas;Plena noite
1054430;2012-02-06;Segunda;00:30:00;RJ;101;326.0;NITEROI;Outras;Colisao traseira;Sem Vitimas;Plena noite
1054521;2012-02-02;Quinta;18:30:00;RJ;101;318.0;SAO GONCALO;Outras;Queda de motocicleta / bicicleta / veiculo;Com Vitimas Feridas;Pleno dia
1054530;2012-02-06;Segunda;07:20:00;RJ;101;318.0;SAO GONCALO;Outras;Queda de motocicleta / bicicleta / veiculo;Com Vitimas Feridas;Pleno dia
1054820;2012-02-06;Segunda;18:00:00;RJ;101;309.0;SAO GONCALO;Outras;Colisao lateral;Sem Vitimas;Pleno dia
1054823;2012-02-06;Segunda;17:51:00;RJ;101;322.0;NITEROI;Outras;Colisao traseira;Sem Vitimas;Pleno dia
1054872;2012-02-06;Segunda;16:30:00;RJ;101;302.0;SAO GONCALO;Dormindo;Tombamento;Sem Vitimas;Plena noite
1054894;2012-02-06;Segunda;19:15:00;RJ;101;322.0;NITEROI;Outras;Colisao traseira;Sem Vitimas;Anoitecer
1054922;2012-02-06;Segunda;16:10:00;RJ;101;322.0;NITEROI;Outras;Colisao traseira;Com Vitimas Feridas;Anoitecer
1054940;2012-02-06;Segunda;15:10:00;RJ;101;326.0;NITEROI;Outras;Colisao lateral;Com Vitimas Feridas;Pleno dia
1054957;2012-02-06;Segunda;21:45:00;RJ;101;320.0;NITEROI;Outras;Colisao traseira;Sem Vitimas;Plena noite
1055005;2012-02-07;Terca;00:45:00;RJ;101;324.0;NITEROI;Outras;Colisao traseira;Sem Vitimas;Plena noite
1055049;2012-01-27;Sexta;00:05:00;RJ;101;313.0;SAO GONCALO;Velocidade incompativel;Colisao com objeto fixo;Com Vitimas Fatais;Plena noite
1055110;2012-02-07;Terca;07:30:00;RJ;101;318.0;SAO GONCALO;Outras;Colisao traseira;Sem Vitimas;Amanhecer
1055111;2012-02-07;Terca;08:19:00;RJ;101;329.0;RIO DE JANEIRO;Outras;Colisao traseira;Sem Vitimas;Pleno dia
1055258;2012-02-07;Terca;14:30:00;RJ;101;313.0;SAO GONCALO;Outras;Saida de Pista;Sem Vitimas;Pleno dia
1055337;2012-02-07;Terca;17:30:00;RJ;101;324.0;NITEROI;Outras;Colisao traseira;Sem Vitimas;Pleno dia
1055377;2012-02-07;Terca;12:30:00;RJ;101;319.0;SAO GONCALO;Outras;Colisao traseira;Sem Vitimas;Pleno dia
1055422;2012-02-03;Sexta;18:00:00;RJ;101;324.0;NITEROI;Outras;Colisao traseira;Sem Vitimas;Pleno dia
1055534;2012-02-07;Terca;22:50:00;RJ;101;303.0;SAO GONCALO;Outras;Saida de Pista;Sem Vitimas;Plena noite
1055621;2012-02-08;Quarta;06:00:00;RJ;101;302.0;SAO GONCALO;Outras;Colisao traseira;Sem Vitimas;Pleno dia
1055702;2012-01-31;Terca;11:00:00;RJ;101;320.0;SAO GONCALO;Defeito na via;Queda de motocicleta / bicicleta / veiculo;Sem Vitimas;Plena noite
1055760;2012-02-08;Quarta;12:15:00;RJ;101;322.0;NITEROI;Outras;Colisao traseira;Sem Vitimas;Pleno dia
1055791;2012-02-08;Quarta;13:40:00;RJ;101;322.0;NITEROI;Outras;Colisao lateral;Sem Vitimas;Pleno dia
1055912;2012-02-08;Quarta;16:50:00;RJ;101;333.0;RIO DE JANEIRO;Outras;Colisao lateral;Sem Vitimas;Pleno dia
1055933;2012-02-05;Domingo;16:40:00;RJ;101;330.0;RIO DE JANEIRO;Outras;Colisao traseira;Sem Vitimas;Pleno dia
1055945;2012-02-05;Domingo;17:00:00;RJ;101;322.0;RIO DE JANEIRO;Outras;Colisao traseira;Sem Vitimas;Pleno dia
1055963;2012-02-05;Domingo;19:10:00;RJ;101;331.0;RIO DE JANEIRO;Outras;Colisao traseira;Sem Vitimas;Amanhecer
1055996;2012-02-08;Quarta;09:30:00;RJ;101;330.0;RIO DE JANEIRO;Falta de atencao;Colisao com objeto fixo;Sem Vitimas;Pleno dia
1056024;2012-02-08;Quarta;18:40:00;RJ;101;325.0;NITEROI;Nao guardar distancia de seguranca;Colisao lateral;Sem Vitimas;Pleno dia
1056762;2012-02-05;Domingo;18:00:00;RJ;101;328.0;RIO DE JANEIRO;Falta de atencao;Colisao traseira;Com Vitimas Feridas;Pleno dia
1056763;2012-02-10;Sexta;08:30:00;RJ;101;327.0;RIO DE JANEIRO;Falta de atencao;Colisao com objeto fixo;Sem Vitimas;Pleno dia
1056800;2012-02-10;Sexta;14:00:00;RJ;101;328.0;RIO DE JANEIRO;Outras;Colisao lateral;Sem Vitimas;Pleno dia
1056831;2012-02-06;Segunda;05:35:00;RJ;101;316.0;SAO GONCALO;Falta de atencao;Saida de Pista;Ignorado;Amanhecer
1056868;2012-02-10;Sexta;16:30:00;RJ;101;322.0;NITEROI;Outras;Colisao lateral;Sem Vitimas;Pleno dia
1056885;2012-02-10;Sexta;17:00:00;RJ;101;322.0;NITEROI;Outras;Colisao traseira;Sem Vitimas;Pleno dia
1056898;2012-02-10;Sexta;17:13:00;RJ;101;323.0;NITEROI;Outras;Colisao traseira;Sem Vitimas;Pleno dia
1057006;2012-02-10;Sexta;18:50:00;RJ;101;322.0;NITEROI;Outras;Colisao traseira;Sem Vitimas;Pleno dia
1057067;2012-02-10;Sexta;22:58:00;RJ;101;326.0;NITEROI;Outras;Colisao traseira;Sem Vitimas;Plena noite
1057111;2012-02-11;Sabado;00:51:00;RJ;101;322.0;NITEROI;Outras;Colisao com objeto fixo;Sem Vitimas;Plena noite
1057112;2012-02-10;Sexta;23:15:00;RJ;101;328.0;RIO DE JANEIRO;Defeito mecanico em veiculo;Tombamento;Com Vitimas Feridas;Plena noite
1057346;2012-02-11;Sabado;10:40:00;RJ;101;299.0;SAO GONCALO;Outras;Colisao traseira;Sem Vitimas;Pleno dia
1057699;2012-02-09;Quinta;19:00:00;RJ;101;319.9;NITEROI;Outras;Colisao traseira;Sem Vitimas;Pleno dia
1057718;2012-02-09;Quinta;10:58:00;RJ;101;321.8;NITEROI;Outras;Colisao traseira;Sem Vitimas;Pleno dia
1057726;2012-02-09;Quinta;19:30:00;RJ;101;322.0;NITEROI;Outras;Colisao lateral;Sem Vitimas;Pleno dia
1057755;2012-02-12;Domingo;12:30:00;RJ;101;311.0;SAO GONCALO;Outras;Saida de Pista;Sem Vitimas;Pleno dia
1057916;2012-02-12;Domingo;17:00:00;RJ;101;306.0;SAO GONCALO;Outras;Colisao lateral;Sem Vitimas;Pleno dia
1057919;2012-02-12;Domingo;17:15:00;RJ;101;306.0;SAO GONCALO;Falta de atencao;Colisao traseira;Sem Vitimas;Pleno dia
1058129;2012-02-13;Segunda;07:10:00;RJ;101;321.5;NITEROI;Outras;Colisao lateral;Sem Vitimas;Pleno dia
1058233;2012-02-13;Segunda;10:00:00;RJ;101;330.0;NITEROI;Outras;Colisao traseira;Com Vitimas Feridas;Pleno dia
1058240;2012-02-13;Segunda;10:00:00;RJ;101;320.0;SAO GONCALO;Outras;Colisao traseira;Sem Vitimas;Pleno dia
1058280;2012-02-10;Sexta;19:46:00;RJ;101;334.0;RIO DE JANEIRO;Outras;Colisao lateral;Com Vitimas Feridas;Plena noite
1058292;2012-02-10;Sexta;06:00:00;RJ;101;322.0;NITEROI;Falta de atencao;Colisao traseira;Sem Vitimas;Amanhecer
1058370;2012-02-10;Sexta;23:20:00;RJ;101;328.0;RIO DE JANEIRO;Falta de atencao;Colisao traseira;Com Vitimas Feridas;Plena noite
1058419;2012-02-13;Segunda;08:10:00;RJ;101;318.0;SAO GONCALO;Falta de atencao;Colisao lateral;Com Vitimas Feridas;Pleno dia
1058536;2012-02-13;Segunda;20:30:00;RJ;101;321.5;NITEROI;Outras;Colisao traseira;Sem Vitimas;Plena noite
1058584;2012-02-13;Segunda;21:30:00;RJ;101;321.0;NITEROI;Outras;Colisao traseira;Sem Vitimas;Plena noite
1058697;2012-02-14;Terca;03:45:00;RJ;101;302.0;SAO GONCALO;Outras;Capotamento;Sem Vitimas;Plena noite
1058755;2012-02-14;Terca;08:07:00;RJ;101;318.0;SAO GONCALO;Outras;Colisao lateral;Sem Vitimas;Pleno dia
1058774;2012-02-14;Terca;07:40:00;RJ;101;328.0;RIO DE JANEIRO;Outras;Colisao com objeto fixo;Sem Vitimas;Pleno dia
1058779;2012-02-14;Terca;07:30:00;RJ;101;317.0;SAO GONCALO;Outras;Colisao traseira;Sem Vitimas;Pleno dia
1058823;2012-02-14;Terca;08:50:00;RJ;101;313.0;SAO GONCALO;Outras;Saida de Pista;Sem Vitimas;Pleno dia
1058861;2012-02-14;Terca;11:00:00;RJ;101;309.0;SAO GONCALO;Outras;Colisao traseira;Sem Vitimas;Pleno dia
1058928;2012-02-14;Terca;14:00:00;RJ;101;322.0;NITEROI;Outras;Colisao traseira;Sem Vitimas;Pleno dia
1058988;2012-02-14;Terca;16:37:00;RJ;101;321.0;NITEROI;Outras;Colisao traseira;Sem Vitimas;Pleno dia
1059033;2012-02-14;Terca;14:05:00;RJ;101;322.0;NITEROI;Outras;Colisao lateral;Com Vitimas Feridas;Pleno dia
1059043;2012-02-14;Terca;17:30:00;RJ;101;329.0;RIO DE JANEIRO;Outras;Colisao traseira;Sem Vitimas;Pleno dia
1059068;2012-02-14;Terca;18:30:00;RJ;101;328.4;RIO DE JANEIRO;Outras;Colisao lateral;Sem Vitimas;Anoitecer
1059247;2012-02-15;Quarta;05:30:00;RJ;101;316.0;SAO GONCALO;Outras;Queda de motocicleta / bicicleta / veiculo;Sem Vitimas;Plena noite
1059373;2012-02-15;Quarta;10:30:00;RJ;101;302.0;SAO GONCALO;Outras;Colisao traseira;Sem Vitimas;Pleno dia
1059384;2012-02-13;Segunda;18:50:00;RJ;101;323.0;NITEROI;Falta de atencao;Colisao traseira;Com Vitimas Feridas;Pleno dia
1059426;2012-02-15;Quarta;13:50:00;RJ;101;322.0;NITEROI;Outras;Colisao traseira;Sem Vitimas;Pleno dia
1059473;2012-02-15;Quarta;09:40:00;RJ;101;312.0;SAO GONCALO;Outras;Colisao lateral;Sem Vitimas;Pleno dia
1059486;2012-02-15;Quarta;07:10:00;RJ;101;309.0;SAO GONCALO;Outras;Colisao traseira;Sem Vitimas;Pleno dia
1059563;2012-02-15;Quarta;12:20:00;RJ;101;311.0;SAO GONCALO;Outras;Colisao com objeto fixo;Com Vitimas Feridas;Pleno dia
1059587;2012-02-15;Quarta;18:10:00;RJ;101;313.0;SAO GONCALO;Outras;Colisao traseira;Sem Vitimas;Pleno dia
1059601;2012-02-15;Quarta;18:45:00;RJ;101;322.0;NITEROI;Outras;Colisao traseira;Sem Vitimas;Anoitecer
1059619;2012-02-15;Quarta;16:15:00;RJ;101;323.0;NITEROI;Falta de atencao;Colisao traseira;Com Vitimas Feridas;Pleno dia
1060015;2012-02-15;Quarta;23:40:00;RJ;101;319.0;SAO GONCALO;Outras;Colisao com objeto fixo;Sem Vitimas;Plena noite
1060372;2012-02-16;Quinta;14:20:00;RJ;101;329.0;NITEROI;Nao guardar distancia de seguranca;Colisao traseira;Sem Vitimas;Pleno dia
1060402;2012-02-16;Quinta;08:20:00;RJ;101;334.0;RIO DE JANEIRO;Outras;Colisao lateral;Com Vitimas Feridas;Pleno dia
1060421;2012-02-16;Quinta;17:20:00;RJ;101;313.0;SAO GONCALO;Outras;Colisao traseira;Sem Vitimas;Pleno dia
1060430;2012-02-16;Quinta;15:20:00;RJ;101;324.0;NITEROI;Nao guardar distancia de seguranca;Colisao traseira;Sem Vitimas;Pleno dia
1060448;2012-02-16;Quinta;18:15:00;RJ;101;322.0;NITEROI;Outras;Colisao lateral;Sem Vitimas;Pleno dia
1060529;2012-02-16;Quinta;19:05:00;RJ;101;330.0;RIO DE JANEIRO;Outras;Colisao traseira;Sem Vitimas;Anoitecer
1060619;2012-02-16;Quinta;18:35:00;RJ;101;313.0;SAO GONCALO;Outras;Colisao lateral;Com Vitimas Fatais;Pleno dia
1060677;2012-02-17;Sexta;06:07:00;RJ;101;322.0;NITEROI;Outras;Colisao traseira;Com Vitimas Feridas;Amanhecer
1060684;2012-02-17;Sexta;05:50:00;RJ;101;306.0;SAO GONCALO;Outras;Colisao traseira;Com Vitimas Fatais;Amanhecer
1060703;2012-02-17;Sexta;07:25:00;RJ;101;309.0;SAO GONCALO;Outras;Colisao traseira;Sem Vitimas;Pleno dia
1060717;2012-02-17;Sexta;07:10:00;RJ;101;312.0;SAO GONCALO;Ultrapassagem indevida;Colisao lateral;Sem Vitimas;Pleno dia
1060722;2012-02-17;Sexta;07:50:00;RJ;101;322.0;NITEROI;Outras;Colisao traseira;Sem Vitimas;Pleno dia
1060737;2012-02-17;Sexta;06:30:00;RJ;101;324.0;NITEROI;Outras;Colisao lateral;Sem Vitimas;Pleno dia
1060764;2012-02-17;Sexta;08:55:00;RJ;101;324.0;NITEROI;Outras;Colisao traseira;Sem Vitimas;Pleno dia
1060775;2012-02-17;Sexta;05:20:00;RJ;101;328.7;RIO DE JANEIRO;Outras;Colisao traseira;Sem Vitimas;Plena noite
1060839;2012-02-17;Sexta;11:00:00;RJ;101;325.0;NITEROI;Outras;Colisao traseira;Sem Vitimas;Pleno dia
1060862;2012-02-17;Sexta;13:25:00;RJ;101;302.0;SAO GONCALO;Outras;Colisao lateral;Sem Vitimas;Pleno dia
1060918;2012-02-17;Sexta;15:30:00;RJ;101;322.0;NITEROI;Outras;Colisao traseira;Sem Vitimas;Pleno dia
1060938;2012-02-17;Sexta;16:05:00;RJ;101;326.0;RIO DE JANEIRO;Outras;Colisao traseira;Sem Vitimas;Plena noite
1060949;2012-02-17;Sexta;07:35:00;RJ;101;327.0;RIO DE JANEIRO;Ultrapassagem indevida;Colisao traseira;Com Vitimas Feridas;Pleno dia
1061023;2012-02-17;Sexta;17:00:00;RJ;101;302.0;SAO GONCALO;Falta de atencao;Colisao lateral;Sem Vitimas;Pleno dia
1061167;2012-02-17;Sexta;22:30:00;RJ;101;324.0;NITEROI;Nao guardar distancia de seguranca;Colisao lateral;Sem Vitimas;Plena noite
1061208;2012-02-18;Sabado;00:46:00;RJ;101;322.0;NITEROI;Outras;Colisao lateral;Sem Vitimas;Plena noite
1061262;2012-02-18;Sabado;02:35:00;RJ;101;301.0;SAO GONCALO;Falta de atencao;Colisao traseira;Sem Vitimas;Plena noite
1061270;2012-02-18;Sabado;04:00:00;RJ;101;316.0;SAO GONCALO;Outras;Colisao lateral;Sem Vitimas;Plena noite
1061310;2012-02-17;Sexta;23:35:00;RJ;101;307.0;SAO GONCALO;Outras;Queda de motocicleta / bicicleta / veiculo;Com Vitimas Feridas;Plena noite
1061352;2012-02-18;Sabado;06:10:00;RJ;101;307.0;SAO GONCALO;Outras;Colisao traseira;Sem Vitimas;Amanhecer
1061364;2012-02-18;Sabado;05:30:00;RJ;101;313.0;SAO GONCALO;Outras;Colisao traseira;Sem Vitimas;Amanhecer
1061410;2012-02-18;Sabado;09:00:00;RJ;101;316.0;SAO GONCALO;Outras;Queda de motocicleta / bicicleta / veiculo;Com Vitimas Feridas;Pleno dia
1061417;2012-02-18;Sabado;10:11:00;RJ;101;322.0;NITEROI;Outras;Colisao traseira;Sem Vitimas;Pleno dia
1061419;2012-02-18;Sabado;08:19:00;RJ;101;318.0;SAO GONCALO;Outras;Colisao traseira;Sem Vitimas;Pleno dia
1061483;2012-02-16;Quinta;22:20:00;RJ;101;323.0;NITEROI;Outras;Colisao traseira;Sem Vitimas;Plena noite
1061516;2012-02-18;Sabado;14:00:00;RJ;101;309.0;SAO GONCALO;Outras;Colisao traseira;Sem Vitimas;Pleno dia
1061535;2012-02-18;Sabado;13:22:00;RJ;101;334.0;RIO DE JANEIRO;Outras;Colisao lateral;Sem Vitimas;Pleno dia
1061551;2012-02-18;Sabado;14:45:00;RJ;101;323.0;NITEROI;Outras;Colisao traseira;Com Vitimas Feridas;Pleno dia
1061620;2012-02-18;Sabado;16:18:00;RJ;101;324.0;NITEROI;Outras;Colisao traseira;Sem Vitimas;Pleno dia
1061640;2012-02-18;Sabado;16:30:00;RJ;101;324.0;NITEROI;Nao guardar distancia de seguranca;Colisao traseira;Sem Vitimas;Pleno dia
1061676;2012-02-18;Sabado;18:30:00;RJ;101;327.0;NITEROI;Outras;Colisao traseira;Com Vitimas Feridas;Pleno dia
1061722;2012-02-18;Sabado;18:48:00;RJ;101;329.0;RIO DE JANEIRO;Outras;Colisao traseira;Sem Vitimas;Anoitecer
1061834;2012-02-18;Sabado;22:10:00;RJ;101;323.0;NITEROI;Nao guardar distancia de seguranca;Colisao traseira;Sem Vitimas;Plena noite
1062059;2012-02-19;Domingo;09:20:00;RJ;101;300.0;SAO GONCALO;Outras;Colisao traseira;Sem Vitimas;Pleno dia
1062080;2012-02-19;Domingo;06:00:00;RJ;101;322.0;NITEROI;Outras;Colisao traseira;Sem Vitimas;Pleno dia
1062083;2012-02-19;Domingo;09:00:00;RJ;101;334.0;RIO DE JANEIRO;Outras;Colisao traseira;Sem Vitimas;Pleno dia
1062271;2012-02-19;Domingo;15:00:00;RJ;101;304.0;SAO GONCALO;Outras;Atropelamento de pessoa;Com Vitimas Fatais;Pleno dia
1062407;2012-02-20;Segunda;01:21:00;RJ;101;326.0;NITEROI;Outras;Colisao com objeto fixo;Sem Vitimas;Plena noite
1062526;2012-02-20;Segunda;08:40:00;RJ;101;322.0;NITEROI;Nao guardar distancia de seguranca;Colisao traseira;Sem Vitimas;Pleno dia
1062799;2012-02-20;Segunda;19:25:00;RJ;101;333.0;NITEROI;Defeito mecanico em veiculo;Colisao traseira;Com Vitimas Feridas;Anoitecer
1062969;2012-02-17;Sexta;06:10:00;RJ;101;325.0;NITEROI;Defeito mecanico em veiculo;Colisao traseira;Com Vitimas Feridas;Amanhecer
1062977;2012-02-17;Sexta;09:00:00;RJ;101;313.0;SAO GONCALO;Outras;Colisao traseira;Sem Vitimas;Pleno dia
1062983;2012-02-18;Sabado;02:20:00;RJ;101;315.0;SAO GONCALO;Outras;Colisao traseira;Sem Vitimas;Plena noite
1062984;2012-02-17;Sexta;18:10:00;RJ;101;330.0;RIO DE JANEIRO;Defeito mecanico em veiculo;Colisao traseira;Com Vitimas Feridas;Pleno dia
1063173;2012-02-21;Terca;18:00:00;RJ;101;321.0;NITEROI;Outras;Colisao lateral;Sem Vitimas;Anoitecer
1063278;2012-02-21;Terca;20:10:00;RJ;101;311.0;SAO GONCALO;Outras;Colisao traseira;Sem Vitimas;Plena noite
1063510;2012-02-22;Quarta;08:20:00;RJ;101;330.0;RIO DE JANEIRO;Outras;Colisao traseira;Sem Vitimas;Pleno dia
1063549;2012-02-18;Sabado;04:00:00;RJ;101;332.0;RIO DE JANEIRO;Outras;Colisao lateral;Sem Vitimas;Plena noite
1063554;2012-02-18;Sabado;09:50:00;RJ;101;312.0;SAO GONCALO;Dormindo;Colisao traseira;Sem Vitimas;Pleno dia
1063574;2012-02-21;Terca;04:45:00;RJ;101;321.0;NITEROI;Outras;Atropelamento de pessoa;Com Vitimas Fatais;Plena noite
1063588;2012-02-22;Quarta;10:50:00;RJ;101;331.0;RIO DE JANEIRO;Outras;Colisao lateral;Sem Vitimas;Pleno dia
1063659;2012-02-18;Sabado;15:45:00;RJ;101;312.0;SAO GONCALO;Outras;Danos Eventuais;Sem Vitimas;Pleno dia
1063830;2012-02-22;Quarta;19:00:00;RJ;101;333.0;RIO DE JANEIRO;Outras;Colisao traseira;Sem Vitimas;Anoitecer
1063867;2012-02-22;Quarta;19:45:00;RJ;101;332.0;RIO DE JANEIRO;Outras;Colisao traseira;Sem Vitimas;Plena noite
1063923;2012-02-22;Quarta;19:10:00;RJ;101;315.0;SAO GONCALO;Outras;Colisao lateral;Com Vitimas Feridas;Amanhecer
1064155;2012-02-23;Quinta;07:40:00;RJ;101;315.8;SAO GONCALO;Outras;Colisao traseira;Sem Vitimas;Pleno dia
1064333;2012-02-23;Quinta;08:00:00;RJ;101;315.0;SAO GONCALO;Outras;Colisao lateral;Com Vitimas Feridas;Pleno dia
1064554;2012-02-23;Quinta;18:00:00;RJ;101;322.0;NITEROI;Outras;Colisao lateral;Sem Vitimas;Pleno dia
1064628;2012-02-24;Sexta;17:00:00;RJ;101;326.0;RIO DE JANEIRO;Outras;Colisao com objeto movel;Sem Vitimas;Pleno dia
1064761;2012-02-24;Sexta;21:15:00;RJ;101;330.0;RIO DE JANEIRO;Nao guardar distancia de seguranca;Colisao traseira;Sem Vitimas;Plena noite
1064824;2012-02-25;Sabado;03:50:00;RJ;101;321.0;NITEROI;Dormindo;Colisao com objeto fixo;Com Vitimas Feridas;Plena noite
1064985;2012-02-25;Sabado;11:46:00;RJ;101;322.0;NITEROI;Defeito mecanico em veiculo;Colisao traseira;Sem Vitimas;Amanhecer
1065026;2012-02-25;Sabado;13:00:00;RJ;101;324.0;NITEROI;Falta de atencao;Colisao traseira;Sem Vitimas;Pleno dia
1065157;2012-02-25;Sabado;17:00:00;RJ;101;324.9;NITEROI;Outras;Colisao traseira;Sem Vitimas;Pleno dia
1065490;2012-02-26;Domingo;10:15:00;RJ;101;333.0;RIO DE JANEIRO;Outras;Colisao traseira;Sem Vitimas;Pleno dia
1065492;2012-02-19;Domingo;11:50:00;RJ;101;321.0;MANGARATIBA;Falta de atencao;Colisao Transversal;Com Vitimas Feridas;Pleno dia
1065498;2012-02-26;Domingo;11:15:00;RJ;101;334.0;RIO DE JANEIRO;Outras;Colisao traseira;Sem Vitimas;Pleno dia
1065535;2012-02-26;Domingo;13:20:00;RJ;101;323.0;NITEROI;Outras;Colisao traseira;Sem Vitimas;Pleno dia
1065558;2012-02-26;Domingo;10:50:00;RJ;101;332.0;RIO DE JANEIRO;Outras;Colisao traseira;Com Vitimas Feridas;Pleno dia
1065626;2012-02-26;Domingo;16:40:00;RJ;101;320.0;NITEROI;Outras;Colisao lateral;Sem Vitimas;Pleno dia
1065629;2012-02-26;Domingo;17:00:00;RJ;101;312.0;SAO GONCALO;Outras;Colisao traseira;Sem Vitimas;Pleno dia
1066027;2012-02-27;Segunda;12:00:00;RJ;101;305.0;SAO GONCALO;Outras;Colisao traseira;Sem Vitimas;Pleno dia
1066048;2012-02-27;Segunda;13:00:00;RJ;101;324.0;NITEROI;Falta de atencao;Colisao traseira;Com Vitimas Feridas;Pleno dia
1066088;2012-02-27;Segunda;14:20:00;RJ;101;315.5;SAO GONCALO;Defeito mecanico em veiculo;Incendio;Sem Vitimas;Pleno dia
1066199;2012-02-27;Segunda;17:20:00;RJ;101;319.0;SAO GONCALO;Outras;Capotamento;Sem Vitimas;Anoitecer
1066296;2012-02-27;Segunda;17:50:00;RJ;101;320.9;NITEROI;Outras;Queda de motocicleta / bicicleta / veiculo;Com Vitimas Feridas;Pleno dia
1066325;2012-02-27;Segunda;14:52:00;RJ;101;329.0;NITEROI;Outras;Colisao com objeto fixo;Com Vitimas Feridas;Pleno dia
1066462;2012-02-24;Sexta;18:40:00;RJ;101;334.0;RIO DE JANEIRO;Falta de atencao;Colisao traseira;Com Vitimas Feridas;Anoitecer
1066476;2012-02-28;Terca;06:29:00;RJ;101;324.0;NITEROI;Outras;Colisao lateral;Sem Vitimas;Pleno dia
1066524;2012-02-24;Sexta;06:00:00;RJ;101;328.0;RIO DE JANEIRO;Outras;Colisao traseira;Sem Vitimas;Pleno dia
1067131;2012-02-29;Quarta;12:05:00;RJ;101;305.0;SAO GONCALO;Outras;Capotamento;Sem Vitimas;Pleno dia
1067136;2012-02-29;Quarta;13:00:00;RJ;101;327.0;NITEROI;Outras;Colisao lateral;Sem Vitimas;Pleno dia
1067250;2012-02-29;Quarta;07:50:00;RJ;101;316.0;SAO GONCALO;Outras;Colisao traseira;Com Vitimas Feridas;Pleno dia
1067480;2012-03-01;Quinta;07:40:00;RJ;101;316.0;SAO GONCALO;Outras;Colisao traseira;Sem Vitimas;Pleno dia
1067488;2012-03-01;Quinta;07:42:00;RJ;101;334.0;RIO DE JANEIRO;Outras;Colisao traseira;Com Vitimas Feridas;Pleno dia
1067631;2012-03-01;Quinta;14:53:00;RJ;101;309.0;SAO GONCALO;Outras;Colisao com objeto fixo;Sem Vitimas;Pleno dia
1067675;2012-02-26;Domingo;19:00:00;RJ;101;316.0;SAO GONCALO;Outras;Capotamento;Sem Vitimas;Plena noite
1067773;2012-03-01;Quinta;07:40:00;RJ;101;321.0;NITEROI;Falta de atencao;Colisao lateral;Sem Vitimas;Pleno dia
1067844;2012-03-01;Quinta;18:20:00;RJ;101;323.0;NITEROI;Nao guardar distancia de seguranca;Colisao lateral;Sem Vitimas;Anoitecer
1067971;2012-02-27;Segunda;17:30:00;RJ;101;328.0;NITEROI;Nao guardar distancia de seguranca;Colisao traseira;Com Vitimas Feridas;Pleno dia
1068299;2012-03-02;Sexta;21:04:00;RJ;101;328.0;RIO DE JANEIRO;Outras;Colisao traseira;Sem Vitimas;Plena noite
1068329;2012-03-02;Sexta;21:50:00;RJ;101;327.0;NITEROI;Falta de atencao;Colisao traseira;Sem Vitimas;Plena noite
1068358;2012-03-02;Sexta;19:50:00;RJ;101;313.0;SAO GONCALO;Outras;Colisao traseira;Sem Vitimas;Plena noite
1068372;2012-03-02;Sexta;23:50:00;RJ;101;322.0;NITEROI;Outras;Colisao lateral;Sem Vitimas;Plena noite
1068461;2012-03-03;Sabado;07:00:00;RJ;101;309.0;SAO GONCALO;Outras;Queda de motocicleta / bicicleta / veiculo;Com Vitimas Feridas;Pleno dia
1068489;2012-03-03;Sabado;08:00:00;RJ;101;300.0;SAO GONCALO;Outras;Colisao Transversal;Sem Vitimas;Pleno dia
1068691;2012-03-03;Sabado;14:45:00;RJ;101;328.0;NITEROI;Defeito mecanico em veiculo;Colisao traseira;Sem Vitimas;Pleno dia
1068767;2012-03-03;Sabado;14:40:00;RJ;101;323.0;NITEROI;Falta de atencao;Colisao traseira;Sem Vitimas;Pleno dia
1068835;2012-03-04;Domingo;00:30:00;RJ;101;320.0;NITEROI;Falta de atencao;Queda de motocicleta / bicicleta / veiculo;Com Vitimas Feridas;Plena noite
1068961;2012-02-29;Quarta;19:40:00;RJ;101;333.8;RIO DE JANEIRO;Ultrapassagem indevida;Colisao lateral;Sem Vitimas;Pleno dia
1068980;2012-03-04;Domingo;09:00:00;RJ;101;327.0;NITEROI;Outras;Colisao traseira;Sem Vitimas;Pleno dia
1068993;2012-03-04;Domingo;06:30:00;RJ;101;322.0;NITEROI;Outras;Capotamento;Sem Vitimas;Amanhecer
1069007;2012-02-29;Quarta;22:50:00;RJ;101;321.0;NITEROI;Outras;Colisao lateral;Sem Vitimas;Plena noite
1069017;2012-02-29;Quarta;22:10:00;RJ;101;320.0;NITEROI;Outras;Colisao lateral;Sem Vitimas;Plena noite
1069021;2012-02-29;Quarta;11:30:00;RJ;101;327.1;RIO DE JANEIRO;Outras;Colisao traseira;Sem Vitimas;Pleno dia
1069035;2012-02-29;Quarta;10:49:00;RJ;101;324.8;RIO DE JANEIRO;Outras;Colisao traseira;Sem Vitimas;Pleno dia
1069046;2012-02-29;Quarta;06:30:00;RJ;101;324.0;NITEROI;Outras;Colisao traseira;Sem Vitimas;Pleno dia
1069460;2012-03-05;Segunda;07:40:00;RJ;101;316.0;SAO GONCALO;Outras;Queda de motocicleta / bicicleta / veiculo;Com Vitimas Feridas;Pleno dia
1069765;2012-03-05;Segunda;10:30:00;RJ;101;322.0;NITEROI;Outras;Colisao traseira;Com Vitimas Feridas;Pleno dia
1069871;2012-03-06;Terca;06:30:00;RJ;101;322.0;NITEROI;Outras;Colisao traseira;Sem Vitimas;Pleno dia
1069923;2012-03-06;Terca;06:45:00;RJ;101;328.0;RIO DE JANEIRO;Outras;Colisao traseira;Sem Vitimas;Pleno dia
1069961;2012-03-03;Sabado;13:20:00;RJ;101;321.0;NITEROI;Outras;Colisao traseira;Sem Vitimas;Pleno dia
1069980;2012-03-06;Terca;07:30:00;RJ;101;322.0;NITEROI;Outras;Colisao lateral;Com Vitimas Feridas;Pleno dia
1069986;2012-03-02;Sexta;22:24:00;RJ;101;312.0;SAO GONCALO;Outras;Queda de motocicleta / bicicleta / veiculo;Com Vitimas Feridas;Plena noite
1070031;2012-03-02;Sexta;23:50:00;RJ;101;315.0;SAO GONCALO;Velocidade incompativel;Saida de Pista;Sem Vitimas;Plena noite
1070287;2012-03-06;Terca;22:00:00;RJ;101;334.0;RIO DE JANEIRO;Outras;Colisao lateral;Sem Vitimas;Plena noite
1070512;2012-03-07;Quarta;12:42:00;RJ;101;309.0;SAO GONCALO;Falta de atencao;Colisao traseira;Sem Vitimas;Pleno dia
1070533;2012-03-07;Quarta;10:35:00;RJ;101;329.0;RIO DE JANEIRO;Nao guardar distancia de seguranca;Colisao traseira;Sem Vitimas;Pleno dia
1070729;2012-03-07;Quarta;09:40:00;RJ;101;330.0;RIO DE JANEIRO;Nao guardar distancia de seguranca;Colisao traseira;Sem Vitimas;Pleno dia
1070797;2012-03-07;Quarta;10:20:00;RJ;101;328.0;RIO DE JANEIRO;Nao guardar distancia de seguranca;Colisao traseira;Sem Vitimas;Pleno dia
1070915;2012-03-08;Quinta;07:40:00;RJ;101;310.0;SAO GONCALO;Falta de atencao;Colisao traseira;Sem Vitimas;Pleno dia
1071226;2012-03-08;Quinta;20:30:00;RJ;101;321.0;SAO GONCALO;Outras;Colisao lateral;Sem Vitimas;Plena noite
1071416;2012-03-06;Terca;04:45:00;RJ;101;321.0;NITEROI;Outras;Saida de Pista;Com Vitimas Feridas;Plena noite
1071514;2012-03-07;Quarta;10:20:00;RJ;101;329.0;RIO DE JANEIRO;Outras;Colisao traseira;Sem Vitimas;Pleno dia
1071708;2012-03-09;Sexta;17:00:00;RJ;101;322.0;NITEROI;Falta de atencao;Colisao traseira;Sem Vitimas;Pleno dia
1071769;2012-03-10;Sabado;09:30:00;RJ;101;322.0;NITEROI;Falta de atencao;Colisao traseira;Sem Vitimas;Pleno dia
1071806;2012-03-10;Sabado;12:35:00;RJ;101;331.0;RIO DE JANEIRO;Falta de atencao;Colisao lateral;Sem Vitimas;Pleno dia
1071889;2012-03-10;Sabado;11:05:00;RJ;101;334.0;RIO DE JANEIRO;Outras;Colisao com objeto fixo;Sem Vitimas;Pleno dia
1071911;2012-03-07;Quarta;17:45:00;RJ;101;321.0;RIO DE JANEIRO;Outras;Colisao lateral;Sem Vitimas;Anoitecer
1072061;2012-03-10;Sabado;20:00:00;RJ;101;329.0;RIO DE JANEIRO;Ultrapassagem indevida;Colisao traseira;Sem Vitimas;Plena noite
1072117;2012-03-10;Sabado;08:40:00;RJ;101;316.0;SAO GONCALO;Outras;Colisao traseira;Sem Vitimas;Pleno dia
1072203;2012-03-07;Quarta;22:45:00;RJ;101;321.0;NITEROI;Outras;Colisao lateral;Sem Vitimas;Plena noite
1072214;2012-03-07;Quarta;21:00:00;RJ;101;321.0;NITEROI;Outras;Queda de motocicleta / bicicleta / veiculo;Com Vitimas Feridas;Plena noite
1072218;2012-03-08;Quinta;23:05:00;RJ;101;320.0;NITEROI;Outras;Colisao lateral;Sem Vitimas;Plena noite
1072230;2012-03-08;Quinta;17:20:00;RJ;101;326.3;RIO DE JANEIRO;Outras;Colisao traseira;Sem Vitimas;Anoitecer
1072238;2012-03-08;Quinta;15:30:00;RJ;101;329.1;RIO DE JANEIRO;Outras;Danos Eventuais;Sem Vitimas;Pleno dia
1072253;2012-03-08;Quinta;05:40:00;RJ;101;326.1;RIO DE JANEIRO;Outras;Colisao traseira;Sem Vitimas;Amanhecer
1072264;2012-03-08;Quinta;16:10:00;RJ;101;326.1;RIO DE JANEIRO;Outras;Colisao traseira;Sem Vitimas;Pleno dia
1072277;2012-03-08;Quinta;19:55:00;RJ;101;322.1;NITEROI;Outras;Colisao traseira;Sem Vitimas;Plena noite
1072291;2012-03-08;Quinta;18:20:00;RJ;101;332.0;RIO DE JANEIRO;Outras;Colisao traseira;Sem Vitimas;Plena noite
1072377;2012-03-11;Domingo;06:00:00;RJ;101;329.0;RIO DE JANEIRO;Ingestao de alcool;Colisao lateral;Sem Vitimas;Amanhecer
1072475;2012-03-11;Domingo;10:30:00;RJ;101;331.0;RIO DE JANEIRO;Outras;Colisao lateral;Com Vitimas Feridas;Pleno dia
1072540;2012-03-11;Domingo;18:50:00;RJ;101;328.0;RIO DE JANEIRO;Outras;Colisao traseira;Sem Vitimas;Plena noite
1072561;2012-03-11;Domingo;19:30:00;RJ;101;308.0;SAO GONCALO;Outras;Saida de Pista;Sem Vitimas;Plena noite
1072631;2012-03-11;Domingo;23:00:00;RJ;101;301.0;SAO GONCALO;Outras;Queda de motocicleta / bicicleta / veiculo;Com Vitimas Feridas;Pleno dia
1072632;2012-03-11;Domingo;22:30:00;RJ;101;312.0;SAO GONCALO;Falta de atencao;Colisao traseira;Sem Vitimas;Pleno dia
1072753;2012-03-04;Domingo;08:00:00;RJ;101;322.0;RIO DE JANEIRO;Falta de atencao;Colisao traseira;Sem Vitimas;Pleno dia
1073075;2012-03-12;Segunda;09:50:00;RJ;101;316.0;SAO GONCALO;Outras;Queda de motocicleta / bicicleta / veiculo;Com Vitimas Feridas;Pleno dia
1073087;2012-03-12;Segunda;09:52:00;RJ;101;318.0;SAO GONCALO;Outras;Incendio;Com Vitimas Feridas;Pleno dia
1073160;2012-03-12;Segunda;17:30:00;RJ;101;304.0;SAO GONCALO;Falta de atencao;Colisao traseira;Sem Vitimas;Anoitecer
1073382;2012-03-12;Segunda;23:20:00;RJ;101;318.0;SAO GONCALO;Outras;Tombamento;Sem Vitimas;Anoitecer
1073423;2012-03-13;Terca;06:15:00;RJ;101;310.0;SAO GONCALO;Outras;Colisao lateral;Sem Vitimas;Pleno dia
1073435;2012-02-14;Terca;22:50:00;RJ;101;300.0;SAO GONCALO;Outras;Saida de Pista;Sem Vitimas;Plena noite
1073472;2012-03-09;Sexta;13:05:00;RJ;101;332.0;RIO DE JANEIRO;Outras;Colisao com objeto fixo;Com Vitimas Feridas;Pleno dia
1073475;2012-03-09;Sexta;21:10:00;RJ;101;328.0;RIO DE JANEIRO;Outras;Colisao traseira;Com Vitimas Feridas;Plena noite
1073578;2012-03-13;Terca;06:40:00;RJ;101;306.0;SAO GONCALO;Outras;Colisao traseira;Sem Vitimas;Pleno dia
1073779;2012-03-13;Terca;21:35:00;RJ;101;324.0;NITEROI;Outras;Colisao lateral;Sem Vitimas;Plena noite
1073812;2012-03-13;Terca;18:20:00;RJ;101;319.0;SAO GONCALO;Outras;Colisao traseira;Sem Vitimas;Plena noite
1073908;2012-03-09;Sexta;16:50:00;RJ;101;323.0;NITEROI;Falta de atencao;Colisao traseira;Sem Vitimas;Pleno dia
1073929;2012-03-09;Sexta;21:30:00;RJ;101;322.0;NITEROI;Falta de atencao;Colisao lateral;Sem Vitimas;Plena noite
1073930;2012-03-14;Quarta;06:00:00;RJ;101;320.0;NITEROI;Outras;Colisao com objeto fixo;Sem Vitimas;Amanhecer
1073937;2012-03-10;Sabado;21:20:00;RJ;101;313.0;SAO GONCALO;Ingestao de alcool;Colisao frontal;Sem Vitimas;Plena noite
1073973;2012-03-14;Quarta;09:40:00;RJ;101;328.3;RIO DE JANEIRO;Outras;Colisao lateral;Sem Vitimas;Pleno dia
1073999;2012-03-09;Sexta;22:40:00;RJ;101;334.0;NITEROI;Falta de atencao;Colisao lateral;Sem Vitimas;Plena noite
1074016;2012-03-09;Sexta;22:50:00;RJ;101;322.0;NITEROI;Falta de atencao;Colisao traseira;Sem Vitimas;Plena noite
1074031;2012-03-09;Sexta;17:15:00;RJ;101;323.0;NITEROI;Falta de atencao;Colisao traseira;Sem Vitimas;Pleno dia
1074348;2012-03-12;Segunda;20:20:00;RJ;101;323.0;NITEROI;Outras;Colisao traseira;Sem Vitimas;Plena noite
1074356;2012-03-12;Segunda;08:30:00;RJ;101;321.0;NITEROI;Outras;Colisao traseira;Sem Vitimas;Pleno dia
1074369;2012-03-16;Sexta;05:30:00;RJ;101;327.0;NITEROI;Outras;Colisao traseira;Sem Vitimas;Amanhecer
1074372;2012-03-12;Segunda;07:15:00;RJ;101;314.0;SAO GONCALO;Outras;Colisao traseira;Com Vitimas Feridas;Pleno dia
1074398;2012-03-12;Segunda;16:15:00;RJ;101;306.0;SAO GONCALO;Outras;Colisao traseira;Sem Vitimas;Plena noite
1074423;2012-03-12;Segunda;19:00:00;RJ;101;308.0;SAO GONCALO;Outras;Colisao com objeto fixo;Sem Vitimas;Anoitecer
1074467;2012-03-13;Terca;15:00:00;RJ;101;324.0;NITEROI;Outras;Colisao traseira;Com Vitimas Feridas;Pleno dia
1074708;2012-03-16;Sexta;14:30:00;RJ;101;305.0;SAO GONCALO;Outras;Colisao traseira;Sem Vitimas;Pleno dia
1074992;2012-03-13;Terca;18:05:00;RJ;101;322.0;NITEROI;Outras;Colisao lateral;Sem Vitimas;Anoitecer
1075045;2012-03-17;Sabado;09:10:00;RJ;101;322.0;NITEROI;Outras;Colisao lateral;Sem Vitimas;Pleno dia
1075097;2012-03-17;Sabado;09:20:00;RJ;101;320.0;NITEROI;Outras;Colisao lateral;Sem Vitimas;Pleno dia
1075175;2012-03-17;Sabado;11:05:00;RJ;101;323.0;NITEROI;Outras;Colisao traseira;Sem Vitimas;Pleno dia
1075241;2012-03-17;Sabado;14:35:00;RJ;101;320.0;NITEROI;Outras;Colisao traseira;Sem Vitimas;Pleno dia
1075287;2012-03-17;Sabado;13:50:00;RJ;101;322.0;NITEROI;Outras;Colisao traseira;Com Vitimas Feridas;Pleno dia
1075406;2012-03-17;Sabado;18:15:00;RJ;101;303.0;SAO GONCALO;Outras;Colisao com objeto fixo;Com Vitimas Feridas;Anoitecer
1075407;2012-03-17;Sabado;17:15:00;RJ;101;317.0;SAO GONCALO;Outras;Colisao lateral;Sem Vitimas;Pleno dia
1075418;2012-03-17;Sabado;18:45:00;RJ;101;316.0;SAO GONCALO;Outras;Saida de Pista;Sem Vitimas;Plena noite
1075509;2012-03-17;Sabado;21:30:00;RJ;101;333.0;RIO DE JANEIRO;Outras;Colisao traseira;Sem Vitimas;Plena noite
1075587;2012-03-17;Sabado;18:20:00;RJ;101;304.0;SAO GONCALO;Falta de atencao;Colisao traseira;Sem Vitimas;Anoitecer
1075597;2012-03-17;Sabado;18:25:00;RJ;101;304.0;SAO GONCALO;Falta de atencao;Colisao traseira;Sem Vitimas;Anoitecer
1075632;2012-03-14;Quarta;11:20:00;RJ;101;332.0;RIO DE JANEIRO;Falta de atencao;Colisao lateral;Com Vitimas Feridas;Pleno dia
1075664;2012-03-15;Quinta;04:30:00;RJ;101;333.0;RIO DE JANEIRO;Dormindo;Capotamento;Sem Vitimas;Plena noite
1075738;2012-03-14;Quarta;19:45:00;RJ;101;327.0;RIO DE JANEIRO;Outras;Colisao lateral;Com Vitimas Feridas;Plena noite
1076105;2012-03-18;Domingo;19:00:00;RJ;101;313.0;SAO GONCALO;Ingestao de alcool;Colisao com objeto fixo;Sem Vitimas;Plena noite
1076161;2012-03-18;Domingo;19:35:00;RJ;101;321.8;NITEROI;Outras;Colisao com objeto fixo;Sem Vitimas;Plena noite
1076187;2012-03-18;Domingo;21:30:00;RJ;101;303.0;SAO GONCALO;Outras;Saida de Pista;Sem Vitimas;Plena noite
1076214;2012-03-18;Domingo;19:50:00;RJ;101;323.0;NITEROI;Outras;Colisao traseira;Com Vitimas Feridas;Plena noite
1076351;2012-03-19;Segunda;07:30:00;RJ;101;313.0;SAO GONCALO;Outras;Queda de motocicleta / bicicleta / veiculo;Com Vitimas Feridas;Pleno dia
1076571;2012-03-19;Segunda;08:00:00;RJ;101;322.0;NITEROI;Outras;Colisao lateral;Sem Vitimas;Pleno dia
1076638;2012-03-15;Quinta;15:33:00;RJ;101;324.0;NITEROI;Falta de atencao;Colisao traseira;Sem Vitimas;Pleno dia
1076752;2012-03-15;Quinta;10:15:00;RJ;101;321.0;NITEROI;Outras;Colisao traseira;Sem Vitimas;Pleno dia
1076838;2012-03-15;Quinta;05:40:00;RJ;101;330.0;RIO DE JANEIRO;Dormindo;Colisao traseira;Sem Vitimas;Amanhecer
1076924;2012-03-15;Quinta;07:45:00;RJ;101;321.0;NITEROI;Outras;Colisao traseira;Sem Vitimas;Pleno dia
1077085;2012-03-19;Segunda;10:00:00;RJ;101;329.0;RIO DE JANEIRO;Outras;Colisao traseira;Sem Vitimas;Pleno dia
1077204;2012-03-16;Sexta;14:30:00;RJ;101;305.0;SAO GONCALO;Outras;Colisao traseira;Sem Vitimas;Pleno dia
1077518;2012-03-16;Sexta;18:50:00;RJ;101;322.0;NITEROI;Outras;Colisao lateral;Sem Vitimas;Plena noite
1077542;2012-03-11;Domingo;11:30:00;RJ;101;322.0;NITEROI;Falta de atencao;Colisao traseira;Sem Vitimas;Pleno dia
1077549;2012-03-16;Sexta;20:00:00;RJ;101;324.0;NITEROI;Outras;Colisao traseira;Sem Vitimas;Anoitecer
1077641;2012-03-20;Terca;18:20:00;RJ;101;321.0;NITEROI;Outras;Colisao lateral;Sem Vitimas;Plena noite
1077658;2012-03-20;Terca;15:30:00;RJ;101;325.2;RIO DE JANEIRO;Outras;Colisao lateral;Sem Vitimas;Anoitecer
1077743;2012-03-20;Terca;20:20:00;RJ;101;318.0;SAO GONCALO;Nao guardar distancia de seguranca;Colisao traseira;Sem Vitimas;Plena noite
1077817;2012-03-20;Terca;18:34:00;RJ;101;308.0;SAO GONCALO;Outras;Colisao traseira;Com Vitimas Feridas;Plena noite
1077910;2012-03-21;Quarta;07:56:00;RJ;101;328.0;RIO DE JANEIRO;Outras;Colisao traseira;Sem Vitimas;Pleno dia
1078155;2012-03-21;Quarta;14:10:00;RJ;101;318.0;SAO GONCALO;Outras;Colisao lateral;Sem Vitimas;Pleno dia
1078194;2012-03-21;Quarta;16:48:00;RJ;101;322.0;NITEROI;Outras;Colisao traseira;Sem Vitimas;Pleno dia
1078479;2012-03-16;Sexta;21:40:00;RJ;101;322.0;NITEROI;Outras;Colisao traseira;Sem Vitimas;Plena noite
1078518;2012-03-22;Quinta;07:20:00;RJ;101;328.5;RIO DE JANEIRO;Outras;Colisao traseira;Sem Vitimas;Pleno dia
1078657;2012-03-22;Quinta;20:00:00;RJ;101;321.3;NITEROI;Outras;Colisao traseira;Sem Vitimas;Plena noite
1078671;2012-03-18;Domingo;20:20:00;RJ;101;305.0;SAO GONCALO;Outras;Colisao traseira;Sem Vitimas;Plena noite
1078729;2012-03-22;Quinta;21:30:00;RJ;101;316.0;NITEROI;Outras;Incendio;Sem Vitimas;Pleno dia
1078746;2012-03-22;Quinta;15:20:00;RJ;101;322.5;NITEROI;Outras;Colisao traseira;Sem Vitimas;Pleno dia
1078814;2012-03-23;Sexta;00:10:00;RJ;101;327.0;RIO DE JANEIRO;Outras;Colisao traseira;Sem Vitimas;Plena noite
1079013;2012-01-15;Domingo;18:00:00;RJ;101;321.0;NITEROI;Ingestao de alcool;Colisao Transversal;Com Vitimas Feridas;Pleno dia
1079018;2012-03-23;Sexta;06:00:00;RJ;101;312.5;SAO GONCALO;Outras;Saida de Pista;Com Vitimas Feridas;Pleno dia
1079037;2012-03-23;Sexta;06:00:00;RJ;101;312.0;SAO GONCALO;Falta de atencao;Colisao lateral;Com Vitimas Fatais;Pleno dia
1079038;2012-03-23;Sexta;11:30:00;RJ;101;318.0;SAO GONCALO;Outras;Colisao traseira;Sem Vitimas;Pleno dia
1079039;2012-03-19;Segunda;21:00:00;RJ;101;324.0;NITEROI;Outras;Colisao com objeto movel;Sem Vitimas;Plena noite
1079064;2012-02-20;Segunda;01:30:00;RJ;101;313.0;MANGARATIBA;Outras;Saida de Pista;Com Vitimas Feridas;Plena noite
1079120;2012-03-19;Segunda;19:45:00;RJ;101;322.0;NITEROI;Falta de atencao;Colisao lateral;Sem Vitimas;Plena noite
1079224;2012-03-23;Sexta;22:20:00;RJ;101;321.0;NITEROI;Outras;Colisao lateral;Sem Vitimas;Plena noite
1079237;2012-03-24;Sabado;05:30:00;RJ;101;306.0;SAO GONCALO;Outras;Colisao traseira;Sem Vitimas;Amanhecer
1079249;2012-03-23;Sexta;23:40:00;RJ;101;322.0;NITEROI;Outras;Colisao traseira;Sem Vitimas;Plena noite
1079263;2012-03-16;Sexta;22:30:00;RJ;101;319.0;SAO GONCALO;Falta de atencao;Saida de Pista;Sem Vitimas;Plena noite
1079346;2012-03-20;Terca;20:00:00;RJ;101;328.0;NITEROI;Nao guardar distancia de seguranca;Colisao traseira;Sem Vitimas;Amanhecer
1079366;2012-03-23;Sexta;10:30:00;RJ;101;325.0;NITEROI;Nao guardar distancia de seguranca;Colisao traseira;Com Vitimas Feridas;Pleno dia
1079451;2012-03-24;Sabado;12:40:00;RJ;101;321.0;NITEROI;Falta de atencao;Colisao traseira;Sem Vitimas;Pleno dia
1079635;2012-03-24;Sabado;18:00:00;RJ;101;316.0;SAO GONCALO;Outras;Colisao lateral;Com Vitimas Feridas;Anoitecer
1079805;2012-03-25;Domingo;07:39:00;RJ;101;328.0;RIO DE JANEIRO;Outras;Colisao com objeto fixo;Com Vitimas Feridas;Pleno dia
1079807;2012-03-21;Quarta;17:30:00;RJ;101;327.0;NITEROI;Outras;Colisao traseira;Com Vitimas Feridas;Pleno dia
1079989;2012-03-25;Domingo;14:45:00;RJ;101;326.0;NITEROI;Outras;Colisao traseira;Sem Vitimas;Pleno dia
1079994;2012-03-25;Domingo;14:45:00;RJ;101;326.0;NITEROI;Outras;Colisao traseira;Sem Vitimas;Pleno dia
1080364;2012-03-14;Quarta;17:25:00;RJ;101;302.0;SAO GONCALO;Animais na Pista;Colisao lateral;Sem Vitimas;Anoitecer
1080478;2012-03-26;Segunda;11:38:00;RJ;101;322.0;NITEROI;Outras;Colisao traseira;Sem Vitimas;Pleno dia
1080481;2012-03-22;Quinta;18:01:00;RJ;101;328.0;NITEROI;Outras;Colisao lateral;Sem Vitimas;Pleno dia
1080482;2012-03-22;Quinta;14:26:00;RJ;101;327.0;NITEROI;Outras;Colisao traseira;Sem Vitimas;Pleno dia
1080485;2012-03-26;Segunda;10:50:00;RJ;101;333.0;RIO DE JANEIRO;Outras;Colisao traseira;Sem Vitimas;Pleno dia
1080547;2012-03-26;Segunda;12:50:00;RJ;101;332.0;RIO DE JANEIRO;Outras;Colisao traseira;Sem Vitimas;Pleno dia
1080591;2012-03-24;Sabado;14:15:00;RJ;101;323.0;NITEROI;Falta de atencao;Colisao traseira;Sem Vitimas;Pleno dia
1080675;2012-03-26;Segunda;17:50:00;RJ;101;322.0;NITEROI;Outras;Colisao lateral;Sem Vitimas;Pleno dia
1080730;2012-03-26;Segunda;17:55:00;RJ;101;314.0;SAO GONCALO;Outras;Colisao traseira;Sem Vitimas;Pleno dia
1080911;2012-03-27;Terca;05:00:00;RJ;101;318.0;SAO GONCALO;Outras;Saida de Pista;Sem Vitimas;Amanhecer
1080936;2012-03-19;Segunda;09:15:00;RJ;101;315.0;SAO GONCALO;Falta de atencao;Colisao lateral;Sem Vitimas;Pleno dia
1081245;2012-03-23;Sexta;19:40:00;RJ;101;329.0;NITEROI;Outras;Colisao traseira;Sem Vitimas;Plena noite
1081387;2012-03-24;Sabado;00:51:00;RJ;101;322.0;NITEROI;Outras;Colisao traseira;Sem Vitimas;Plena noite
1081486;2012-03-27;Terca;08:00:00;RJ;101;305.0;SAO GONCALO;Outras;Colisao lateral;Sem Vitimas;Pleno dia
1081511;2012-03-23;Sexta;22:10:00;RJ;101;322.0;NITEROI;Nao guardar distancia de seguranca;Colisao traseira;Sem Vitimas;Plena noite
1081586;2012-03-27;Terca;21:20:00;RJ;101;319.0;SAO GONCALO;Outras;Incendio;Sem Vitimas;Plena noite
1081642;2012-03-28;Quarta;01:00:00;RJ;101;306.0;SAO GONCALO;Outras;Capotamento;Sem Vitimas;Plena noite
1081702;2012-03-28;Quarta;01:40:00;RJ;101;334.0;RIO DE JANEIRO;Falta de atencao;Colisao lateral;Sem Vitimas;Plena noite
1081743;2012-03-24;Sabado;13:25:00;RJ;101;322.0;NITEROI;Falta de atencao;Colisao traseira;Sem Vitimas;Pleno dia
1081780;2012-03-25;Domingo;01:20:00;RJ;101;328.0;RIO DE JANEIRO;Falta de atencao;Tombamento;Com Vitimas Feridas;Plena noite
1081796;2012-03-28;Quarta;06:30:00;RJ;101;308.0;SAO GONCALO;Outras;Tombamento;Sem Vitimas;Pleno dia
1081935;2012-03-24;Sabado;07:40:00;RJ;101;319.0;SAO GONCALO;Outras;Colisao traseira;Sem Vitimas;Plena noite
1082305;2012-03-29;Quinta;06:40:00;RJ;101;309.8;SAO GONCALO;Outras;Colisao lateral;Sem Vitimas;Pleno dia
1082312;2012-03-29;Quinta;06:26:00;RJ;101;332.0;RIO DE JANEIRO;Outras;Colisao traseira;Sem Vitimas;Pleno dia
1082317;2012-03-29;Quinta;06:20:00;RJ;101;313.0;SAO GONCALO;Falta de atencao;Colisao traseira;Sem Vitimas;Pleno dia
1082375;2012-03-29;Quinta;08:00:00;RJ;101;318.0;SAO GONCALO;Outras;Colisao lateral;Sem Vitimas;Pleno dia
1082389;2012-03-29;Quinta;10:00:00;RJ;101;313.0;SAO GONCALO;Outras;Colisao lateral;Com Vitimas Feridas;Pleno dia
1082431;2012-03-29;Quinta;11:20:00;RJ;101;313.0;SAO GONCALO;Falta de atencao;Colisao traseira;Sem Vitimas;Pleno dia
1082569;2012-03-29;Quinta;16:55:00;RJ;101;317.0;SAO GONCALO;Falta de atencao;Colisao traseira;Sem Vitimas;Pleno dia
1082591;2012-03-29;Quinta;17:31:00;RJ;101;325.0;NITEROI;Outras;Colisao lateral;Sem Vitimas;Plena noite
1082626;2012-03-29;Quinta;17:45:00;RJ;101;321.0;NITEROI;Outras;Colisao lateral;Sem Vitimas;Pleno dia
1082656;2012-03-29;Quinta;19:00:00;RJ;101;322.0;NITEROI;Outras;Colisao lateral;Sem Vitimas;Plena noite
1082852;2012-03-28;Quarta;23:00:00;RJ;101;321.0;NITEROI;Outras;Colisao lateral;Sem Vitimas;Plena noite
1082915;2012-03-30;Sexta;10:35:00;RJ;101;316.8;SAO GONCALO;Nao guardar distancia de seguranca;Colisao traseira;Sem Vitimas;Pleno dia
1083014;2012-03-30;Sexta;15:20:00;RJ;101;321.5;NITEROI;Outras;Colisao lateral;Sem Vitimas;Pleno dia
1083026;2012-03-31;Sabado;11:40:00;RJ;101;310.0;SAO GONCALO;Outras;Saida de Pista;Com Vitimas Feridas;Pleno dia
1083027;2012-03-27;Terca;11:20:00;RJ;101;321.0;NITEROI;Outras;Colisao lateral;Com Vitimas Feridas;Pleno dia
1083208;2012-03-31;Sabado;16:55:00;RJ;101;327.0;NITEROI;Outras;Colisao com objeto fixo;Sem Vitimas;Pleno dia
1083250;2012-03-31;Sabado;18:35:00;RJ;101;323.0;NITEROI;Nao guardar distancia de seguranca;Colisao traseira;Sem Vitimas;Anoitecer
1083364;2012-03-31;Sabado;20:40:00;RJ;101;323.0;NITEROI;Ingestao de alcool;Colisao traseira;Sem Vitimas;Plena noite
1083371;2012-03-31;Sabado;23:00:00;RJ;101;316.0;SAO GONCALO;Outras;Capotamento;Sem Vitimas;Plena noite
1083392;2012-03-31;Sabado;23:40:00;RJ;101;313.0;SAO GONCALO;Outras;Colisao traseira;Com Vitimas Feridas;Plena noite
1083495;2012-03-28;Quarta;19:00:00;RJ;101;318.0;SAO GONCALO;Outras;Colisao traseira;Sem Vitimas;Anoitecer
1083529;2012-03-28;Quarta;21:20:00;RJ;101;324.0;NITEROI;Outras;Colisao lateral;Sem Vitimas;Plena noite
1083543;2012-03-28;Quarta;19:20:00;RJ;101;330.0;RIO DE JANEIRO;Outras;Colisao traseira;Sem Vitimas;Plena noite
1083560;2012-03-28;Quarta;15:45:00;RJ;101;305.0;SAO GONCALO;Outras;Colisao frontal;Sem Vitimas;Pleno dia
1083625;2012-04-01;Domingo;11:30:00;RJ;101;300.0;SAO GONCALO;Velocidade incompativel;Colisao traseira;Sem Vitimas;Pleno dia
1084119;2012-04-02;Segunda;11:30:00;RJ;101;327.0;RIO DE JANEIRO;Outras;Colisao lateral;Sem Vitimas;Pleno dia
1084217;2012-04-02;Segunda;08:45:00;RJ;101;319.0;SAO GONCALO;Outras;Capotamento;Com Vitimas Feridas;Pleno dia
1084510;2012-03-30;Sexta;11:30:00;RJ;101;324.0;NITEROI;Falta de atencao;Colisao traseira;Com Vitimas Feridas;Pleno dia
1084566;2012-04-02;Segunda;20:30:00;RJ;101;322.0;NITEROI;Outras;Colisao lateral;Sem Vitimas;Plena noite
1084759;2012-04-03;Terca;10:50:00;RJ;101;319.0;SAO GONCALO;Outras;Colisao traseira;Sem Vitimas;Pleno dia
1084898;2012-04-03;Terca;14:40:00;RJ;101;303.0;SAO GONCALO;Outras;Colisao traseira;Sem Vitimas;Pleno dia
1084913;2012-04-03;Terca;12:45:00;RJ;101;314.0;SAO GONCALO;Outras;Colisao com objeto movel;Sem Vitimas;Pleno dia
1084928;2012-04-03;Terca;16:00:00;RJ;101;322.0;NITEROI;Outras;Colisao lateral;Sem Vitimas;Pleno dia
1085054;2012-04-03;Terca;18:40:00;RJ;101;324.5;NITEROI;Outras;Colisao lateral;Sem Vitimas;Plena noite
1085069;2012-04-03;Terca;19:00:00;RJ;101;322.0;NITEROI;Outras;Colisao lateral;Sem Vitimas;Plena noite
1085182;2012-04-03;Terca;23:20:00;RJ;101;321.0;NITEROI;Outras;Colisao lateral;Sem Vitimas;Plena noite
1085189;2012-04-03;Terca;23:30:00;RJ;101;323.0;NITEROI;Outras;Colisao com objeto fixo;Com Vitimas Feridas;Plena noite
1085366;2012-03-30;Sexta;19:00:00;RJ;101;334.0;RIO DE JANEIRO;Outras;Colisao lateral;Sem Vitimas;Plena noite
1085369;2012-03-27;Terca;14:50:00;RJ;101;330.0;RIO DE JANEIRO;Falta de atencao;Colisao lateral;Sem Vitimas;Pleno dia
1085458;2012-04-04;Quarta;07:50:00;RJ;101;316.0;SAO GONCALO;Falta de atencao;Colisao lateral;Com Vitimas Feridas;Pleno dia
1085459;2012-04-01;Domingo;00:20:00;RJ;101;307.0;SAO GONCALO;Outras;Colisao traseira;Sem Vitimas;Plena noite
1085646;2012-04-04;Quarta;18:30:00;RJ;101;301.0;SAO GONCALO;Outras;Danos Eventuais;Com Vitimas Fatais;Plena noite
1085647;2012-03-27;Terca;14:30:00;RJ;101;322.0;NITEROI;Outras;Colisao frontal;Sem Vitimas;Pleno dia
1085664;2012-04-04;Quarta;08:00:00;RJ;101;306.0;SAO GONCALO;Outras;Colisao traseira;Sem Vitimas;Pleno dia
1085980;2012-04-02;Segunda;10:30:00;RJ;101;317.0;SAO GONCALO;Outras;Colisao traseira;Sem Vitimas;Pleno dia
1086044;2012-04-04;Quarta;23:25:00;RJ;101;312.0;SAO GONCALO;Falta de atencao;Atropelamento de pessoa;Com Vitimas Fatais;Plena noite
1086162;2012-03-26;Segunda;15:30:00;RJ;101;316.0;SAO GONCALO;Outras;Queda de motocicleta / bicicleta / veiculo;Com Vitimas Feridas;Pleno dia
1086250;2012-04-05;Quinta;15:15:00;RJ;101;303.0;SAO GONCALO;Defeito mecanico em veiculo;Colisao com objeto movel;Sem Vitimas;Pleno dia
1086514;2012-04-06;Sexta;05:35:00;RJ;101;324.0;NITEROI;Outras;Colisao traseira;Sem Vitimas;Amanhecer
1086572;2012-04-06;Sexta;07:13:00;RJ;101;326.0;NITEROI;Outras;Colisao traseira;Sem Vitimas;Pleno dia
1086607;2012-04-02;Segunda;23:40:00;RJ;101;320.0;NITEROI;Outras;Queda de motocicleta / bicicleta / veiculo;Com Vitimas Feridas;Plena noite
1086677;2012-04-06;Sexta;11:40:00;RJ;101;330.0;RIO DE JANEIRO;Nao guardar distancia de seguranca;Colisao traseira;Sem Vitimas;Pleno dia
1086733;2012-02-18;Sabado;14:55:00;RJ;101;318.0;SAO GONCALO;Outras;Colisao traseira;Sem Vitimas;Pleno dia
1087049;2012-04-04;Quarta;16:45:00;RJ;101;318.0;SAO GONCALO;Outras;Colisao traseira;Sem Vitimas;Pleno dia
1087381;2012-04-07;Sabado;19:00:00;RJ;101;319.0;NITEROI;Outras;Colisao traseira;Sem Vitimas;Plena noite
1087403;2012-04-07;Sabado;21:30:00;RJ;101;313.0;SAO GONCALO;Outras;Colisao Transversal;Sem Vitimas;Plena noite
1087578;2012-04-04;Quarta;16:20:00;RJ;101;330.0;RIO DE JANEIRO;Nao guardar distancia de seguranca;Colisao traseira;Sem Vitimas;Pleno dia
1087593;2012-04-06;Sexta;03:20:00;RJ;101;324.0;NITEROI;Outras;Colisao traseira;Sem Vitimas;Plena noite
1087601;2012-04-05;Quinta;22:00:00;RJ;101;322.1;NITEROI;Outras;Colisao traseira;Sem Vitimas;Plena noite
1087606;2012-04-05;Quinta;19:30:00;RJ;101;324.8;NITEROI;Outras;Colisao traseira;Sem Vitimas;Plena noite
1087617;2012-04-05;Quinta;19:50:00;RJ;101;325.6;RIO DE JANEIRO;Outras;Colisao traseira;Sem Vitimas;Plena noite
1087622;2012-04-05;Quinta;20:30:00;RJ;101;333.1;RIO DE JANEIRO;Outras;Colisao lateral;Sem Vitimas;Plena noite
1087634;2012-04-05;Quinta;18:50:00;RJ;101;323.9;NITEROI;Outras;Colisao traseira;Sem Vitimas;Plena noite
1087675;2012-04-08;Domingo;11:35:00;RJ;101;316.0;SAO GONCALO;Outras;Capotamento;Sem Vitimas;Pleno dia
1087738;2012-04-08;Domingo;15:00:00;RJ;101;319.0;SAO GONCALO;Outras;Saida de Pista;Sem Vitimas;Pleno dia
1087743;2012-04-08;Domingo;15:00:00;RJ;101;328.0;RIO DE JANEIRO;Nao guardar distancia de seguranca;Colisao traseira;Sem Vitimas;Pleno dia
1087781;2012-04-08;Domingo;14:30:00;RJ;101;314.0;SAO GONCALO;Falta de atencao;Colisao traseira;Com Vitimas Feridas;Pleno dia
1088099;2012-04-09;Segunda;00:30:00;RJ;101;317.5;SAO GONCALO;Outras;Saida de Pista;Com Vitimas Feridas;Plena noite
1088210;2012-04-01;Domingo;22:20:00;RJ;101;334.0;RIO DE JANEIRO;Falta de atencao;Colisao lateral;Sem Vitimas;Plena noite
1088529;2012-04-09;Segunda;16:45:00;RJ;101;312.0;SAO GONCALO;Outras;Colisao traseira;Sem Vitimas;Pleno dia
1088665;2012-04-09;Segunda;08:00:00;RJ;101;302.0;SAO GONCALO;Outras;Colisao traseira;Sem Vitimas;Pleno dia
1088694;2012-04-09;Segunda;18:00:00;RJ;101;318.0;SAO GONCALO;Outras;Colisao traseira;Sem Vitimas;Plena noite
1088722;2012-04-09;Segunda;10:00:00;RJ;101;311.0;SAO GONCALO;Outras;Colisao lateral;Sem Vitimas;Pleno dia
1089129;2012-04-10;Terca;12:54:00;RJ;101;334.0;RIO DE JANEIRO;Outras;Capotamento;Sem Vitimas;Pleno dia
1089159;2012-04-10;Terca;12:46:00;RJ;101;330.0;RIO DE JANEIRO;Outras;Colisao traseira;Sem Vitimas;Pleno dia
1089410;2012-04-11;Quarta;01:40:00;RJ;101;306.0;SAO GONCALO;Dormindo;Saida de Pista;Sem Vitimas;Plena noite
1089512;2012-04-11;Quarta;07:40:00;RJ;101;318.0;SAO GONCALO;Outras;Colisao traseira;Sem Vitimas;Pleno dia
1089581;2012-04-11;Quarta;07:50:00;RJ;101;330.0;RIO DE JANEIRO;Outras;Colisao traseira;Sem Vitimas;Pleno dia
1089586;2012-04-11;Quarta;13:30:00;RJ;101;300.0;SAO GONCALO;Outras;Colisao traseira;Sem Vitimas;Pleno dia
1089625;2012-04-11;Quarta;09:20:00;RJ;101;309.0;SAO GONCALO;Falta de atencao;Colisao lateral;Sem Vitimas;Pleno dia
1089796;2012-04-11;Quarta;09:08:00;RJ;101;324.0;NITEROI;Outras;Colisao traseira;Sem Vitimas;Pleno dia
1089799;2012-04-11;Quarta;17:30:00;RJ;101;321.0;SAO GONCALO;Outras;Colisao lateral;Sem Vitimas;Pleno dia
1089831;2012-04-11;Quarta;20:10:00;RJ;101;322.0;NITEROI;Outras;Colisao traseira;Sem Vitimas;Plena noite
1089894;2012-04-11;Quarta;20:20:00;RJ;101;333.0;NITEROI;Outras;Colisao traseira;Sem Vitimas;Plena noite
1089903;2012-04-11;Quarta;20:45:00;RJ;101;311.0;SAO GONCALO;Outras;Queda de motocicleta / bicicleta / veiculo;Com Vitimas Feridas;Plena noite
1089923;2012-04-11;Quarta;22:15:00;RJ;101;327.0;RIO DE JANEIRO;Outras;Colisao traseira;Sem Vitimas;Plena noite
1089950;2012-04-11;Quarta;22:55:00;RJ;101;322.0;NITEROI;Outras;Colisao traseira;Sem Vitimas;Plena noite
1090044;2012-04-09;Segunda;18:40:00;RJ;101;322.0;NITEROI;Outras;Colisao lateral;Sem Vitimas;Plena noite
1090292;2012-04-08;Domingo;18:10:00;RJ;101;321.2;NITEROI;Outras;Colisao traseira;Sem Vitimas;Plena noite
1090396;2012-04-12;Quinta;17:00:00;RJ;101;333.0;RIO DE JANEIRO;Nao guardar distancia de seguranca;Colisao traseira;Com Vitimas Feridas;Pleno dia
1090441;2012-04-12;Quinta;18:23:00;RJ;101;333.0;RIO DE JANEIRO;Outras;Colisao traseira;Sem Vitimas;Pleno dia
1090515;2012-04-12;Quinta;19:40:00;RJ;101;329.0;RIO DE JANEIRO;Outras;Colisao traseira;Sem Vitimas;Plena noite
1090871;2012-04-13;Sexta;15:20:00;RJ;101;322.0;NITEROI;Nao guardar distancia de seguranca;Colisao lateral;Sem Vitimas;Plena noite
1090932;2012-04-13;Sexta;16:40:00;RJ;101;328.0;RIO DE JANEIRO;Outras;Colisao traseira;Sem Vitimas;Pleno dia
1090934;2012-04-10;Terca;00:20:00;RJ;101;319.0;SAO GONCALO;Velocidade incompativel;Capotamento;Com Vitimas Feridas;Plena noite
1090968;2012-04-13;Sexta;17:05:00;RJ;101;309.0;SAO GONCALO;Outras;Queda de motocicleta / bicicleta / veiculo;Com Vitimas Feridas;Anoitecer
1091342;2012-04-14;Sabado;12:20:00;RJ;101;322.0;NITEROI;Outras;Colisao lateral;Sem Vitimas;Pleno dia
1091347;2012-04-14;Sabado;06:00:00;RJ;101;329.0;RIO DE JANEIRO;Outras;Colisao traseira;Com Vitimas Feridas;Amanhecer
1091415;2012-04-14;Sabado;14:30:00;RJ;101;304.0;SAO GONCALO;Outras;Saida de Pista;Sem Vitimas;Pleno dia
1091539;2012-04-14;Sabado;17:20:00;RJ;101;320.0;NITEROI;Outras;Colisao traseira;Sem Vitimas;Pleno dia
1091544;2012-04-12;Quinta;22:20:00;RJ;101;321.0;NITEROI;Nao guardar distancia de seguranca;Colisao traseira;Sem Vitimas;Plena noite
1091586;2012-04-14;Sabado;18:30:00;RJ;101;333.0;RIO DE JANEIRO;Ingestao de alcool;Colisao traseira;Sem Vitimas;Plena noite
1091709;2012-04-15;Domingo;00:12:00;RJ;101;326.0;RIO DE JANEIRO;Outras;Colisao traseira;Com Vitimas Feridas;Plena noite
1091750;2012-04-11;Quarta;20:30:00;RJ;101;333.0;RIO DE JANEIRO;Falta de atencao;Colisao traseira;Sem Vitimas;Plena noite
1092239;2012-04-16;Segunda;04:50:00;RJ;101;306.0;SAO GONCALO;Outras;Colisao com objeto fixo;Sem Vitimas;Plena noite
1092272;2012-04-12;Quinta;18:35:00;RJ;101;331.0;RIO DE JANEIRO;Nao guardar distancia de seguranca;Colisao traseira;Sem Vitimas;Plena noite
1092311;2012-04-12;Quinta;21:30:00;RJ;101;312.0;SAO GONCALO;Outras;Colisao traseira;Com Vitimas Feridas;Plena noite
1092482;2012-04-13;Sexta;23:10:00;RJ;101;322.0;NITEROI;Outras;Colisao lateral;Sem Vitimas;Plena noite
1092555;2012-04-16;Segunda;16:10:00;RJ;101;323.0;NITEROI;Nao guardar distancia de seguranca;Colisao traseira;Sem Vitimas;Pleno dia
1092841;2012-04-17;Terca;06:35:00;RJ;101;330.0;RIO DE JANEIRO;Outras;Colisao traseira;Com Vitimas Feridas;Pleno dia
1093029;2012-04-17;Terca;10:00:00;RJ;101;319.0;SAO GONCALO;Outras;Colisao traseira;Sem Vitimas;Pleno dia
1093049;2012-04-17;Terca;14:29:00;RJ;101;326.3;RIO DE JANEIRO;Outras;Colisao traseira;Sem Vitimas;Plena noite
1093069;2012-04-17;Terca;11:00:00;RJ;101;319.0;SAO GONCALO;Outras;Colisao traseira;Sem Vitimas;Pleno dia
1093397;2012-04-10;Terca;19:00:00;RJ;101;324.0;NITEROI;Outras;Colisao lateral;Sem Vitimas;Plena noite
1093525;2012-04-18;Quarta;06:39:00;RJ;101;326.0;NITEROI;Outras;Colisao traseira;Sem Vitimas;Pleno dia
1093567;2012-04-18;Quarta;07:10:00;RJ;101;333.0;RIO DE JANEIRO;Outras;Colisao lateral;Sem Vitimas;Pleno dia
1093644;2012-04-18;Quarta;08:33:00;RJ;101;331.0;RIO DE JANEIRO;Outras;Colisao traseira;Sem Vitimas;Pleno dia
1093681;2012-04-18;Quarta;14:07:00;RJ;101;333.0;RIO DE JANEIRO;Outras;Colisao lateral;Sem Vitimas;Pleno dia
1093690;2012-04-18;Quarta;19:20:00;RJ;101;321.0;NITEROI;Outras;Colisao lateral;Sem Vitimas;Plena noite
1093845;2012-04-14;Sabado;05:20:00;RJ;101;322.0;NITEROI;Defeito mecanico em veiculo;Colisao com objeto fixo;Sem Vitimas;Amanhecer
1093936;2012-04-19;Quinta;12:00:00;RJ;101;307.0;SAO GONCALO;Outras;Colisao lateral;Sem Vitimas;Pleno dia
1093956;2012-04-15;Domingo;01:20:00;RJ;101;332.0;RIO DE JANEIRO;Outras;Colisao lateral;Com Vitimas Feridas;Plena noite
1094009;2012-04-19;Quinta;14:42:00;RJ;101;321.4;NITEROI;Outras;Colisao traseira;Sem Vitimas;Pleno dia
1094032;2012-04-03;Terca;08:20:00;RJ;101;315.9;SAO GONCALO;Outras;Colisao lateral;Sem Vitimas;Pleno dia
1094074;2012-04-19;Quinta;18:30:00;RJ;101;310.0;SAO GONCALO;Outras;Colisao traseira;Sem Vitimas;Anoitecer
1094193;2012-04-19;Quinta;06:50:00;RJ;101;315.0;SAO GONCALO;Outras;Colisao lateral;Sem Vitimas;Pleno dia
1094272;2012-04-19;Quinta;19:10:00;RJ;101;322.0;NITEROI;Falta de atencao;Colisao lateral;Sem Vitimas;Plena noite
1094313;2012-04-19;Quinta;20:00:00;RJ;101;329.0;RIO DE JANEIRO;Nao guardar distancia de seguranca;Colisao traseira;Com Vitimas Feridas;Plena noite
1094349;2012-04-20;Sexta;09:00:00;RJ;101;332.0;RIO DE JANEIRO;Outras;Colisao com objeto fixo;Sem Vitimas;Pleno dia
1094366;2012-04-20;Sexta;10:00:00;RJ;101;322.0;NITEROI;Outras;Colisao lateral;Sem Vitimas;Pleno dia
1094559;2012-04-20;Sexta;16:30:00;RJ;101;333.0;RIO DE JANEIRO;Outras;Colisao traseira;Sem Vitimas;Pleno dia
1094581;2012-04-20;Sexta;16:40:00;RJ;101;334.0;RIO DE JANEIRO;Outras;Colisao lateral;Sem Vitimas;Pleno dia
1094607;2012-04-20;Sexta;19:20:00;RJ;101;322.0;NITEROI;Outras;Colisao lateral;Sem Vitimas;Plena noite
1095046;2012-04-21;Sabado;13:30:00;RJ;101;305.0;SAO GONCALO;Outras;Colisao traseira;Sem Vitimas;Pleno dia
1095510;2012-04-22;Domingo;09:20:00;RJ;101;303.0;SAO GONCALO;Defeito mecanico em veiculo;Queda de motocicleta / bicicleta / veiculo;Com Vitimas Feridas;Pleno dia
1095557;2012-04-22;Domingo;11:40:00;RJ;101;322.0;NITEROI;Outras;Colisao lateral;Sem Vitimas;Pleno dia
1095563;2012-04-17;Terca;20:20:00;RJ;101;328.2;RIO DE JANEIRO;Outras;Colisao lateral;Sem Vitimas;Plena noite
1095574;2012-04-17;Terca;18:30:00;RJ;101;324.2;NITEROI;Outras;Colisao lateral;Sem Vitimas;Plena noite
1095577;2012-04-22;Domingo;12:10:00;RJ;101;299.0;SAO GONCALO;Outras;Colisao traseira;Sem Vitimas;Pleno dia
1095586;2012-04-18;Quarta;03:10:00;RJ;101;328.5;RIO DE JANEIRO;Outras;Colisao traseira;Sem Vitimas;Amanhecer
1096091;2012-04-23;Segunda;13:40:00;RJ;101;307.9;SAO GONCALO;Outras;Colisao traseira;Sem Vitimas;Pleno dia
1096526;2012-04-24;Terca;08:30:00;RJ;101;316.0;SAO GONCALO;Outras;Colisao traseira;Sem Vitimas;Pleno dia
1096527;2012-04-24;Terca;10:06:00;RJ;101;313.0;SAO GONCALO;Falta de atencao;Colisao traseira;Sem Vitimas;Pleno dia
1096565;2012-04-24;Terca;05:50:00;RJ;101;313.0;SAO GONCALO;Falta de atencao;Colisao traseira;Sem Vitimas;Amanhecer
1096716;2012-04-24;Terca;16:15:00;RJ;101;320.0;NITEROI;Outras;Colisao lateral;Sem Vitimas;Pleno dia
1096780;2012-04-24;Terca;19:00:00;RJ;101;316.0;SAO GONCALO;Outras;Colisao traseira;Sem Vitimas;Plena noite
1096808;2012-04-24;Terca;07:30:00;RJ;101;327.0;NITEROI;Nao guardar distancia de seguranca;Colisao lateral;Sem Vitimas;Pleno dia
1096945;2012-04-21;Sabado;20:00:00;RJ;101;323.0;NITEROI;Falta de atencao;Colisao traseira;Sem Vitimas;Plena noite
1096963;2012-04-25;Quarta;07:30:00;RJ;101;318.0;SAO GONCALO;Nao guardar distancia de seguranca;Colisao traseira;Sem Vitimas;Plena noite
1096989;2012-04-25;Quarta;01:30:00;RJ;101;334.0;RIO DE JANEIRO;Defeito mecanico em veiculo;Tombamento;Sem Vitimas;Pleno dia
1097018;2012-04-25;Quarta;07:30:00;RJ;101;305.0;SAO GONCALO;Outras;Colisao lateral;Com Vitimas Feridas;Pleno dia
1097127;2012-04-25;Quarta;09:50:00;RJ;101;322.0;NITEROI;Outras;Colisao traseira;Sem Vitimas;Pleno dia
1097153;2012-03-16;Sexta;20:40:00;RJ;101;322.0;NITEROI;Outras;Colisao lateral;Sem Vitimas;Plena noite
1097409;2012-04-10;Terca;20:30:00;RJ;101;318.0;SAO GONCALO;Nao guardar distancia de seguranca;Colisao traseira;Com Vitimas Feridas;Plena noite
1097428;2012-04-26;Quinta;07:30:00;RJ;101;322.0;NITEROI;Outras;Colisao lateral;Sem Vitimas;Pleno dia
1097451;2012-04-26;Quinta;08:15:00;RJ;101;322.0;NITEROI;Outras;Colisao lateral;Sem Vitimas;Pleno dia
1097525;2012-04-26;Quinta;11:00:00;RJ;101;321.0;NITEROI;Outras;Colisao lateral;Sem Vitimas;Pleno dia
1097842;2012-04-26;Quinta;22:00:00;RJ;101;320.0;NITEROI;Falta de atencao;Colisao lateral;Sem Vitimas;Plena noite
1097904;2012-04-27;Sexta;02:00:00;RJ;101;333.0;RIO DE JANEIRO;Outras;Colisao com objeto fixo;Sem Vitimas;Plena noite
1097991;2012-04-25;Quarta;20:00:00;RJ;101;322.0;NITEROI;Outras;Colisao lateral;Sem Vitimas;Plena noite
1098065;2012-04-27;Sexta;09:20:00;RJ;101;331.0;RIO DE JANEIRO;Falta de atencao;Colisao traseira;Com Vitimas Feridas;Pleno dia
1098290;2012-04-27;Sexta;19:30:00;RJ;101;322.4;NITEROI;Outras;Colisao traseira;Sem Vitimas;Plena noite
1098343;2012-04-19;Quinta;18:50:00;RJ;101;313.0;SAO GONCALO;Falta de atencao;Colisao lateral;Com Vitimas Feridas;Plena noite
1098358;2012-04-27;Sexta;20:20:00;RJ;101;322.5;NITEROI;Outras;Colisao traseira;Sem Vitimas;Plena noite
1098586;2012-04-28;Sabado;08:30:00;RJ;101;330.0;RIO DE JANEIRO;Outras;Colisao traseira;Sem Vitimas;Pleno dia
1098790;2012-04-28;Sabado;16:30:00;RJ;101;323.0;NITEROI;Outras;Colisao traseira;Sem Vitimas;Pleno dia
1098797;2012-04-25;Quarta;22:20:00;RJ;101;322.0;NITEROI;Outras;Colisao lateral;Sem Vitimas;Plena noite
1098803;2012-04-28;Sabado;18:00:00;RJ;101;323.0;NITEROI;Outras;Colisao traseira;Sem Vitimas;Plena noite
1098884;2012-04-28;Sabado;19:30:00;RJ;101;330.0;NITEROI;Outras;Colisao lateral;Sem Vitimas;Plena noite
1099039;2012-04-22;Domingo;04:30:00;RJ;101;327.0;NITEROI;Falta de atencao;Capotamento;Sem Vitimas;Plena noite
1099044;2012-04-21;Sabado;19:00:00;RJ;101;323.0;NITEROI;Falta de atencao;Colisao traseira;Sem Vitimas;Plena noite
1099074;2012-04-29;Domingo;07:30:00;RJ;101;320.0;NITEROI;Outras;Colisao traseira;Sem Vitimas;Plena noite
1099094;2012-04-29;Domingo;07:50:00;RJ;101;327.5;RIO DE JANEIRO;Outras;Tombamento;Sem Vitimas;Pleno dia
1099161;2012-04-22;Domingo;00:01:00;RJ;101;325.0;NITEROI;Outras;Colisao lateral;Com Vitimas Feridas;Plena noite
1099309;2012-04-29;Domingo;19:00:00;RJ;101;300.0;SAO GONCALO;Outras;Saida de Pista;Sem Vitimas;Anoitecer
1099463;2012-04-30;Segunda;05:20:00;RJ;101;315.0;NITEROI;Outras;Colisao traseira;Com Vitimas Feridas;Amanhecer
1099609;2012-04-30;Segunda;14:31:00;RJ;101;332.0;RIO DE JANEIRO;Outras;Colisao traseira;Sem Vitimas;Pleno dia
1099615;2012-04-30;Segunda;14:22:00;RJ;101;322.0;NITEROI;Outras;Colisao traseira;Sem Vitimas;Pleno dia
1099721;2012-04-30;Segunda;18:00:00;RJ;101;322.0;NITEROI;Outras;Colisao traseira;Sem Vitimas;Plena noite
1099772;2012-04-30;Segunda;18:30:00;RJ;101;323.0;NITEROI;Outras;Colisao traseira;Sem Vitimas;Plena noite
1099831;2012-04-30;Segunda;21:00:00;RJ;101;321.0;NITEROI;Outras;Colisao traseira;Sem Vitimas;Plena noite
1099975;2012-05-01;Terca;04:45:00;RJ;101;320.0;NITEROI;Outras;Colisao com objeto fixo;Sem Vitimas;Plena noite
1100028;2012-05-01;Terca;05:30:00;RJ;101;327.0;NITEROI;Outras;Colisao lateral;Sem Vitimas;Pleno dia
1100063;2012-05-01;Terca;05:30:00;RJ;101;327.0;NITEROI;Outras;Colisao traseira;Sem Vitimas;Pleno dia
1100089;2012-05-01;Terca;07:10:00;RJ;101;332.0;NITEROI;Outras;Colisao com objeto fixo;Sem Vitimas;Pleno dia
1100154;2012-05-01;Terca;05:32:00;RJ;101;327.0;NITEROI;Outras;Colisao lateral;Sem Vitimas;Pleno dia
1100179;2012-05-01;Terca;13:50:00;RJ;101;303.0;SAO GONCALO;Outras;Colisao traseira;Sem Vitimas;Pleno dia
1100466;2012-05-02;Quarta;04:30:00;RJ;101;322.0;NITEROI;Falta de atencao;Colisao com objeto fixo;Sem Vitimas;Plena noite
1100473;2012-04-28;Sabado;23:30:00;RJ;101;314.0;SAO GONCALO;Outras;Atropelamento de pessoa;Com Vitimas Fatais;Plena noite
1100545;2012-05-02;Quarta;08:25:00;RJ;101;323.0;NITEROI;Outras;Colisao lateral;Com Vitimas Feridas;Pleno dia
1100569;2012-05-02;Quarta;09:20:00;RJ;101;321.0;NITEROI;Nao guardar distancia de seguranca;Colisao lateral;Com Vitimas Feridas;Pleno dia
1100573;2012-04-28;Sabado;17:40:00;RJ;101;323.0;NITEROI;Outras;Colisao traseira;Sem Vitimas;Pleno dia
1100574;2012-04-24;Terca;22:20:00;RJ;101;319.0;SAO GONCALO;Falta de atencao;Colisao Transversal;Sem Vitimas;Plena noite
1100680;2012-05-02;Quarta;08:00:00;RJ;101;313.0;SAO GONCALO;Outras;Colisao traseira;Sem Vitimas;Pleno dia
1100719;2012-05-02;Quarta;15:00:00;RJ;101;325.0;NITEROI;Outras;Colisao traseira;Sem Vitimas;Pleno dia
1100727;2012-05-02;Quarta;15:00:00;RJ;101;308.0;SAO GONCALO;Outras;Colisao com objeto fixo;Sem Vitimas;Pleno dia
1100799;2012-05-02;Quarta;16:50:00;RJ;101;321.0;NITEROI;Outras;Colisao lateral;Sem Vitimas;Pleno dia
1100882;2012-05-02;Quarta;19:30:00;RJ;101;319.5;NITEROI;Falta de atencao;Colisao traseira;Sem Vitimas;Plena noite
1100925;2012-05-02;Quarta;19:05:00;RJ;101;321.0;NITEROI;Nao guardar distancia de seguranca;Colisao traseira;Sem Vitimas;Plena noite
1101187;2012-05-03;Quinta;12:15:00;RJ;101;316.0;SAO GONCALO;Outras;Colisao traseira;Sem Vitimas;Pleno dia
1101211;2012-05-03;Quinta;13:00:00;RJ;101;302.0;SAO GONCALO;Outras;Colisao com objeto fixo;Sem Vitimas;Pleno dia
1101280;2012-05-03;Quinta;08:00:00;RJ;101;315.0;SAO GONCALO;Falta de atencao;Colisao traseira;Sem Vitimas;Pleno dia
1101289;2012-05-03;Quinta;14:00:00;RJ;101;317.0;SAO GONCALO;Nao guardar distancia de seguranca;Colisao traseira;Sem Vitimas;Pleno dia
1101346;2012-03-28;Quarta;23:20:00;RJ;101;321.0;NITEROI;Outras;Colisao traseira;Sem Vitimas;Plena noite
1101540;2012-05-04;Sexta;05:45:00;RJ;101;320.0;NITEROI;Outras;Colisao traseira;Sem Vitimas;Amanhecer
1101626;2012-05-04;Sexta;09:20:00;RJ;101;324.0;NITEROI;Outras;Colisao traseira;Sem Vitimas;Pleno dia
1101656;2012-05-04;Sexta;07:10:00;RJ;101;313.0;SAO GONCALO;Outras;Colisao traseira;Sem Vitimas;Pleno dia
1101658;2012-05-02;Quarta;10:25:00;RJ;101;320.0;NITEROI;Outras;Colisao lateral;Sem Vitimas;Pleno dia
1101733;2012-05-04;Sexta;15:10:00;RJ;101;325.0;NITEROI;Outras;Colisao lateral;Sem Vitimas;Pleno dia
1101772;2012-05-04;Sexta;16:15:00;RJ;101;322.0;NITEROI;Outras;Colisao lateral;Sem Vitimas;Pleno dia
1101903;2012-05-04;Sexta;20:40:00;RJ;101;322.0;NITEROI;Outras;Colisao lateral;Sem Vitimas;Plena noite
1101960;2012-05-04;Sexta;22:10:00;RJ;101;327.0;RIO DE JANEIRO;Outras;Colisao lateral;Sem Vitimas;Plena noite
1102048;2012-05-05;Sabado;04:00:00;RJ;101;327.0;RIO DE JANEIRO;Outras;Colisao traseira;Sem Vitimas;Amanhecer
1102176;2012-05-05;Sabado;10:40:00;RJ;101;333.0;RIO DE JANEIRO;Outras;Colisao traseira;Sem Vitimas;Pleno dia
1102230;2012-05-05;Sabado;12:30:00;RJ;101;324.0;NITEROI;Outras;Colisao traseira;Sem Vitimas;Pleno dia
1102371;2012-05-05;Sabado;18:00:00;RJ;101;314.0;SAO GONCALO;Outras;Saida de Pista;Sem Vitimas;Anoitecer
1103002;2012-05-02;Quarta;22:30:00;RJ;101;330.0;RIO DE JANEIRO;Outras;Colisao traseira;Sem Vitimas;Plena noite
1103605;2012-05-08;Terca;07:00:00;RJ;101;320.0;NITEROI;Outras;Colisao lateral;Com Vitimas Feridas;Pleno dia
1103642;2012-05-08;Terca;08:40:00;RJ;101;310.0;SAO GONCALO;Outras;Colisao lateral;Sem Vitimas;Pleno dia
1103660;2012-05-08;Terca;08:30:00;RJ;101;314.0;SAO GONCALO;Nao guardar distancia de seguranca;Colisao traseira;Sem Vitimas;Pleno dia
1103696;2012-05-08;Terca;09:30:00;RJ;101;315.0;SAO GONCALO;Falta de atencao;Colisao traseira;Sem Vitimas;Pleno dia
1103834;2012-05-08;Terca;18:00:00;RJ;101;322.0;NITEROI;Outras;Colisao lateral;Sem Vitimas;Plena noite
1103900;2012-05-08;Terca;19:40:00;RJ;101;320.0;NITEROI;Outras;Colisao traseira;Sem Vitimas;Plena noite
1103919;2012-05-08;Terca;20:00:00;RJ;101;320.0;NITEROI;Outras;Colisao lateral;Sem Vitimas;Plena noite
1104103;2012-05-09;Quarta;07:05:00;RJ;101;317.5;SAO GONCALO;Outras;Colisao traseira;Sem Vitimas;Pleno dia
1104275;2012-05-09;Quarta;08:35:00;RJ;101;315.0;SAO GONCALO;Outras;Colisao lateral;Com Vitimas Feridas;Pleno dia
1104363;2012-05-09;Quarta;17:10:00;RJ;101;330.0;NITEROI;Outras;Colisao traseira;Sem Vitimas;Pleno dia
1104394;2012-05-09;Quarta;17:30:00;RJ;101;314.0;SAO GONCALO;Outras;Capotamento;Sem Vitimas;Pleno dia
1104403;2012-05-09;Quarta;19:10:00;RJ;101;322.0;NITEROI;Outras;Colisao lateral;Sem Vitimas;Plena noite
1104432;2012-05-09;Quarta;19:15:00;RJ;101;325.0;NITEROI;Outras;Colisao traseira;Sem Vitimas;Plena noite
1104455;2012-05-09;Quarta;19:30:00;RJ;101;327.0;RIO DE JANEIRO;Outras;Colisao traseira;Sem Vitimas;Plena noite
1104544;2012-05-10;Quinta;01:00:00;RJ;101;322.0;NITEROI;Falta de atencao;Colisao com objeto fixo;Sem Vitimas;Plena noite
1104706;2012-05-10;Quinta;10:48:00;RJ;101;334.0;RIO DE JANEIRO;Outras;Colisao lateral;Sem Vitimas;Pleno dia
1104774;2012-05-10;Quinta;14:16:00;RJ;101;322.0;NITEROI;Outras;Colisao traseira;Sem Vitimas;Pleno dia
1104817;2012-05-10;Quinta;15:00:00;RJ;101;302.0;SAO GONCALO;Outras;Colisao com objeto fixo;Com Vitimas Feridas;Pleno dia
1104827;2012-05-10;Quinta;16:00:00;RJ;101;320.0;NITEROI;Outras;Colisao lateral;Sem Vitimas;Pleno dia
1104855;2012-05-07;Segunda;08:20:00;RJ;101;326.0;RIO DE JANEIRO;Outras;Colisao traseira;Sem Vitimas;Pleno dia
1104876;2012-05-10;Quinta;17:55:00;RJ;101;322.0;NITEROI;Outras;Colisao traseira;Sem Vitimas;Anoitecer
1104880;2012-05-07;Segunda;18:50:00;RJ;101;322.1;NITEROI;Outras;Colisao lateral;Sem Vitimas;Plena noite
1104966;2012-05-02;Quarta;18:30:00;RJ;101;326.0;NITEROI;Outras;Colisao traseira;Sem Vitimas;Plena noite
1105173;2012-03-11;Domingo;04:30:00;RJ;101;318.0;SAO GONCALO;Velocidade incompativel;Colisao frontal;Com Vitimas Fatais;Plena noite
1105375;2012-05-11;Sexta;08:40:00;RJ;101;333.4;RIO DE JANEIRO;Outras;Colisao traseira;Sem Vitimas;Pleno dia
1105428;2012-05-11;Sexta;14:30:00;RJ;101;316.0;SAO GONCALO;Outras;Colisao lateral;Com Vitimas Feridas;Pleno dia
1105510;2012-05-11;Sexta;22:30:00;RJ;101;317.0;SAO GONCALO;Nao guardar distancia de seguranca;Saida de Pista;Sem Vitimas;Plena noite
1105685;2012-05-08;Terca;17:35:00;RJ;101;304.0;SAO GONCALO;Outras;Colisao com bicicleta;Com Vitimas Feridas;Plena noite
1105748;2012-05-12;Sabado;09:00:00;RJ;101;317.0;SAO GONCALO;Falta de atencao;Colisao lateral;Sem Vitimas;Pleno dia
1105977;2012-05-12;Sabado;18:30:00;RJ;101;328.0;RIO DE JANEIRO;Outras;Colisao traseira;Sem Vitimas;Anoitecer
1106190;2012-05-13;Domingo;07:00:00;RJ;101;322.0;NITEROI;Dormindo;Colisao lateral;Sem Vitimas;Pleno dia
1106234;2012-05-13;Domingo;07:00:00;RJ;101;323.0;NITEROI;Outras;Colisao traseira;Sem Vitimas;Pleno dia
1106367;2012-05-13;Domingo;14:30:00;RJ;101;325.0;NITEROI;Outras;Colisao com objeto fixo;Com Vitimas Feridas;Pleno dia
1106423;2012-05-11;Sexta;10:10:00;RJ;101;327.0;RIO DE JANEIRO;Outras;Colisao traseira;Sem Vitimas;Pleno dia
1106443;2012-05-11;Sexta;16:20:00;RJ;101;322.0;NITEROI;Outras;Colisao lateral;Sem Vitimas;Pleno dia
1106455;2012-05-13;Domingo;18:45:00;RJ;101;320.0;NITEROI;Outras;Colisao traseira;Sem Vitimas;Plena noite
1106513;2012-05-13;Domingo;18:45:00;RJ;101;321.0;NITEROI;Outras;Colisao traseira;Sem Vitimas;Plena noite
1106517;2012-05-13;Domingo;19:30:00;RJ;101;323.0;NITEROI;Falta de atencao;Colisao traseira;Sem Vitimas;Plena noite
1106545;2012-05-13;Domingo;19:30:00;RJ;101;326.0;NITEROI;Outras;Colisao traseira;Sem Vitimas;Plena noite
1106590;2012-05-13;Domingo;22:30:00;RJ;101;326.0;RIO DE JANEIRO;Outras;Colisao traseira;Sem Vitimas;Plena noite
1106633;2012-05-13;Domingo;22:40:00;RJ;101;323.0;NITEROI;Outras;Colisao traseira;Sem Vitimas;Plena noite
1106721;2012-05-14;Segunda;07:00:00;RJ;101;312.0;SAO GONCALO;Outras;Colisao traseira;Sem Vitimas;Pleno dia
1106740;2012-05-14;Segunda;08:00:00;RJ;101;323.0;NITEROI;Outras;Queda de motocicleta / bicicleta / veiculo;Sem Vitimas;Pleno dia
1106794;2012-05-14;Segunda;08:15:00;RJ;101;312.0;SAO GONCALO;Outras;Saida de Pista;Sem Vitimas;Pleno dia
1106849;2012-05-14;Segunda;10:40:00;RJ;101;316.0;SAO GONCALO;Falta de atencao;Colisao lateral;Sem Vitimas;Pleno dia
1106875;2012-05-14;Segunda;06:30:00;RJ;101;300.0;SAO GONCALO;Outras;Queda de motocicleta / bicicleta / veiculo;Com Vitimas Feridas;Pleno dia
1106980;2012-05-14;Segunda;14:30:00;RJ;101;313.0;SAO GONCALO;Falta de atencao;Saida de Pista;Sem Vitimas;Pleno dia
1107006;2012-05-14;Segunda;15:00:00;RJ;101;322.0;NITEROI;Nao guardar distancia de seguranca;Colisao traseira;Sem Vitimas;Pleno dia
1107032;2012-05-14;Segunda;06:50:00;RJ;101;313.0;SAO GONCALO;Outras;Colisao lateral;Com Vitimas Feridas;Pleno dia
1107142;2012-05-14;Segunda;18:50:00;RJ;101;317.0;SAO GONCALO;Outras;Saida de Pista;Sem Vitimas;Plena noite
1107217;2012-05-14;Segunda;21:00:00;RJ;101;316.0;SAO GONCALO;Outras;Colisao com objeto fixo;Sem Vitimas;Plena noite
1107285;2012-05-14;Segunda;11:50:00;RJ;101;322.0;NITEROI;Outras;Queda de motocicleta / bicicleta / veiculo;Com Vitimas Feridas;Pleno dia
1107300;2012-05-15;Terca;01:00:00;RJ;101;325.0;NITEROI;Outras;Colisao lateral;Sem Vitimas;Plena noite
1107373;2012-05-11;Sexta;23:40:00;RJ;101;320.0;NITEROI;Outras;Colisao traseira;Sem Vitimas;Plena noite
1107396;2012-05-11;Sexta;23:30:00;RJ;101;320.0;NITEROI;Outras;Colisao traseira;Sem Vitimas;Plena noite
1107713;2012-05-15;Terca;18:00:00;RJ;101;307.0;SAO GONCALO;Outras;Queda de motocicleta / bicicleta / veiculo;Sem Vitimas;Anoitecer
1107969;2012-05-15;Terca;22:00:00;RJ;101;313.0;SAO GONCALO;Outras;Colisao lateral;Sem Vitimas;Plena noite
1107987;2012-05-13;Domingo;01:00:00;RJ;101;319.0;SAO GONCALO;Defeito mecanico em veiculo;Saida de Pista;Sem Vitimas;Plena noite
1108180;2012-05-16;Quarta;15:00:00;RJ;101;322.0;NITEROI;Outras;Colisao traseira;Sem Vitimas;Pleno dia
1108306;2012-05-16;Quarta;18:00:00;RJ;101;315.0;SAO GONCALO;Nao guardar distancia de seguranca;Colisao traseira;Sem Vitimas;Anoitecer
1108485;2012-05-13;Domingo;18:50:00;RJ;101;320.0;NITEROI;Outras;Colisao Transversal;Com Vitimas Feridas;Plena noite
1108501;2012-05-14;Segunda;00:25:00;RJ;101;320.0;NITEROI;Outras;Colisao lateral;Sem Vitimas;Plena noite
1108504;2012-05-15;Terca;06:30:00;RJ;101;321.0;NITEROI;Outras;Colisao traseira;Sem Vitimas;Amanhecer
1108552;2012-05-13;Domingo;23:40:00;RJ;101;323.0;RIO DE JANEIRO;Outras;Colisao traseira;Sem Vitimas;Plena noite
1108592;2012-05-13;Domingo;19:15:00;RJ;101;322.0;NITEROI;Desobediencia a sinalizacao;Colisao lateral;Sem Vitimas;Plena noite
1108593;2012-05-17;Quinta;09:35:00;RJ;101;334.0;RIO DE JANEIRO;Outras;Colisao traseira;Sem Vitimas;Pleno dia
1108667;2012-05-17;Quinta;13:30:00;RJ;101;317.0;SAO GONCALO;Outras;Colisao lateral;Sem Vitimas;Pleno dia
1108826;2012-05-17;Quinta;16:00:00;RJ;101;327.0;RIO DE JANEIRO;Outras;Colisao com objeto movel;Sem Vitimas;Pleno dia
1108883;2012-05-17;Quinta;21:30:00;RJ;101;333.0;RIO DE JANEIRO;Outras;Colisao lateral;Sem Vitimas;Plena noite
1108900;2012-05-17;Quinta;18:30:00;RJ;101;319.0;SAO GONCALO;Falta de atencao;Colisao lateral;Com Vitimas Feridas;Plena noite
1108914;2012-05-17;Quinta;22:30:00;RJ;101;322.0;NITEROI;Outras;Colisao lateral;Sem Vitimas;Plena noite
1108919;2012-05-17;Quinta;17:55:00;RJ;101;317.0;SAO GONCALO;Outras;Colisao traseira;Com Vitimas Feridas;Plena noite
1108924;2012-05-17;Quinta;15:23:00;RJ;101;329.0;NITEROI;Outras;Colisao traseira;Sem Vitimas;Pleno dia
1109033;2012-05-15;Terca;18:40:00;RJ;101;322.0;NITEROI;Outras;Colisao lateral;Sem Vitimas;Plena noite
1109051;2012-05-15;Terca;07:50:00;RJ;101;329.0;RIO DE JANEIRO;Outras;Colisao traseira;Sem Vitimas;Pleno dia
1109053;2012-05-18;Sexta;07:30:00;RJ;101;316.0;SAO GONCALO;Falta de atencao;Colisao traseira;Sem Vitimas;Pleno dia
1109091;2012-05-14;Segunda;12:00:00;RJ;101;309.0;SAO GONCALO;Outras;Atropelamento de pessoa;Com Vitimas Feridas;Pleno dia
1109127;2012-05-18;Sexta;09:45:00;RJ;101;332.0;RIO DE JANEIRO;Outras;Colisao traseira;Sem Vitimas;Pleno dia
1109152;2012-04-11;Quarta;12:45:00;RJ;101;322.7;NITEROI;Outras;Colisao traseira;Sem Vitimas;Pleno dia
1109156;2012-05-18;Sexta;10:46:00;RJ;101;334.0;RIO DE JANEIRO;Outras;Colisao lateral;Sem Vitimas;Pleno dia
1109286;2012-05-18;Sexta;16:10:00;RJ;101;331.0;RIO DE JANEIRO;Outras;Colisao traseira;Sem Vitimas;Pleno dia
1109411;2012-05-18;Sexta;20:50:00;RJ;101;329.0;RIO DE JANEIRO;Outras;Colisao traseira;Sem Vitimas;Plena noite
1109695;2012-05-24;Quinta;12:30:00;RJ;101;315.0;SAO GONCALO;Outras;Colisao traseira;Com Vitimas Feridas;Amanhecer
1109710;2012-05-20;Domingo;13:40:00;RJ;101;312.0;SAO GONCALO;Falta de atencao;Colisao lateral;Sem Vitimas;Pleno dia
1109713;2012-05-20;Domingo;17:50:00;RJ;101;325.0;NITEROI;Outras;Colisao traseira;Sem Vitimas;Anoitecer
1110032;2012-05-15;Terca;07:00:00;RJ;101;333.4;RIO DE JANEIRO;Outras;Colisao lateral;Sem Vitimas;Pleno dia
1110060;2012-05-15;Terca;09:30:00;RJ;101;322.0;NITEROI;Outras;Colisao lateral;Sem Vitimas;Pleno dia
1110079;2012-05-24;Quinta;17:00:00;RJ;101;328.0;NITEROI;Outras;Colisao traseira;Sem Vitimas;Anoitecer
1110396;2012-05-21;Segunda;10:20:00;RJ;101;334.0;RIO DE JANEIRO;Outras;Colisao traseira;Sem Vitimas;Pleno dia
1110402;2012-05-17;Quinta;12:40:00;RJ;101;318.0;SAO GONCALO;Outras;Colisao traseira;Sem Vitimas;Pleno dia
1110435;2012-05-21;Segunda;22:00:00;RJ;101;320.0;NITEROI;Outras;Colisao traseira;Com Vitimas Feridas;Plena noite
1110511;2012-05-21;Segunda;18:40:00;RJ;101;322.0;NITEROI;Outras;Colisao traseira;Sem Vitimas;Plena noite
1110565;2012-05-21;Segunda;09:30:00;RJ;101;319.0;NITEROI;Outras;Colisao traseira;Sem Vitimas;Pleno dia
1110660;2012-05-25;Sexta;15:00:00;RJ;101;322.0;NITEROI;Outras;Colisao traseira;Sem Vitimas;Pleno dia
1110661;2012-05-21;Segunda;18:00:00;RJ;101;324.0;NITEROI;Outras;Colisao traseira;Com Vitimas Feridas;Anoitecer
1110923;2012-05-25;Sexta;17:00:00;RJ;101;321.0;NITEROI;Falta de atencao;Colisao lateral;Sem Vitimas;Anoitecer
1111297;2012-05-18;Sexta;23:30:00;RJ;101;316.0;SAO GONCALO;Outras;Colisao com objeto movel;Sem Vitimas;Plena noite
1111390;2012-05-26;Sabado;08:35:00;RJ;101;307.0;SAO GONCALO;Outras;Colisao traseira;Com Vitimas Feridas;Pleno dia
1111404;2012-05-26;Sabado;08:45:00;RJ;101;307.0;SAO GONCALO;Falta de atencao;Colisao traseira;Sem Vitimas;Pleno dia
1111661;2012-05-23;Quarta;16:40:00;RJ;101;322.9;NITEROI;Outras;Colisao traseira;Sem Vitimas;Anoitecer
1111863;2012-05-28;Segunda;06:10:00;RJ;101;322.0;NITEROI;Outras;Colisao traseira;Sem Vitimas;Pleno dia
1111921;2012-05-28;Segunda;19:46:00;RJ;101;334.0;RIO DE JANEIRO;Outras;Colisao traseira;Sem Vitimas;Plena noite
1112013;2012-05-28;Segunda;06:00:00;RJ;101;320.0;NITEROI;Outras;Colisao traseira;Sem Vitimas;Amanhecer
1112020;2012-05-20;Domingo;14:00:00;RJ;101;318.0;SAO GONCALO;Outras;Saida de Pista;Com Vitimas Feridas;Pleno dia
1112059;2012-05-28;Segunda;13:50:00;RJ;101;315.0;SAO GONCALO;Nao guardar distancia de seguranca;Colisao traseira;Sem Vitimas;Pleno dia
1112073;2012-05-28;Segunda;07:00:00;RJ;101;325.0;NITEROI;Outras;Colisao traseira;Com Vitimas Feridas;Pleno dia
1112110;2012-05-28;Segunda;20:30:00;RJ;101;319.0;SAO GONCALO;Outras;Colisao traseira;Sem Vitimas;Plena noite
1112274;2012-05-21;Segunda;06:05:00;RJ;101;308.0;SAO GONCALO;Outras;Colisao traseira;Sem Vitimas;Pleno dia
1112589;2012-05-29;Terca;10:00:00;RJ;101;322.0;NITEROI;Desobediencia a sinalizacao;Colisao traseira;Sem Vitimas;Plena noite
1112594;2012-05-29;Terca;18:30:00;RJ;101;322.0;NITEROI;Outras;Colisao lateral;Sem Vitimas;Anoitecer
1112595;2012-05-24;Quinta;00:10:00;RJ;101;312.0;SAO GONCALO;Outras;Colisao lateral;Sem Vitimas;Plena noite
1112606;2012-05-29;Terca;07:21:00;RJ;101;313.0;SAO GONCALO;Outras;Colisao traseira;Sem Vitimas;Pleno dia
1112631;2012-05-29;Terca;15:00:00;RJ;101;333.0;RIO DE JANEIRO;Outras;Colisao traseira;Com Vitimas Feridas;Pleno dia
1112636;2012-05-23;Quarta;17:00:00;RJ;101;311.0;SAO GONCALO;Nao guardar distancia de seguranca;Colisao traseira;Sem Vitimas;Pleno dia
1112675;2012-05-29;Terca;06:00:00;RJ;101;322.0;NITEROI;Outras;Colisao traseira;Sem Vitimas;Pleno dia
1112756;2012-05-21;Segunda;08:45:00;RJ;101;314.0;SAO GONCALO;Outras;Colisao lateral;Com Vitimas Feridas;Pleno dia
1112791;2012-05-29;Terca;18:50:00;RJ;101;328.0;NITEROI;Outras;Colisao lateral;Sem Vitimas;Plena noite
1113129;2012-05-27;Domingo;15:30:00;RJ;101;327.4;RIO DE JANEIRO;Outras;Colisao lateral;Sem Vitimas;Pleno dia
1113465;2012-05-27;Domingo;13:00:00;RJ;101;319.0;SAO GONCALO;Outras;Saida de Pista;Sem Vitimas;Pleno dia
1113740;2012-05-31;Quinta;21:50:00;RJ;101;311.0;SAO GONCALO;Outras;Colisao lateral;Sem Vitimas;Plena noite
1113810;2012-05-22;Terca;10:45:00;RJ;101;329.0;RIO DE JANEIRO;Outras;Colisao traseira;Com Vitimas Feridas;Pleno dia
1114334;2012-06-01;Sexta;17:00:00;RJ;101;318.0;SAO GONCALO;Outras;Colisao lateral;Com Vitimas Feridas;Pleno dia
1114425;2012-06-01;Sexta;19:00:00;RJ;101;326.0;NITEROI;Defeito mecanico em veiculo;Incendio;Sem Vitimas;Plena noite
1114513;2012-06-01;Sexta;20:30:00;RJ;101;320.0;NITEROI;Outras;Colisao traseira;Sem Vitimas;Plena noite
1114665;2012-06-02;Sabado;02:34:00;RJ;101;329.0;RIO DE JANEIRO;Outras;Colisao traseira;Com Vitimas Feridas;Plena noite
1114695;2012-06-02;Sabado;04:20:00;RJ;101;320.0;NITEROI;Outras;Colisao traseira;Sem Vitimas;Plena noite
1114733;2012-05-22;Terca;06:40:00;RJ;101;318.0;SAO GONCALO;Outras;Colisao traseira;Com Vitimas Feridas;Pleno dia
1114743;2012-05-29;Terca;18:50:00;RJ;101;309.0;SAO GONCALO;Falta de atencao;Colisao lateral;Com Vitimas Feridas;Plena noite
1114744;2012-05-29;Terca;14:10:00;RJ;101;312.0;SAO GONCALO;Outras;Colisao frontal;Sem Vitimas;Pleno dia
1114802;2012-05-17;Quinta;10:00:00;RJ;101;318.0;SAO GONCALO;Outras;Colisao com objeto fixo;Sem Vitimas;Pleno dia
1114855;2012-05-21;Segunda;06:00:00;RJ;101;309.0;SAO GONCALO;Nao guardar distancia de seguranca;Colisao traseira;Sem Vitimas;Amanhecer
1115034;2012-06-02;Sabado;18:15:00;RJ;101;324.0;NITEROI;Outras;Colisao traseira;Sem Vitimas;Plena noite
1115832;2012-05-31;Quinta;11:50:00;RJ;101;313.0;SAO GONCALO;Outras;Colisao traseira;Sem Vitimas;Pleno dia
1115924;2012-06-04;Segunda;10:00:00;RJ;101;326.0;NITEROI;Outras;Colisao traseira;Sem Vitimas;Pleno dia
1116099;2012-06-04;Segunda;09:15:00;RJ;101;319.0;SAO GONCALO;Falta de atencao;Colisao lateral;Sem Vitimas;Pleno dia
1116153;2012-06-04;Segunda;11:00:00;RJ;101;319.0;SAO GONCALO;Falta de atencao;Colisao traseira;Sem Vitimas;Pleno dia
1116243;2012-06-04;Segunda;16:00:00;RJ;101;328.0;NITEROI;Outras;Colisao traseira;Sem Vitimas;Pleno dia
1116256;2012-05-15;Terca;13:25:00;RJ;101;334.0;RIO DE JANEIRO;Outras;Colisao traseira;Sem Vitimas;Pleno dia
1116444;2012-06-04;Segunda;07:30:00;RJ;101;312.0;SAO GONCALO;Defeito mecanico em veiculo;Colisao traseira;Sem Vitimas;Pleno dia
1116493;2012-06-04;Segunda;19:00:00;RJ;101;319.0;SAO GONCALO;Animais na Pista;Atropelamento de animal;Sem Vitimas;Plena noite
1116831;2012-06-05;Terca;07:40:00;RJ;101;312.0;SAO GONCALO;Outras;Colisao com objeto fixo;Sem Vitimas;Pleno dia
1116981;2012-06-05;Terca;11:00:00;RJ;101;320.0;NITEROI;Outras;Colisao traseira;Sem Vitimas;Pleno dia
1116995;2012-06-05;Terca;08:30:00;RJ;101;316.0;SAO GONCALO;Falta de atencao;Colisao traseira;Sem Vitimas;Pleno dia
1117000;2012-06-05;Terca;12:30:00;RJ;101;308.0;SAO GONCALO;Outras;Colisao lateral;Sem Vitimas;Pleno dia
1117015;2012-03-02;Sexta;19:00:00;RJ;101;332.0;NITEROI;Ingestao de alcool;Colisao lateral;Sem Vitimas;Plena noite
1117116;2012-06-05;Terca;15:50:00;RJ;101;334.0;RIO DE JANEIRO;Outras;Colisao traseira;Sem Vitimas;Pleno dia
1117189;2012-05-19;Sabado;17:00:00;RJ;101;306.0;SAO GONCALO;Outras;Saida de Pista;Sem Vitimas;Anoitecer
1117194;2012-06-05;Terca;17:50:00;RJ;101;322.0;NITEROI;Outras;Colisao lateral;Sem Vitimas;Anoitecer
1117244;2012-06-05;Terca;18:35:00;RJ;101;322.0;NITEROI;Outras;Colisao lateral;Sem Vitimas;Plena noite
1117319;2012-06-05;Terca;18:50:00;RJ;101;321.0;NITEROI;Outras;Colisao traseira;Sem Vitimas;Anoitecer
1117387;2012-05-30;Quarta;09:20:00;RJ;101;300.0;SAO GONCALO;Outras;Colisao lateral;Com Vitimas Feridas;Pleno dia
1117541;2012-06-01;Sexta;22:30:00;RJ;101;332.0;RIO DE JANEIRO;Outras;Colisao lateral;Sem Vitimas;Plena noite
1117717;2012-06-06;Quarta;04:50:00;RJ;101;303.0;SAO GONCALO;Outras;Colisao com objeto fixo;Sem Vitimas;Plena noite
1117730;2012-06-06;Quarta;07:58:00;RJ;101;333.0;RIO DE JANEIRO;Falta de atencao;Colisao traseira;Sem Vitimas;Pleno dia
1117835;2012-06-06;Quarta;14:15:00;RJ;101;324.5;NITEROI;Outras;Colisao traseira;Sem Vitimas;Pleno dia
1117861;2012-06-06;Quarta;11:00:00;RJ;101;320.0;NITEROI;Desobediencia a sinalizacao;Colisao lateral;Sem Vitimas;Pleno dia
1117942;2012-06-06;Quarta;11:00:00;RJ;101;316.0;SAO GONCALO;Outras;Colisao traseira;Sem Vitimas;Pleno dia
1118050;2012-06-06;Quarta;17:45:00;RJ;101;325.0;NITEROI;Outras;Colisao traseira;Sem Vitimas;Pleno dia
1118152;2012-06-06;Quarta;18:20:00;RJ;101;318.0;SAO GONCALO;Outras;Colisao lateral;Sem Vitimas;Plena noite
1118272;2012-06-06;Quarta;21:00:00;RJ;101;332.0;RIO DE JANEIRO;Outras;Colisao traseira;Sem Vitimas;Plena noite
1118296;2012-06-06;Quarta;22:40:00;RJ;101;309.0;SAO GONCALO;Outras;Colisao lateral;Sem Vitimas;Plena noite
1118416;2012-05-26;Sabado;11:55:00;RJ;101;322.0;NITEROI;Outras;Colisao com objeto fixo;Com Vitimas Feridas;Pleno dia
1118455;2012-06-07;Quinta;05:43:00;RJ;101;321.0;NITEROI;Outras;Colisao com objeto fixo;Sem Vitimas;Amanhecer
1118467;2012-06-07;Quinta;07:05:00;RJ;101;320.0;NITEROI;Outras;Colisao lateral;Sem Vitimas;Pleno dia
1118503;2012-05-14;Segunda;15:11:00;RJ;101;325.0;NITEROI;Outras;Colisao com objeto fixo;Sem Vitimas;Pleno dia
1118945;2012-06-07;Quinta;17:30:00;RJ;101;310.0;SAO GONCALO;Outras;Saida de Pista;Sem Vitimas;Anoitecer
1119155;2012-06-07;Quinta;22:30:00;RJ;101;320.0;NITEROI;Outras;Colisao traseira;Sem Vitimas;Plena noite
1119449;2012-06-08;Sexta;05:00:00;RJ;101;321.0;NITEROI;Outras;Atropelamento de pessoa;Com Vitimas Fatais;Plena noite
1119484;2012-05-28;Segunda;05:10:00;RJ;101;333.0;RIO DE JANEIRO;Defeito mecanico em veiculo;Colisao com objeto movel;Com Vitimas Fatais;Amanhecer
1119811;2012-06-08;Sexta;21:00:00;RJ;101;312.0;SAO GONCALO;Falta de atencao;Colisao traseira;Sem Vitimas;Plena noite
1120049;2012-06-05;Terca;11:40:00;RJ;101;322.0;NITEROI;Outras;Queda de motocicleta / bicicleta / veiculo;Com Vitimas Feridas;Plena noite
1120177;2012-05-19;Sabado;18:00:00;RJ;101;307.0;SAO GONCALO;Outras;Atropelamento de pessoa;Com Vitimas Feridas;Anoitecer
1120649;2012-06-10;Domingo;09:15:00;RJ;101;327.0;NITEROI;Falta de atencao;Queda de motocicleta / bicicleta / veiculo;Com Vitimas Feridas;Pleno dia
1120703;2012-06-01;Sexta;20:45:00;RJ;101;323.0;NITEROI;Outras;Colisao traseira;Sem Vitimas;Plena noite
1121168;2012-06-11;Segunda;10:23:00;RJ;101;328.0;RIO DE JANEIRO;Outras;Colisao traseira;Sem Vitimas;Pleno dia
1121196;2012-06-11;Segunda;10:28:00;RJ;101;334.0;RIO DE JANEIRO;Falta de atencao;Colisao traseira;Sem Vitimas;Pleno dia
1121200;2012-05-20;Domingo;18:30:00;RJ;101;306.0;SAO GONCALO;Outras;Colisao traseira;Sem Vitimas;Anoitecer
1121270;2012-06-11;Segunda;13:50:00;RJ;101;305.0;SAO GONCALO;Outras;Saida de Pista;Sem Vitimas;Pleno dia
1121292;2012-05-22;Terca;08:00:00;RJ;101;322.0;NITEROI;Outras;Colisao traseira;Sem Vitimas;Pleno dia
1121307;2012-06-11;Segunda;15:30:00;RJ;101;321.0;NITEROI;Outras;Colisao lateral;Sem Vitimas;Pleno dia
1121329;2012-05-22;Terca;21:00:00;RJ;101;322.0;NITEROI;Outras;Colisao traseira;Sem Vitimas;Plena noite
1121370;2012-06-11;Segunda;17:50:00;RJ;101;315.0;SAO GONCALO;Falta de atencao;Colisao traseira;Sem Vitimas;Pleno dia
1121422;2012-05-26;Sabado;19:30:00;RJ;101;322.0;NITEROI;Outras;Colisao traseira;Sem Vitimas;Plena noite
1121505;2012-06-11;Segunda;19:39:00;RJ;101;324.0;NITEROI;Outras;Colisao lateral;Sem Vitimas;Plena noite
1121760;2012-06-12;Terca;09:30:00;RJ;101;334.0;NITEROI;Outras;Colisao traseira;Sem Vitimas;Pleno dia
1121963;2012-06-12;Terca;16:00:00;RJ;101;312.0;SAO GONCALO;Falta de atencao;Colisao lateral;Sem Vitimas;Pleno dia
1122068;2012-06-12;Terca;18:30:00;RJ;101;312.0;SAO GONCALO;Falta de atencao;Colisao traseira;Sem Vitimas;Plena noite
1122173;2012-06-12;Terca;21:05:00;RJ;101;330.0;RIO DE JANEIRO;Defeito mecanico em veiculo;Colisao traseira;Com Vitimas Feridas;Plena noite
1122200;2012-06-12;Terca;20:40:00;RJ;101;314.0;SAO GONCALO;Outras;Colisao traseira;Sem Vitimas;Pleno dia
1122393;2012-06-13;Quarta;06:00:00;RJ;101;322.0;NITEROI;Outras;Atropelamento de pessoa;Com Vitimas Feridas;Amanhecer
1122683;2012-06-13;Quarta;20:14:00;RJ;101;321.0;NITEROI;Outras;Colisao lateral;Sem Vitimas;Plena noite
1122722;2012-06-13;Quarta;12:00:00;RJ;101;321.0;NITEROI;Outras;Colisao lateral;Sem Vitimas;Pleno dia
1122869;2012-06-14;Quinta;07:30:00;RJ;101;322.0;NITEROI;Falta de atencao;Colisao traseira;Sem Vitimas;Pleno dia
1122986;2012-06-14;Quinta;06:20:00;RJ;101;308.0;SAO GONCALO;Outras;Colisao traseira;Sem Vitimas;Amanhecer
1122998;2012-06-14;Quinta;09:40:00;RJ;101;331.0;RIO DE JANEIRO;Outras;Colisao traseira;Sem Vitimas;Pleno dia
1123096;2012-06-14;Quinta;12:30:00;RJ;101;321.0;NITEROI;Falta de atencao;Colisao lateral;Sem Vitimas;Pleno dia
1123211;2012-06-14;Quinta;16:40:00;RJ;101;322.0;NITEROI;Outras;Colisao lateral;Sem Vitimas;Pleno dia
1123235;2012-06-14;Quinta;17:44:00;RJ;101;312.0;SAO GONCALO;Outras;Colisao traseira;Sem Vitimas;Plena noite
1123364;2012-06-14;Quinta;21:00:00;RJ;101;318.0;SAO GONCALO;Falta de atencao;Capotamento;Com Vitimas Feridas;Plena noite
1123451;2012-06-15;Sexta;00:40:00;RJ;101;310.0;SAO GONCALO;Outras;Colisao traseira;Com Vitimas Feridas;Plena noite
1123512;2012-05-30;Quarta;23:00:00;RJ;101;334.0;NITEROI;Ingestao de alcool;Colisao lateral;Sem Vitimas;Plena noite
1123513;2012-06-14;Quinta;19:30:00;RJ;101;321.0;NITEROI;Outras;Colisao lateral;Com Vitimas Feridas;Plena noite
1123514;2012-06-15;Sexta;06:15:00;RJ;101;329.0;RIO DE JANEIRO;Outras;Colisao traseira;Sem Vitimas;Pleno dia
1123584;2012-06-15;Sexta;07:50:00;RJ;101;333.0;RIO DE JANEIRO;Outras;Colisao traseira;Sem Vitimas;Pleno dia
1123696;2012-06-15;Sexta;13:45:00;RJ;101;322.0;NITEROI;Falta de atencao;Colisao traseira;Sem Vitimas;Pleno dia
1123777;2012-06-15;Sexta;16:15:00;RJ;101;322.0;NITEROI;Outras;Colisao lateral;Sem Vitimas;Pleno dia
1123785;2012-06-11;Segunda;05:25:00;RJ;101;321.0;NITEROI;Outras;Saida de Pista;Com Vitimas Feridas;Amanhecer
1123963;2012-05-30;Quarta;14:30:00;RJ;101;322.0;NITEROI;Outras;Colisao lateral;Sem Vitimas;Pleno dia
1123983;2012-06-15;Sexta;22:25:00;RJ;101;322.0;NITEROI;Outras;Colisao lateral;Sem Vitimas;Plena noite
1124201;2012-06-16;Sabado;10:30:00;RJ;101;321.0;NITEROI;Outras;Colisao traseira;Sem Vitimas;Pleno dia
1124589;2012-06-17;Domingo;03:45:00;RJ;101;331.0;RIO DE JANEIRO;Outras;Capotamento;Com Vitimas Feridas;Plena noite
1124615;2012-06-15;Sexta;16:00:00;RJ;101;323.5;NITEROI;Falta de atencao;Colisao traseira;Com Vitimas Feridas;Pleno dia
1124903;2012-06-17;Domingo;17:30:00;RJ;101;314.0;SAO GONCALO;Outras;Colisao lateral;Sem Vitimas;Anoitecer
1125175;2012-06-10;Domingo;17:00:00;RJ;101;333.0;RIO DE JANEIRO;Falta de atencao;Colisao lateral;Sem Vitimas;Pleno dia
1125205;2012-06-14;Quinta;15:30:00;RJ;101;321.0;NITEROI;Falta de atencao;Colisao lateral;Sem Vitimas;Pleno dia
1125239;2012-06-14;Quinta;21:50:00;RJ;101;321.0;NITEROI;Falta de atencao;Colisao traseira;Sem Vitimas;Plena noite
1125313;2012-06-18;Segunda;09:00:00;RJ;101;324.0;NITEROI;Falta de atencao;Colisao traseira;Sem Vitimas;Pleno dia
1125456;2012-06-14;Quinta;19:10:00;RJ;101;322.0;NITEROI;Falta de atencao;Colisao lateral;Sem Vitimas;Plena noite
1125855;2012-05-27;Domingo;11:00:00;RJ;101;316.0;SAO GONCALO;Outras;Colisao traseira;Sem Vitimas;Pleno dia
1125859;2012-05-23;Quarta;17:30:00;RJ;101;305.0;SAO GONCALO;Outras;Colisao traseira;Sem Vitimas;Pleno dia
1125870;2012-06-19;Terca;12:40:00;RJ;101;310.0;SAO GONCALO;Defeito mecanico em veiculo;Queda de motocicleta / bicicleta / veiculo;Com Vitimas Feridas;Pleno dia
1125877;2012-05-19;Sabado;12:15:00;RJ;101;308.0;SAO GONCALO;Outras;Colisao lateral;Sem Vitimas;Pleno dia
1126028;2012-06-19;Terca;18:00:00;RJ;101;322.9;NITEROI;Outras;Colisao traseira;Com Vitimas Feridas;Plena noite
1126029;2012-06-19;Terca;18:00:00;RJ;101;313.0;SAO GONCALO;Falta de atencao;Colisao traseira;Sem Vitimas;Anoitecer
1126045;2012-06-19;Terca;17:30:00;RJ;101;313.0;SAO GONCALO;Outras;Colisao traseira;Sem Vitimas;Plena noite
1126183;2012-06-19;Terca;23:00:00;RJ;101;314.0;SAO GONCALO;Desobediencia a sinalizacao;Queda de motocicleta / bicicleta / veiculo;Com Vitimas Feridas;Plena noite
1126274;2012-05-23;Quarta;14:40:00;RJ;101;315.0;SAO GONCALO;Outras;Colisao lateral;Sem Vitimas;Pleno dia
1126285;2012-06-20;Quarta;06:30:00;RJ;101;303.0;SAO GONCALO;Outras;Atropelamento de animal;Sem Vitimas;Pleno dia
1126295;2012-06-16;Sabado;16:00:00;RJ;101;322.0;NITEROI;Ingestao de alcool;Colisao traseira;Sem Vitimas;Pleno dia
1126300;2012-06-20;Quarta;06:38:00;RJ;101;327.0;NITEROI;Outras;Colisao lateral;Sem Vitimas;Pleno dia
1126379;2012-06-20;Quarta;07:50:00;RJ;101;307.0;SAO GONCALO;Outras;Queda de motocicleta / bicicleta / veiculo;Com Vitimas Feridas;Pleno dia
1126699;2012-06-20;Quarta;19:30:00;RJ;101;307.0;SAO GONCALO;Outras;Colisao traseira;Com Vitimas Feridas;Plena noite
1126732;2012-06-21;Quinta;00:30:00;RJ;101;322.0;NITEROI;Outras;Colisao traseira;Sem Vitimas;Plena noite
1126887;2012-06-19;Terca;18:00:00;RJ;101;316.0;SAO GONCALO;Outras;Colisao traseira;Sem Vitimas;Plena noite
1127127;2012-06-21;Quinta;18:29:00;RJ;101;326.0;NITEROI;Outras;Queda de motocicleta / bicicleta / veiculo;Com Vitimas Feridas;Plena noite
1127173;2012-06-21;Quinta;20:55:00;RJ;101;321.0;NITEROI;Outras;Colisao traseira;Sem Vitimas;Plena noite
1127250;2012-06-22;Sexta;01:00:00;RJ;101;334.0;RIO DE JANEIRO;Dormindo;Colisao com objeto fixo;Sem Vitimas;Plena noite
1127257;2012-06-22;Sexta;01:50:00;RJ;101;332.0;RIO DE JANEIRO;Outras;Colisao traseira;Sem Vitimas;Plena noite
1127358;2012-06-22;Sexta;07:15:00;RJ;101;331.0;RIO DE JANEIRO;Falta de atencao;Colisao traseira;Com Vitimas Feridas;Pleno dia
1127439;2012-06-22;Sexta;13:29:00;RJ;101;333.0;RIO DE JANEIRO;Falta de atencao;Colisao traseira;Com Vitimas Feridas;Pleno dia
1127619;2012-06-22;Sexta;17:15:00;RJ;101;318.0;SAO GONCALO;Nao guardar distancia de seguranca;Colisao traseira;Sem Vitimas;Anoitecer
1127636;2012-06-22;Sexta;19:00:00;RJ;101;327.0;NITEROI;Falta de atencao;Colisao traseira;Sem Vitimas;Plena noite
1127650;2012-06-22;Sexta;19:55:00;RJ;101;325.0;NITEROI;Outras;Colisao lateral;Sem Vitimas;Plena noite
1127823;2012-06-23;Sabado;05:30:00;RJ;101;320.0;NITEROI;Velocidade incompativel;Colisao traseira;Sem Vitimas;Plena noite
1127953;2012-06-23;Sabado;12:07:00;RJ;101;333.0;RIO DE JANEIRO;Falta de atencao;Colisao traseira;Sem Vitimas;Pleno dia
1127995;2012-06-23;Sabado;11:31:00;RJ;101;327.0;NITEROI;Outras;Colisao traseira;Sem Vitimas;Pleno dia
1128008;2012-06-23;Sabado;15:55:00;RJ;101;311.0;SAO GONCALO;Outras;Colisao com objeto fixo;Sem Vitimas;Pleno dia
1128022;2012-06-23;Sabado;15:56:00;RJ;101;322.0;NITEROI;Nao guardar distancia de seguranca;Colisao traseira;Sem Vitimas;Pleno dia
1128029;2012-06-23;Sabado;15:50:00;RJ;101;321.0;NITEROI;Outras;Colisao traseira;Sem Vitimas;Pleno dia
1128042;2012-06-23;Sabado;16:30:00;RJ;101;313.0;SAO GONCALO;Outras;Colisao com bicicleta;Com Vitimas Feridas;Pleno dia
1128067;2012-06-23;Sabado;16:40:00;RJ;101;322.0;NITEROI;Outras;Colisao traseira;Sem Vitimas;Pleno dia
1128204;2012-06-24;Domingo;01:55:00;RJ;101;321.0;NITEROI;Defeito mecanico em veiculo;Saida de Pista;Sem Vitimas;Plena noite
1128285;2012-06-20;Quarta;18:00:00;RJ;101;307.0;SAO GONCALO;Outras;Colisao com objeto fixo;Sem Vitimas;Plena noite
1128315;2012-06-20;Quarta;05:00:00;RJ;101;311.0;SAO GONCALO;Outras;Saida de Pista;Sem Vitimas;Amanhecer
1128332;2012-06-24;Domingo;07:30:00;RJ;101;322.0;NITEROI;Falta de atencao;Colisao traseira;Com Vitimas Feridas;Pleno dia
1128417;2012-06-24;Domingo;14:00:00;RJ;101;312.0;SAO GONCALO;Dormindo;Saida de Pista;Sem Vitimas;Pleno dia
1128468;2012-06-24;Domingo;11:00:00;RJ;101;311.0;SAO GONCALO;Outras;Colisao traseira;Sem Vitimas;Pleno dia
1128628;2012-06-24;Domingo;23:34:00;RJ;101;312.0;SAO GONCALO;Outras;Colisao lateral;Sem Vitimas;Plena noite
1128733;2012-06-25;Segunda;08:30:00;RJ;101;322.0;NITEROI;Outras;Colisao traseira;Sem Vitimas;Pleno dia
1128836;2012-06-25;Segunda;10:55:00;RJ;101;331.0;RIO DE JANEIRO;Outras;Colisao traseira;Sem Vitimas;Pleno dia
1128856;2012-06-22;Sexta;00:12:00;RJ;101;334.0;RIO DE JANEIRO;Outras;Colisao com objeto fixo;Com Vitimas Feridas;Plena noite
1128941;2012-06-25;Segunda;13:48:00;RJ;101;320.0;NITEROI;Outras;Colisao traseira;Sem Vitimas;Pleno dia
1128985;2012-06-25;Segunda;14:25:00;RJ;101;330.0;RIO DE JANEIRO;Outras;Queda de motocicleta / bicicleta / veiculo;Com Vitimas Feridas;Pleno dia
1128997;2012-06-25;Segunda;07:30:00;RJ;101;329.0;NITEROI;Outras;Colisao traseira;Com Vitimas Feridas;Pleno dia
1129240;2012-06-26;Terca;00:45:00;RJ;101;322.0;NITEROI;Velocidade incompativel;Danos Eventuais;Sem Vitimas;Plena noite
1129434;2012-06-26;Terca;09:40:00;RJ;101;324.0;NITEROI;Falta de atencao;Colisao traseira;Sem Vitimas;Pleno dia
1129597;2012-06-26;Terca;18:30:00;RJ;101;320.0;NITEROI;Outras;Colisao traseira;Sem Vitimas;Plena noite
1129697;2012-06-23;Sabado;03:30:00;RJ;101;320.5;NITEROI;Outras;Colisao com objeto fixo;Ignorado;Plena noite
1129709;2012-06-26;Terca;21:50:00;RJ;101;325.0;NITEROI;Outras;Colisao com objeto movel;Sem Vitimas;Plena noite
1130103;2012-06-27;Quarta;06:40:00;RJ;101;319.0;NITEROI;Falta de atencao;Colisao traseira;Sem Vitimas;Pleno dia
1130161;2012-06-27;Quarta;06:31:00;RJ;101;319.0;SAO GONCALO;Dormindo;Colisao traseira;Sem Vitimas;Pleno dia
1130285;2012-06-27;Quarta;23:31:00;RJ;101;325.0;NITEROI;Falta de atencao;Colisao traseira;Com Vitimas Feridas;Plena noite
1130396;2012-06-28;Quinta;07:40:00;RJ;101;321.5;NITEROI;Outras;Colisao traseira;Sem Vitimas;Pleno dia
1130408;2012-06-24;Domingo;14:40:00;RJ;101;325.0;NITEROI;Outras;Colisao traseira;Sem Vitimas;Pleno dia
1130421;2012-06-20;Quarta;19:00:00;RJ;101;321.5;NITEROI;Nao guardar distancia de seguranca;Colisao traseira;Sem Vitimas;Plena noite
1130758;2012-06-27;Quarta;19:25:00;RJ;101;332.0;RIO DE JANEIRO;Falta de atencao;Colisao traseira;Com Vitimas Feridas;Plena noite
1130991;2012-06-29;Sexta;08:20:00;RJ;101;320.0;NITEROI;Outras;Colisao traseira;Sem Vitimas;Pleno dia
1131165;2012-06-29;Sexta;14:10:00;RJ;101;320.0;NITEROI;Outras;Colisao traseira;Sem Vitimas;Pleno dia
1131201;2012-06-29;Sexta;16:55:00;RJ;101;322.0;NITEROI;Outras;Colisao lateral;Sem Vitimas;Pleno dia
1131255;2012-06-29;Sexta;18:30:00;RJ;101;319.0;NITEROI;Outras;Colisao lateral;Sem Vitimas;Plena noite
1131317;2012-06-29;Sexta;17:50:00;RJ;101;300.0;SAO GONCALO;Outras;Colisao traseira;Sem Vitimas;Plena noite
1131484;2012-06-30;Sabado;04:56:00;RJ;101;322.0;NITEROI;Outras;Colisao com objeto fixo;Com Vitimas Feridas;Plena noite
1131533;2012-06-30;Sabado;06:00:00;RJ;101;315.0;SAO GONCALO;Outras;Atropelamento de pessoa;Com Vitimas Fatais;Amanhecer
1131562;2012-06-30;Sabado;07:10:00;RJ;101;306.0;SAO GONCALO;Outras;Colisao traseira;Sem Vitimas;Pleno dia
1131586;2012-06-30;Sabado;07:40:00;RJ;101;315.8;SAO GONCALO;Falta de atencao;Colisao traseira;Sem Vitimas;Pleno dia
1131603;2012-06-27;Quarta;07:40:00;RJ;101;309.9;SAO GONCALO;Outras;Atropelamento de pessoa;Com Vitimas Feridas;Pleno dia
1131608;2012-06-30;Sabado;10:15:00;RJ;101;315.0;SAO GONCALO;Falta de atencao;Colisao lateral;Com Vitimas Feridas;Pleno dia
1131668;2012-06-30;Sabado;13:00:00;RJ;101;323.0;NITEROI;Falta de atencao;Colisao traseira;Sem Vitimas;Pleno dia
1131677;2012-06-30;Sabado;13:00:00;RJ;101;323.0;NITEROI;Falta de atencao;Colisao traseira;Sem Vitimas;Pleno dia
1131749;2012-06-30;Sabado;16:00:00;RJ;101;326.0;NITEROI;Outras;Colisao lateral;Sem Vitimas;Pleno dia
1131785;2012-06-30;Sabado;18:20:00;RJ;101;322.0;NITEROI;Outras;Colisao traseira;Sem Vitimas;Plena noite
1131830;2012-06-30;Sabado;08:40:00;RJ;101;313.0;SAO GONCALO;Outras;Colisao traseira;Sem Vitimas;Pleno dia
1132021;2012-07-01;Domingo;08:43:00;RJ;101;322.0;NITEROI;Outras;Colisao com objeto fixo;Sem Vitimas;Pleno dia
1132040;2012-06-24;Domingo;23:30:00;RJ;101;333.0;RIO DE JANEIRO;Defeito mecanico em veiculo;Colisao traseira;Sem Vitimas;Plena noite
1132078;2012-07-01;Domingo;12:25:00;RJ;101;322.0;NITEROI;Falta de atencao;Colisao traseira;Sem Vitimas;Pleno dia
1132321;2012-07-01;Domingo;23:05:00;RJ;101;329.0;RIO DE JANEIRO;Outras;Colisao lateral;Sem Vitimas;Plena noite
1132606;2012-07-02;Segunda;13:10:00;RJ;101;328.0;NITEROI;Falta de atencao;Colisao traseira;Com Vitimas Feridas;Pleno dia
1132658;2012-07-02;Segunda;15:20:00;RJ;101;306.0;SAO GONCALO;Outras;Colisao traseira;Sem Vitimas;Pleno dia
1132829;2012-07-02;Segunda;19:30:00;RJ;101;318.0;SAO GONCALO;Outras;Colisao traseira;Sem Vitimas;Plena noite
1132845;2012-07-02;Segunda;19:40:00;RJ;101;312.0;SAO GONCALO;Falta de atencao;Colisao traseira;Sem Vitimas;Plena noite
1132952;2012-06-27;Quarta;09:10:00;RJ;101;329.0;NITEROI;Falta de atencao;Colisao traseira;Com Vitimas Feridas;Pleno dia
1132972;2012-07-02;Segunda;05:50:00;RJ;101;322.0;NITEROI;Outras;Colisao traseira;Sem Vitimas;Amanhecer
1132977;2012-07-02;Segunda;12:28:00;RJ;101;332.1;RIO DE JANEIRO;Outras;Colisao traseira;Sem Vitimas;Pleno dia
1132992;2012-07-02;Segunda;20:45:00;RJ;101;320.0;NITEROI;Outras;Colisao lateral;Sem Vitimas;Plena noite
1133601;2012-07-04;Quarta;09:40:00;RJ;101;331.0;RIO DE JANEIRO;Outras;Colisao traseira;Sem Vitimas;Pleno dia
1133610;2012-06-30;Sabado;05:00:00;RJ;101;308.0;SAO GONCALO;Outras;Capotamento;Com Vitimas Fatais;Plena noite
1133745;2012-07-04;Quarta;15:30:00;RJ;101;322.0;NITEROI;Outras;Colisao lateral;Sem Vitimas;Pleno dia
1133875;2012-07-04;Quarta;19:00:00;RJ;101;322.0;NITEROI;Outras;Colisao traseira;Sem Vitimas;Plena noite
1134024;2012-07-05;Quinta;08:06:00;RJ;101;321.0;NITEROI;Falta de atencao;Colisao traseira;Sem Vitimas;Pleno dia
1134062;2012-06-27;Quarta;16:15:00;RJ;101;333.0;RIO DE JANEIRO;Outras;Colisao traseira;Sem Vitimas;Pleno dia
1134187;2012-07-05;Quinta;14:00:00;RJ;101;317.0;SAO GONCALO;Outras;Colisao traseira;Sem Vitimas;Pleno dia
1134204;2012-07-05;Quinta;14:59:00;RJ;101;333.0;RIO DE JANEIRO;Nao guardar distancia de seguranca;Colisao traseira;Sem Vitimas;Pleno dia
1134285;2012-07-05;Quinta;19:00:00;RJ;101;299.0;SAO GONCALO;Outras;Colisao com objeto fixo;Sem Vitimas;Plena noite
1134378;2012-07-05;Quinta;11:31:00;RJ;101;327.0;RIO DE JANEIRO;Outras;Colisao traseira;Com Vitimas Feridas;Pleno dia
1134608;2012-07-06;Sexta;07:40:00;RJ;101;319.0;SAO GONCALO;Outras;Colisao traseira;Sem Vitimas;Pleno dia
1134653;2012-07-06;Sexta;13:40:00;RJ;101;333.0;NITEROI;Outras;Colisao traseira;Sem Vitimas;Pleno dia
1134926;2012-07-06;Sexta;16:45:00;RJ;101;308.0;SAO GONCALO;Falta de atencao;Colisao traseira;Sem Vitimas;Pleno dia
1135215;2012-07-07;Sabado;10:25:00;RJ;101;318.0;SAO GONCALO;Outras;Colisao traseira;Sem Vitimas;Pleno dia
1135316;2012-07-07;Sabado;15:00:00;RJ;101;304.0;SAO GONCALO;Desobediencia a sinalizacao;Saida de Pista;Sem Vitimas;Pleno dia
1135319;2012-07-07;Sabado;14:00:00;RJ;101;331.0;RIO DE JANEIRO;Outras;Colisao lateral;Sem Vitimas;Pleno dia
1135326;2012-07-07;Sabado;13:20:00;RJ;101;331.0;RIO DE JANEIRO;Outras;Colisao lateral;Com Vitimas Feridas;Pleno dia
1135460;2012-07-07;Sabado;18:30:00;RJ;101;319.0;SAO GONCALO;Outras;Colisao traseira;Sem Vitimas;Plena noite
1135480;2012-07-07;Sabado;18:31:00;RJ;101;319.0;SAO GONCALO;Outras;Colisao traseira;Sem Vitimas;Plena noite
1135792;2012-07-08;Domingo;08:50:00;RJ;101;318.0;SAO GONCALO;Ingestao de alcool;Colisao com objeto fixo;Com Vitimas Feridas;Pleno dia
1135898;2012-07-08;Domingo;14:30:00;RJ;101;318.0;SAO GONCALO;Defeito na via;Saida de Pista;Sem Vitimas;Pleno dia
1135916;2012-07-08;Domingo;13:20:00;RJ;101;307.8;SAO GONCALO;Falta de atencao;Colisao traseira;Sem Vitimas;Pleno dia
1135974;2012-07-08;Domingo;18:15:00;RJ;101;331.0;RIO DE JANEIRO;Outras;Colisao traseira;Sem Vitimas;Plena noite
1136000;2012-07-08;Domingo;18:20:00;RJ;101;313.0;SAO GONCALO;Desobediencia a sinalizacao;Colisao traseira;Sem Vitimas;Plena noite
1136087;2012-07-08;Domingo;23:10:00;RJ;101;322.0;NITEROI;Outras;Colisao lateral;Sem Vitimas;Plena noite
1136820;2012-07-06;Sexta;15:30:00;RJ;101;322.0;NITEROI;Outras;Colisao lateral;Sem Vitimas;Pleno dia
1137027;2012-07-10;Terca;19:00:00;RJ;101;321.0;NITEROI;Falta de atencao;Colisao traseira;Sem Vitimas;Plena noite
1137157;2012-07-10;Terca;14:10:00;RJ;101;314.0;SAO GONCALO;Falta de atencao;Colisao lateral;Com Vitimas Feridas;Pleno dia
1137258;2012-07-07;Sabado;07:20:00;RJ;101;333.0;RIO DE JANEIRO;Outras;Colisao traseira;Com Vitimas Feridas;Pleno dia
1137288;2012-07-11;Quarta;07:30:00;RJ;101;322.0;NITEROI;Outras;Colisao traseira;Sem Vitimas;Pleno dia
1137374;2012-07-11;Quarta;10:00:00;RJ;101;313.0;SAO GONCALO;Outras;Colisao traseira;Sem Vitimas;Pleno dia
1137387;2012-07-11;Quarta;07:20:00;RJ;101;320.0;NITEROI;Outras;Colisao lateral;Com Vitimas Feridas;Pleno dia
1137407;2012-07-07;Sabado;18:39:00;RJ;101;323.0;NITEROI;Outras;Colisao traseira;Sem Vitimas;Anoitecer
1137453;2012-07-06;Sexta;18:24:00;RJ;101;330.0;RIO DE JANEIRO;Outras;Colisao traseira;Sem Vitimas;Plena noite
1137534;2012-07-11;Quarta;15:48:00;RJ;101;329.0;RIO DE JANEIRO;Outras;Colisao lateral;Sem Vitimas;Pleno dia
1137561;2012-07-11;Quarta;17:20:00;RJ;101;321.0;NITEROI;Outras;Colisao traseira;Sem Vitimas;Anoitecer
1137578;2012-07-11;Quarta;17:40:00;RJ;101;322.0;NITEROI;Outras;Colisao com objeto fixo;Sem Vitimas;Plena noite
1137621;2012-07-11;Quarta;18:45:00;RJ;101;321.0;NITEROI;Outras;Queda de motocicleta / bicicleta / veiculo;Com Vitimas Feridas;Plena noite
1137672;2012-07-11;Quarta;21:00:00;RJ;101;312.0;SAO GONCALO;Outras;Colisao traseira;Sem Vitimas;Plena noite
1137713;2012-07-11;Quarta;17:00:00;RJ;101;309.0;SAO GONCALO;Outras;Colisao traseira;Sem Vitimas;Pleno dia
1137825;2012-07-12;Quinta;06:50:00;RJ;101;321.0;NITEROI;Outras;Colisao traseira;Sem Vitimas;Pleno dia
1138070;2012-07-12;Quinta;16:55:00;RJ;101;322.0;NITEROI;Outras;Colisao lateral;Sem Vitimas;Anoitecer
1138099;2012-07-12;Quinta;17:20:00;RJ;101;320.0;NITEROI;Outras;Colisao traseira;Sem Vitimas;Anoitecer
1138109;2012-07-12;Quinta;17:50:00;RJ;101;314.0;SAO GONCALO;Outras;Colisao lateral;Sem Vitimas;Anoitecer
1138178;2012-07-12;Quinta;20:45:00;RJ;101;327.0;NITEROI;Outras;Colisao traseira;Sem Vitimas;Plena noite
1138185;2012-07-05;Quinta;13:30:00;RJ;101;320.0;NITEROI;Nao guardar distancia de seguranca;Colisao traseira;Com Vitimas Feridas;Pleno dia
1138255;2012-07-12;Quinta;22:40:00;RJ;101;332.5;RIO DE JANEIRO;Defeito mecanico em veiculo;Colisao com objeto movel;Sem Vitimas;Plena noite
1138382;2012-07-13;Sexta;07:30:00;RJ;101;318.0;SAO GONCALO;Outras;Colisao lateral;Com Vitimas Feridas;Pleno dia
1138531;2012-07-13;Sexta;15:15:00;RJ;101;322.0;NITEROI;Falta de atencao;Colisao lateral;Sem Vitimas;Pleno dia
1138595;2012-07-10;Terca;19:00:00;RJ;101;327.1;RIO DE JANEIRO;Outras;Colisao traseira;Sem Vitimas;Plena noite
1138613;2012-07-10;Terca;17:20:00;RJ;101;330.1;RIO DE JANEIRO;Outras;Colisao traseira;Sem Vitimas;Anoitecer
1138623;2012-07-10;Terca;14:10:00;RJ;101;322.0;NITEROI;Falta de atencao;Colisao com objeto fixo;Sem Vitimas;Pleno dia
1138684;2012-07-13;Sexta;18:20:00;RJ;101;318.0;SAO GONCALO;Outras;Colisao traseira;Sem Vitimas;Plena noite
1138737;2012-07-13;Sexta;14:20:00;RJ;101;312.0;SAO GONCALO;Animais na Pista;Colisao traseira;Sem Vitimas;Pleno dia
1138994;2012-07-13;Sexta;17:18:00;RJ;101;322.0;NITEROI;Outras;Queda de motocicleta / bicicleta / veiculo;Com Vitimas Feridas;Anoitecer
1139370;2012-07-15;Domingo;02:30:00;RJ;101;313.0;SAO GONCALO;Falta de atencao;Tombamento;Com Vitimas Feridas;Plena noite
1139655;2012-07-15;Domingo;18:00:00;RJ;101;322.0;NITEROI;Outras;Colisao traseira;Sem Vitimas;Anoitecer
1139702;2012-07-15;Domingo;18:40:00;RJ;101;322.0;NITEROI;Outras;Colisao traseira;Com Vitimas Feridas;Plena noite
1139730;2012-07-15;Domingo;20:00:00;RJ;101;324.0;NITEROI;Outras;Colisao traseira;Sem Vitimas;Plena noite
1139755;2012-07-05;Quinta;19:30:00;RJ;101;322.0;NITEROI;Falta de atencao;Colisao traseira;Sem Vitimas;Plena noite
1139775;2012-07-05;Quinta;08:00:00;RJ;101;327.0;NITEROI;Outras;Colisao lateral;Sem Vitimas;Pleno dia
1139798;2012-07-15;Domingo;22:00:00;RJ;101;309.0;SAO GONCALO;Outras;Saida de Pista;Sem Vitimas;Plena noite
1139922;2012-07-16;Segunda;05:30:00;RJ;101;299.0;SAO GONCALO;Outras;Saida de Pista;Sem Vitimas;Amanhecer
1139927;2012-07-14;Sabado;22:45:00;RJ;101;322.0;NITEROI;Outras;Colisao lateral;Sem Vitimas;Plena noite
1139933;2012-07-16;Segunda;06:10:00;RJ;101;331.0;RIO DE JANEIRO;Outras;Colisao traseira;Sem Vitimas;Pleno dia
1139942;2012-07-14;Sabado;19:30:00;RJ;101;321.0;NITEROI;Outras;Colisao traseira;Sem Vitimas;Plena noite
1140412;2012-07-12;Quinta;11:30:00;RJ;101;305.0;SAO GONCALO;Outras;Colisao lateral;Sem Vitimas;Pleno dia
1140426;2012-07-06;Sexta;19:55:00;RJ;101;320.0;NITEROI;Outras;Colisao traseira;Sem Vitimas;Plena noite
1140457;2012-07-06;Sexta;15:00:00;RJ;101;322.0;NITEROI;Outras;Colisao traseira;Sem Vitimas;Pleno dia
1140463;2012-07-14;Sabado;14:30:00;RJ;101;323.0;NITEROI;Nao guardar distancia de seguranca;Colisao traseira;Sem Vitimas;Pleno dia
1140510;2012-07-17;Terca;05:50:00;RJ;101;312.0;SAO GONCALO;Outras;Queda de motocicleta / bicicleta / veiculo;Com Vitimas Feridas;Amanhecer
1140648;2012-07-05;Quinta;18:45:00;RJ;101;321.0;NITEROI;Outras;Colisao lateral;Sem Vitimas;Plena noite
1140795;2012-07-17;Terca;07:55:00;RJ;101;328.0;RIO DE JANEIRO;Outras;Colisao traseira;Sem Vitimas;Pleno dia
1140992;2012-07-09;Segunda;08:30:00;RJ;101;333.0;NITEROI;Outras;Colisao traseira;Sem Vitimas;Pleno dia
1141231;2012-07-06;Sexta;22:30:00;RJ;101;321.2;NITEROI;Outras;Colisao traseira;Sem Vitimas;Plena noite
1141353;2012-07-14;Sabado;09:00:00;RJ;101;323.0;NITEROI;Falta de atencao;Colisao traseira;Sem Vitimas;Pleno dia
1141379;2012-07-14;Sabado;15:30:00;RJ;101;322.0;NITEROI;Outras;Colisao traseira;Sem Vitimas;Pleno dia
1141820;2012-07-19;Quinta;10:45:00;RJ;101;322.0;NITEROI;Outras;Colisao traseira;Sem Vitimas;Pleno dia
1142001;2012-07-19;Quinta;17:49:00;RJ;101;322.0;NITEROI;Outras;Colisao lateral;Sem Vitimas;Anoitecer
1142042;2012-07-19;Quinta;18:40:00;RJ;101;322.0;NITEROI;Outras;Colisao lateral;Sem Vitimas;Plena noite
1142114;2012-07-19;Quinta;20:30:00;RJ;101;334.0;RIO DE JANEIRO;Outras;Colisao traseira;Sem Vitimas;Plena noite
1142122;2012-07-19;Quinta;20:20:00;RJ;101;332.0;RIO DE JANEIRO;Outras;Colisao traseira;Sem Vitimas;Plena noite
1142162;2012-07-19;Quinta;19:00:00;RJ;101;307.0;SAO GONCALO;Outras;Colisao com objeto movel;Com Vitimas Feridas;Plena noite
1142209;2012-07-20;Sexta;02:50:00;RJ;101;322.0;NITEROI;Outras;Colisao traseira;Com Vitimas Feridas;Plena noite
1142243;2012-07-16;Segunda;16:50:00;RJ;101;327.0;RIO DE JANEIRO;Outras;Colisao traseira;Sem Vitimas;Pleno dia
1142258;2012-07-20;Sexta;07:20:00;RJ;101;328.0;RIO DE JANEIRO;Outras;Colisao traseira;Sem Vitimas;Amanhecer
1142272;2012-07-20;Sexta;07:20:00;RJ;101;327.0;RIO DE JANEIRO;Outras;Colisao lateral;Sem Vitimas;Pleno dia
1142317;2012-07-20;Sexta;10:00:00;RJ;101;314.0;SAO GONCALO;Falta de atencao;Colisao traseira;Sem Vitimas;Pleno dia
1142326;2012-07-20;Sexta;08:15:00;RJ;101;314.0;SAO GONCALO;Nao guardar distancia de seguranca;Colisao traseira;Com Vitimas Feridas;Pleno dia
1142330;2012-07-20;Sexta;09:05:00;RJ;101;304.0;SAO GONCALO;Defeito mecanico em veiculo;Incendio;Sem Vitimas;Pleno dia
1142377;2012-07-20;Sexta;11:00:00;RJ;101;322.0;NITEROI;Outras;Colisao traseira;Sem Vitimas;Pleno dia
1142402;2012-07-20;Sexta;11:50:00;RJ;101;323.0;NITEROI;Outras;Colisao traseira;Sem Vitimas;Pleno dia
1142474;2012-07-20;Sexta;15:00:00;RJ;101;327.0;RIO DE JANEIRO;Outras;Colisao traseira;Sem Vitimas;Pleno dia
1142625;2012-07-20;Sexta;17:30:00;RJ;101;318.5;SAO GONCALO;Outras;Colisao traseira;Sem Vitimas;Anoitecer
1142672;2012-07-20;Sexta;18:50:00;RJ;101;330.0;RIO DE JANEIRO;Outras;Colisao traseira;Sem Vitimas;Plena noite
1142705;2012-07-20;Sexta;18:15:00;RJ;101;322.0;NITEROI;Falta de atencao;Colisao lateral;Sem Vitimas;Plena noite
1142771;2012-07-20;Sexta;22:40:00;RJ;101;333.0;RIO DE JANEIRO;Outras;Colisao lateral;Sem Vitimas;Plena noite
1142891;2012-07-17;Terca;23:15:00;RJ;101;316.0;SAO GONCALO;Outras;Colisao traseira;Sem Vitimas;Plena noite
1142945;2012-07-21;Sabado;10:20:00;RJ;101;322.0;NITEROI;Falta de atencao;Colisao traseira;Sem Vitimas;Pleno dia
1142999;2012-07-21;Sabado;13:30:00;RJ;101;322.0;NITEROI;Nao guardar distancia de seguranca;Colisao lateral;Sem Vitimas;Pleno dia
1143051;2012-07-21;Sabado;14:45:00;RJ;101;324.0;NITEROI;Nao guardar distancia de seguranca;Colisao traseira;Sem Vitimas;Pleno dia
1143139;2012-07-21;Sabado;16:40:00;RJ;101;322.0;NITEROI;Nao guardar distancia de seguranca;Colisao traseira;Sem Vitimas;Pleno dia
1143425;2012-07-14;Sabado;11:20:00;RJ;101;322.0;NITEROI;Falta de atencao;Queda de motocicleta / bicicleta / veiculo;Sem Vitimas;Pleno dia
1143593;2012-07-22;Domingo;15:00:00;RJ;101;312.0;SAO GONCALO;Outras;Colisao traseira;Sem Vitimas;Pleno dia
1143722;2012-07-22;Domingo;19:20:00;RJ;101;319.0;SAO GONCALO;Outras;Colisao lateral;Sem Vitimas;Plena noite
1143869;2012-07-22;Domingo;18:20:00;RJ;101;302.0;SAO GONCALO;Outras;Colisao com bicicleta;Com Vitimas Feridas;Anoitecer
1143888;2012-07-19;Quinta;22:00:00;RJ;101;304.0;SAO GONCALO;Outras;Colisao lateral;Sem Vitimas;Plena noite
1144045;2012-07-23;Segunda;12:30:00;RJ;101;308.0;SAO GONCALO;Outras;Colisao traseira;Sem Vitimas;Pleno dia
1144163;2012-07-23;Segunda;16:45:00;RJ;101;327.0;NITEROI;Outras;Colisao com objeto fixo;Sem Vitimas;Pleno dia
1144183;2012-07-18;Quarta;21:07:00;RJ;101;325.0;NITEROI;Outras;Colisao traseira;Sem Vitimas;Plena noite
1144197;2012-07-23;Segunda;17:30:00;RJ;101;321.0;NITEROI;Outras;Colisao traseira;Sem Vitimas;Anoitecer
1144203;2012-07-23;Segunda;18:30:00;RJ;101;312.0;SAO GONCALO;Outras;Colisao traseira;Sem Vitimas;Plena noite
1144204;2012-07-18;Quarta;18:36:00;RJ;101;324.1;NITEROI;Outras;Danos Eventuais;Sem Vitimas;Plena noite
1144205;2012-07-23;Segunda;18:50:00;RJ;101;327.0;NITEROI;Falta de atencao;Colisao traseira;Sem Vitimas;Plena noite
1144243;2012-07-23;Segunda;19:20:00;RJ;101;310.0;SAO GONCALO;Outras;Colisao traseira;Sem Vitimas;Plena noite
1144295;2012-07-23;Segunda;10:20:00;RJ;101;321.0;NITEROI;Outras;Colisao traseira;Sem Vitimas;Pleno dia
1144382;2012-07-20;Sexta;19:50:00;RJ;101;307.0;SAO GONCALO;Desobediencia a sinalizacao;Colisao frontal;Com Vitimas Fatais;Plena noite
1144386;2012-07-24;Terca;05:50:00;RJ;101;314.0;SAO GONCALO;Outras;Colisao traseira;Sem Vitimas;Amanhecer
1144570;2012-07-21;Sabado;22:20:00;RJ;101;328.0;NITEROI;Outras;Colisao traseira;Com Vitimas Feridas;Plena noite
1144584;2012-07-24;Terca;13:38:00;RJ;101;333.0;RIO DE JANEIRO;Outras;Colisao traseira;Sem Vitimas;Pleno dia
1144723;2012-07-24;Terca;18:00:00;RJ;101;328.0;NITEROI;Outras;Colisao traseira;Sem Vitimas;Plena noite
1144771;2012-07-24;Terca;19:06:00;RJ;101;326.0;NITEROI;Falta de atencao;Colisao traseira;Com Vitimas Feridas;Plena noite
1144793;2012-07-24;Terca;19:40:00;RJ;101;321.0;NITEROI;Outras;Colisao traseira;Sem Vitimas;Plena noite
1144823;2012-07-24;Terca;13:50:00;RJ;101;313.0;SAO GONCALO;Falta de atencao;Colisao lateral;Sem Vitimas;Pleno dia
1144850;2012-07-24;Terca;22:40:00;RJ;101;320.0;NITEROI;Outras;Colisao traseira;Sem Vitimas;Plena noite
1144857;2012-07-24;Terca;23:35:00;RJ;101;319.0;SAO GONCALO;Outras;Saida de Pista;Sem Vitimas;Plena noite
1144900;2012-07-25;Quarta;03:00:00;RJ;101;307.0;SAO GONCALO;Outras;Colisao lateral;Sem Vitimas;Plena noite
1144904;2012-07-24;Terca;16:00:00;RJ;101;319.0;SAO GONCALO;Outras;Tombamento;Com Vitimas Feridas;Pleno dia
1144923;2012-07-25;Quarta;05:30:00;RJ;101;326.0;RIO DE JANEIRO;Outras;Colisao traseira;Sem Vitimas;Amanhecer
1145012;2012-07-25;Quarta;08:30:00;RJ;101;318.0;SAO GONCALO;Falta de atencao;Colisao traseira;Com Vitimas Feridas;Pleno dia
1145130;2012-07-25;Quarta;02:30:00;RJ;101;307.0;SAO GONCALO;Outras;Colisao traseira;Sem Vitimas;Plena noite
1145323;2012-07-25;Quarta;14:30:00;RJ;101;334.0;RIO DE JANEIRO;Outras;Queda de motocicleta / bicicleta / veiculo;Com Vitimas Feridas;Pleno dia
1145555;2012-07-18;Quarta;23:37:00;RJ;101;310.0;SAO GONCALO;Outras;Colisao com objeto fixo;Com Vitimas Feridas;Pleno dia
1145566;2012-07-26;Quinta;07:30:00;RJ;101;319.0;SAO GONCALO;Outras;Colisao com objeto fixo;Sem Vitimas;Pleno dia
1145592;2012-07-23;Segunda;00:27:00;RJ;101;321.5;NITEROI;Ultrapassagem indevida;Colisao com objeto fixo;Sem Vitimas;Plena noite
1145640;2012-07-22;Domingo;00:15:00;RJ;101;329.0;RIO DE JANEIRO;Outras;Colisao traseira;Sem Vitimas;Plena noite
1145654;2012-07-26;Quinta;15:00:00;RJ;101;308.0;SAO GONCALO;Outras;Saida de Pista;Sem Vitimas;Pleno dia
1145922;2012-07-27;Sexta;02:20:00;RJ;101;301.0;SAO GONCALO;Outras;Saida de Pista;Sem Vitimas;Plena noite
1146098;2012-07-27;Sexta;07:30:00;RJ;101;318.0;SAO GONCALO;Outras;Colisao lateral;Com Vitimas Feridas;Pleno dia
1146170;2012-07-27;Sexta;12:00:00;RJ;101;332.0;RIO DE JANEIRO;Outras;Colisao traseira;Sem Vitimas;Pleno dia
1146215;2012-07-27;Sexta;11:18:00;RJ;101;330.0;RIO DE JANEIRO;Outras;Colisao lateral;Com Vitimas Feridas;Pleno dia
1146283;2012-07-27;Sexta;16:20:00;RJ;101;334.0;RIO DE JANEIRO;Outras;Colisao lateral;Sem Vitimas;Pleno dia
1146423;2012-07-27;Sexta;22:50:00;RJ;101;312.0;SAO GONCALO;Outras;Colisao traseira;Sem Vitimas;Plena noite
1146602;2012-07-28;Sabado;09:30:00;RJ;101;327.0;NITEROI;Outras;Colisao lateral;Sem Vitimas;Pleno dia
1146634;2012-07-28;Sabado;13:00:00;RJ;101;323.0;NITEROI;Outras;Colisao traseira;Sem Vitimas;Pleno dia
1146641;2012-07-28;Sabado;12:40:00;RJ;101;326.0;NITEROI;Outras;Colisao lateral;Sem Vitimas;Pleno dia
1146655;2012-07-28;Sabado;14:00:00;RJ;101;309.0;SAO GONCALO;Falta de atencao;Colisao traseira;Sem Vitimas;Pleno dia
1146676;2012-07-28;Sabado;14:30:00;RJ;101;322.0;NITEROI;Nao guardar distancia de seguranca;Colisao traseira;Sem Vitimas;Pleno dia
1146685;2012-07-28;Sabado;15:15:00;RJ;101;323.0;NITEROI;Outras;Colisao traseira;Sem Vitimas;Pleno dia
1146707;2012-07-22;Domingo;18:35:00;RJ;101;323.0;NITEROI;Nao guardar distancia de seguranca;Colisao traseira;Sem Vitimas;Plena noite
1146752;2012-07-28;Sabado;16:50:00;RJ;101;300.0;SAO GONCALO;Outras;Atropelamento de pessoa;Com Vitimas Feridas;Pleno dia
1146825;2012-07-28;Sabado;18:40:00;RJ;101;323.0;NITEROI;Outras;Colisao lateral;Sem Vitimas;Plena noite
1146884;2012-07-28;Sabado;20:30:00;RJ;101;333.0;RIO DE JANEIRO;Outras;Colisao lateral;Sem Vitimas;Plena noite
1147006;2012-07-29;Domingo;04:45:00;RJ;101;309.0;SAO GONCALO;Dormindo;Saida de Pista;Sem Vitimas;Plena noite
1147232;2012-07-29;Domingo;16:05:00;RJ;101;320.0;NITEROI;Falta de atencao;Colisao traseira;Sem Vitimas;Pleno dia
1147265;2012-07-26;Quinta;18:38:00;RJ;101;322.0;NITEROI;Outras;Colisao traseira;Sem Vitimas;Anoitecer
1147303;2012-07-29;Domingo;18:40:00;RJ;101;312.0;SAO GONCALO;Falta de atencao;Colisao traseira;Sem Vitimas;Plena noite
1147305;2012-07-29;Domingo;18:35:00;RJ;101;312.0;SAO GONCALO;Outras;Colisao lateral;Sem Vitimas;Anoitecer
1147358;2012-07-29;Domingo;18:49:00;RJ;101;326.0;NITEROI;Outras;Colisao traseira;Sem Vitimas;Plena noite
1147371;2012-07-29;Domingo;19:40:00;RJ;101;325.0;NITEROI;Falta de atencao;Colisao traseira;Com Vitimas Feridas;Plena noite
1147957;2012-07-26;Quinta;23:27:00;RJ;101;325.0;NITEROI;Outras;Colisao traseira;Com Vitimas Fatais;Plena noite
1148177;2012-07-28;Sabado;00:00:00;RJ;101;324.0;NITEROI;Outras;Danos Eventuais;Sem Vitimas;Plena noite
1148241;2012-07-30;Segunda;13:30:00;RJ;101;322.2;NITEROI;Outras;Colisao traseira;Sem Vitimas;Pleno dia
1148281;2012-07-31;Terca;12:15:00;RJ;101;325.0;NITEROI;Outras;Colisao traseira;Com Vitimas Feridas;Pleno dia
1148415;2012-07-31;Terca;20:30:00;RJ;101;319.0;SAO GONCALO;Outras;Colisao traseira;Sem Vitimas;Plena noite
1148588;2012-08-01;Quarta;07:10:00;RJ;101;309.0;SAO GONCALO;Outras;Colisao lateral;Com Vitimas Feridas;Amanhecer
1148589;2012-08-01;Quarta;07:10:00;RJ;101;325.0;NITEROI;Outras;Colisao lateral;Sem Vitimas;Pleno dia
1148697;2012-08-01;Quarta;06:45:00;RJ;101;319.0;SAO GONCALO;Outras;Saida de Pista;Sem Vitimas;Pleno dia
1148910;2012-08-01;Quarta;19:50:00;RJ;101;322.0;NITEROI;Outras;Colisao lateral;Sem Vitimas;Plena noite
1149365;2012-08-02;Quinta;18:40:00;RJ;101;322.0;NITEROI;Outras;Colisao lateral;Sem Vitimas;Plena noite
1149487;2012-08-02;Quinta;20:45:00;RJ;101;322.0;NITEROI;Outras;Queda de motocicleta / bicicleta / veiculo;Com Vitimas Feridas;Plena noite
1149773;2012-08-03;Sexta;14:45:00;RJ;101;300.0;SAO GONCALO;Falta de atencao;Colisao lateral;Sem Vitimas;Pleno dia
1149832;2012-07-26;Quinta;14:05:00;RJ;101;321.0;NITEROI;Outras;Colisao traseira;Sem Vitimas;Pleno dia
1150141;2012-08-04;Sabado;06:08:00;RJ;101;333.0;RIO DE JANEIRO;Outras;Colisao com objeto movel;Sem Vitimas;Amanhecer
1150188;2012-08-04;Sabado;09:30:00;RJ;101;318.0;SAO GONCALO;Outras;Colisao traseira;Sem Vitimas;Pleno dia
1150273;2012-08-04;Sabado;14:30:00;RJ;101;303.0;SAO GONCALO;Outras;Colisao lateral;Sem Vitimas;Pleno dia
1150290;2012-08-04;Sabado;15:09:00;RJ;101;322.0;NITEROI;Outras;Colisao lateral;Sem Vitimas;Pleno dia
1150333;2012-08-04;Sabado;16:30:00;RJ;101;304.0;SAO GONCALO;Outras;Colisao traseira;Sem Vitimas;Pleno dia
1150703;2012-08-05;Domingo;12:00:00;RJ;101;327.0;RIO DE JANEIRO;Outras;Colisao traseira;Sem Vitimas;Pleno dia
1150762;2012-08-05;Domingo;14:30:00;RJ;101;324.0;NITEROI;Outras;Colisao lateral;Sem Vitimas;Pleno dia
1150989;2012-08-05;Domingo;22:00:00;RJ;101;306.0;SAO GONCALO;Outras;Capotamento;Sem Vitimas;Plena noite
1151097;2012-08-03;Sexta;10:30:00;RJ;101;321.5;NITEROI;Outras;Colisao traseira;Sem Vitimas;Pleno dia
1151099;2012-08-06;Segunda;07:10:00;RJ;101;322.0;NITEROI;Outras;Colisao traseira;Sem Vitimas;Pleno dia
1151104;2012-08-03;Sexta;15:40:00;RJ;101;325.6;NITEROI;Outras;Colisao traseira;Sem Vitimas;Pleno dia
1151237;2012-08-06;Segunda;12:45:00;RJ;101;311.0;SAO GONCALO;Outras;Colisao traseira;Sem Vitimas;Pleno dia
1151393;2012-08-06;Segunda;17:20:00;RJ;101;321.0;NITEROI;Outras;Colisao lateral;Sem Vitimas;Pleno dia
1151633;2012-08-04;Sabado;05:30:00;RJ;101;311.0;SAO GONCALO;Outras;Saida de Pista;Sem Vitimas;Amanhecer
1151778;2012-08-03;Sexta;19:20:00;RJ;101;299.0;SAO GONCALO;Outras;Colisao traseira;Sem Vitimas;Plena noite
1151839;2012-08-04;Sabado;04:40:00;RJ;101;319.0;SAO GONCALO;Outras;Colisao traseira;Com Vitimas Fatais;Amanhecer
1151928;2012-08-07;Terca;14:40:00;RJ;101;316.0;SAO GONCALO;Outras;Saida de Pista;Sem Vitimas;Pleno dia
1151982;2012-08-04;Sabado;02:50:00;RJ;101;319.0;SAO GONCALO;Outras;Saida de Pista;Sem Vitimas;Plena noite
1152002;2012-07-27;Sexta;01:30:00;RJ;101;325.0;NITEROI;Outras;Colisao traseira;Sem Vitimas;Plena noite
1152128;2012-07-27;Sexta;11:00:00;RJ;101;315.0;SAO GONCALO;Outras;Colisao traseira;Sem Vitimas;Pleno dia
1152134;2012-08-04;Sabado;19:00:00;RJ;101;318.0;SAO GONCALO;Outras;Capotamento;Sem Vitimas;Plena noite
1152148;2012-08-08;Quarta;06:00:00;RJ;101;324.0;NITEROI;Nao guardar distancia de seguranca;Colisao traseira;Sem Vitimas;Amanhecer
1152320;2012-07-27;Sexta;10:00:00;RJ;101;309.0;SAO GONCALO;Outras;Colisao traseira;Sem Vitimas;Pleno dia
1152341;2012-08-08;Quarta;16:00:00;RJ;101;325.0;NITEROI;Outras;Colisao traseira;Sem Vitimas;Pleno dia
1152421;2012-08-08;Quarta;15:34:00;RJ;101;326.9;NITEROI;Outras;Incendio;Sem Vitimas;Pleno dia
1152455;2012-08-08;Quarta;20:50:00;RJ;101;320.0;NITEROI;Outras;Colisao lateral;Sem Vitimas;Plena noite
1152497;2012-08-08;Quarta;19:55:00;RJ;101;332.0;RIO DE JANEIRO;Outras;Colisao traseira;Sem Vitimas;Plena noite
1152524;2012-08-08;Quarta;22:30:00;RJ;101;320.0;NITEROI;Outras;Colisao lateral;Sem Vitimas;Plena noite
1152525;2012-08-09;Quinta;00:00:00;RJ;101;322.0;NITEROI;Outras;Colisao traseira;Sem Vitimas;Plena noite
1152580;2012-08-09;Quinta;05:30:00;RJ;101;313.0;SAO GONCALO;Outras;Capotamento;Sem Vitimas;Amanhecer
1152606;2012-08-09;Quinta;06:50:00;RJ;101;316.4;SAO GONCALO;Falta de atencao;Colisao traseira;Sem Vitimas;Pleno dia
1152617;2012-08-09;Quinta;08:15:00;RJ;101;304.0;SAO GONCALO;Outras;Saida de Pista;Com Vitimas Feridas;Pleno dia
1152655;2012-08-09;Quinta;09:00:00;RJ;101;318.0;SAO GONCALO;Outras;Colisao lateral;Com Vitimas Feridas;Pleno dia
1152662;2012-08-09;Quinta;10:10:00;RJ;101;309.0;SAO GONCALO;Outras;Colisao lateral;Sem Vitimas;Pleno dia
1152846;2012-08-09;Quinta;18:50:00;RJ;101;309.0;SAO GONCALO;Defeito na via;Queda de motocicleta / bicicleta / veiculo;Com Vitimas Feridas;Plena noite
1152960;2012-08-09;Quinta;22:50:00;RJ;101;308.0;SAO GONCALO;Falta de atencao;Colisao com objeto fixo;Sem Vitimas;Plena noite
1153107;2012-08-02;Quinta;07:00:00;RJ;101;313.0;SAO GONCALO;Outras;Colisao lateral;Sem Vitimas;Pleno dia
1153148;2012-08-10;Sexta;10:40:00;RJ;101;312.0;RIO DE JANEIRO;Falta de atencao;Colisao traseira;Sem Vitimas;Pleno dia
1153152;2012-08-10;Sexta;11:30:00;RJ;101;299.0;SAO GONCALO;Falta de atencao;Colisao traseira;Sem Vitimas;Pleno dia
1153553;2012-08-11;Sabado;05:00:00;RJ;101;321.0;NITEROI;Outras;Colisao traseira;Sem Vitimas;Amanhecer
1153585;2012-08-03;Sexta;14:10:00;RJ;101;322.0;NITEROI;Nao guardar distancia de seguranca;Colisao traseira;Sem Vitimas;Pleno dia
1153715;2012-08-03;Sexta;16:30:00;RJ;101;329.0;RIO DE JANEIRO;Outras;Colisao traseira;Sem Vitimas;Pleno dia
1153724;2012-08-11;Sabado;07:40:00;RJ;101;316.0;SAO GONCALO;Outras;Saida de Pista;Com Vitimas Feridas;Pleno dia
1153737;2012-08-11;Sabado;07:40:00;RJ;101;316.0;SAO GONCALO;Outras;Colisao traseira;Sem Vitimas;Pleno dia
1153856;2012-08-11;Sabado;10:00:00;RJ;101;319.0;SAO GONCALO;Falta de atencao;Colisao traseira;Sem Vitimas;Pleno dia
1154096;2012-02-07;Terca;15:50:00;RJ;101;318.0;SAO GONCALO;Outras;Colisao lateral;Sem Vitimas;Pleno dia
1154211;2012-08-12;Domingo;12:41:00;RJ;101;322.0;NITEROI;Outras;Colisao traseira;Sem Vitimas;Pleno dia
1154234;2012-08-12;Domingo;13:20:00;RJ;101;307.0;SAO GONCALO;Falta de atencao;Colisao traseira;Sem Vitimas;Amanhecer
1154339;2012-08-12;Domingo;17:35:00;RJ;101;322.0;NITEROI;Outras;Colisao traseira;Sem Vitimas;Anoitecer
1154400;2012-08-12;Domingo;20:30:00;RJ;101;312.0;SAO GONCALO;Outras;Colisao traseira;Sem Vitimas;Plena noite
1154577;2012-08-11;Sabado;15:15:00;RJ;101;322.0;NITEROI;Outras;Colisao traseira;Sem Vitimas;Pleno dia
1154711;2012-08-13;Segunda;14:40:00;RJ;101;312.0;SAO GONCALO;Ultrapassagem indevida;Colisao traseira;Sem Vitimas;Pleno dia
1154768;2012-08-13;Segunda;17:15:00;RJ;101;322.0;NITEROI;Outras;Colisao lateral;Sem Vitimas;Anoitecer
1154821;2012-08-13;Segunda;17:20:00;RJ;101;331.0;RIO DE JANEIRO;Falta de atencao;Colisao traseira;Sem Vitimas;Pleno dia
1154862;2012-08-13;Segunda;15:15:00;RJ;101;325.0;NITEROI;Falta de atencao;Colisao traseira;Com Vitimas Feridas;Pleno dia
1155026;2012-08-14;Terca;00:50:00;RJ;101;334.0;NITEROI;Outras;Colisao com objeto fixo;Sem Vitimas;Plena noite
1155032;2012-08-14;Terca;01:55:00;RJ;101;320.0;NITEROI;Dormindo;Capotamento;Sem Vitimas;Plena noite
1155085;2012-08-11;Sabado;21:50:00;RJ;101;330.2;RIO DE JANEIRO;Outras;Colisao traseira;Sem Vitimas;Plena noite
1155620;2012-08-12;Domingo;02:00:00;RJ;101;331.0;NITEROI;Dormindo;Colisao traseira;Com Vitimas Feridas;Plena noite
1155850;2012-08-15;Quarta;07:00:00;RJ;101;315.0;SAO GONCALO;Outras;Colisao traseira;Sem Vitimas;Pleno dia
1156075;2012-08-16;Quinta;07:00:00;RJ;101;321.0;NITEROI;Outras;Colisao traseira;Sem Vitimas;Amanhecer
1156278;2012-08-16;Quinta;15:35:00;RJ;101;321.0;NITEROI;Outras;Colisao lateral;Sem Vitimas;Pleno dia
1156303;2012-08-07;Terca;07:40:00;RJ;101;314.0;SAO GONCALO;Outras;Colisao lateral;Com Vitimas Feridas;Pleno dia
1156311;2012-08-08;Quarta;07:20:00;RJ;101;314.0;SAO GONCALO;Outras;Colisao lateral;Com Vitimas Feridas;Pleno dia
1156315;2012-08-16;Quinta;17:00:00;RJ;101;322.0;NITEROI;Outras;Colisao traseira;Sem Vitimas;Anoitecer
1156334;2012-08-16;Quinta;18:30:00;RJ;101;322.0;NITEROI;Outras;Colisao lateral;Sem Vitimas;Anoitecer
1156337;2012-08-16;Quinta;18:45:00;RJ;101;322.0;NITEROI;Falta de atencao;Colisao lateral;Sem Vitimas;Plena noite
1156524;2012-08-13;Segunda;18:45:00;RJ;101;331.0;RIO DE JANEIRO;Outras;Colisao traseira;Sem Vitimas;Pleno dia
1156530;2012-08-17;Sexta;07:00:00;RJ;101;318.0;SAO GONCALO;Nao guardar distancia de seguranca;Colisao traseira;Sem Vitimas;Amanhecer
1156755;2012-08-17;Sexta;19:40:00;RJ;101;322.0;NITEROI;Outras;Colisao lateral;Sem Vitimas;Plena noite
1156921;2012-08-17;Sexta;12:10:00;RJ;101;324.0;NITEROI;Outras;Colisao Transversal;Sem Vitimas;Pleno dia
1157095;2012-08-18;Sabado;15:00:00;RJ;101;318.0;SAO GONCALO;Falta de atencao;Colisao traseira;Sem Vitimas;Pleno dia
1157183;2012-08-18;Sabado;18:10:00;RJ;101;303.0;SAO GONCALO;Ingestao de alcool;Colisao frontal;Sem Vitimas;Anoitecer
1157214;2012-08-18;Sabado;19:55:00;RJ;101;322.0;NITEROI;Outras;Colisao traseira;Sem Vitimas;Plena noite
1157410;2012-08-19;Domingo;07:39:00;RJ;101;328.0;NITEROI;Nao guardar distancia de seguranca;Colisao traseira;Com Vitimas Feridas;Pleno dia
1157610;2012-08-19;Domingo;16:49:00;RJ;101;325.0;NITEROI;Outras;Colisao com objeto fixo;Com Vitimas Feridas;Pleno dia
1157630;2012-08-19;Domingo;18:00:00;RJ;101;316.0;SAO GONCALO;Outras;Saida de Pista;Ignorado;Anoitecer
1157719;2012-08-11;Sabado;13:00:00;RJ;101;306.0;SAO GONCALO;Nao guardar distancia de seguranca;Colisao traseira;Sem Vitimas;Pleno dia
1157757;2012-08-07;Terca;19:20:00;RJ;101;321.0;NITEROI;Nao guardar distancia de seguranca;Colisao lateral;Sem Vitimas;Plena noite
1157764;2012-08-03;Sexta;23:00:00;RJ;101;322.0;NITEROI;Outras;Colisao traseira;Sem Vitimas;Plena noite
1157840;2012-08-19;Domingo;07:00:00;RJ;101;325.0;RIO DE JANEIRO;Outras;Colisao traseira;Sem Vitimas;Pleno dia
1157849;2012-08-19;Domingo;08:20:00;RJ;101;322.5;NITEROI;Outras;Colisao traseira;Sem Vitimas;Plena noite
1157867;2012-08-20;Segunda;08:30:00;RJ;101;306.0;SAO GONCALO;Falta de atencao;Colisao traseira;Sem Vitimas;Pleno dia
1157896;2012-08-20;Segunda;10:40:00;RJ;101;326.0;NITEROI;Outras;Colisao traseira;Sem Vitimas;Pleno dia
1157902;2012-08-12;Domingo;13:00:00;RJ;101;317.0;SAO GONCALO;Outras;Colisao traseira;Com Vitimas Feridas;Pleno dia
1157970;2012-08-20;Segunda;13:15:00;RJ;101;334.0;RIO DE JANEIRO;Outras;Incendio;Sem Vitimas;Pleno dia
1158038;2012-08-20;Segunda;15:15:00;RJ;101;332.0;RIO DE JANEIRO;Outras;Colisao traseira;Sem Vitimas;Pleno dia
1158215;2012-08-21;Terca;01:00:00;RJ;101;324.0;NITEROI;Outras;Colisao com objeto movel;Sem Vitimas;Plena noite
1158227;2012-08-17;Sexta;19:20:00;RJ;101;303.0;SAO GONCALO;Outras;Colisao lateral;Sem Vitimas;Anoitecer
1158326;2012-08-21;Terca;08:40:00;RJ;101;315.0;SAO GONCALO;Outras;Colisao traseira;Sem Vitimas;Pleno dia
1158465;2012-08-21;Terca;08:25:00;RJ;101;322.0;NITEROI;Defeito mecanico em veiculo;Colisao traseira;Sem Vitimas;Pleno dia
1158522;2012-08-21;Terca;17:40:00;RJ;101;323.0;NITEROI;Outras;Colisao lateral;Sem Vitimas;Anoitecer
1158566;2012-08-21;Terca;18:30:00;RJ;101;322.0;NITEROI;Outras;Colisao Transversal;Sem Vitimas;Plena noite
1158578;2012-08-21;Terca;19:30:00;RJ;101;323.0;NITEROI;Outras;Colisao traseira;Sem Vitimas;Plena noite
1158646;2012-08-21;Terca;22:00:00;RJ;101;333.0;RIO DE JANEIRO;Falta de atencao;Colisao traseira;Com Vitimas Feridas;Plena noite
1158680;2012-08-22;Quarta;05:40:00;RJ;101;322.0;RIO DE JANEIRO;Outras;Colisao lateral;Sem Vitimas;Pleno dia
1158687;2012-08-19;Domingo;07:16:00;RJ;101;320.5;NITEROI;Outras;Colisao traseira;Com Vitimas Fatais;Plena noite
1158744;2012-08-11;Sabado;11:30:00;RJ;101;306.0;SAO GONCALO;Outras;Colisao traseira;Sem Vitimas;Pleno dia
1158799;2012-08-22;Quarta;10:30:00;RJ;101;314.0;SAO GONCALO;Outras;Colisao traseira;Sem Vitimas;Pleno dia
1158821;2012-08-22;Quarta;12:45:00;RJ;101;319.0;SAO GONCALO;Outras;Colisao traseira;Sem Vitimas;Pleno dia
1159238;2012-08-23;Quinta;09:00:00;RJ;101;319.0;SAO GONCALO;Outras;Colisao lateral;Com Vitimas Feridas;Plena noite
1159269;2012-08-23;Quinta;20:00:00;RJ;101;327.0;NITEROI;Outras;Colisao lateral;Sem Vitimas;Plena noite
1159428;2012-08-24;Sexta;08:00:00;RJ;101;315.0;SAO GONCALO;Outras;Colisao lateral;Com Vitimas Feridas;Pleno dia
1159451;2012-08-24;Sexta;09:00:00;RJ;101;310.0;SAO GONCALO;Outras;Colisao lateral;Sem Vitimas;Pleno dia
1159474;2012-08-24;Sexta;10:30:00;RJ;101;318.0;SAO GONCALO;Outras;Colisao traseira;Sem Vitimas;Pleno dia
1159486;2012-08-20;Segunda;16:00:00;RJ;101;321.0;NITEROI;Outras;Colisao lateral;Sem Vitimas;Pleno dia
1159488;2012-08-24;Sexta;13:00:00;RJ;101;327.0;NITEROI;Outras;Colisao lateral;Sem Vitimas;Pleno dia
1159570;2012-08-17;Sexta;03:00:00;RJ;101;317.0;SAO GONCALO;Outras;Colisao traseira;Sem Vitimas;Plena noite
1159580;2012-08-24;Sexta;18:35:00;RJ;101;322.0;NITEROI;Outras;Colisao lateral;Sem Vitimas;Plena noite
1159795;2012-08-25;Sabado;10:39:00;RJ;101;323.0;NITEROI;Falta de atencao;Colisao traseira;Sem Vitimas;Pleno dia
1159940;2012-08-25;Sabado;22:25:00;RJ;101;309.0;SAO GONCALO;Ingestao de alcool;Colisao traseira;Com Vitimas Feridas;Plena noite
1160010;2012-08-22;Quarta;23:30:00;RJ;101;322.2;NITEROI;Outras;Colisao Transversal;Com Vitimas Feridas;Plena noite
1160017;2012-08-23;Quinta;08:20:00;RJ;101;324.0;NITEROI;Outras;Colisao lateral;Sem Vitimas;Pleno dia
1160082;2012-08-26;Domingo;12:55:00;RJ;101;322.2;NITEROI;Outras;Colisao traseira;Sem Vitimas;Pleno dia
1160116;2012-08-26;Domingo;14:45:00;RJ;101;328.0;NITEROI;Outras;Colisao traseira;Sem Vitimas;Pleno dia
1160308;2012-08-27;Segunda;05:00:00;RJ;101;312.0;SAO GONCALO;Outras;Atropelamento de pessoa;Sem Vitimas;Pleno dia
1160356;2012-08-27;Segunda;05:30:00;RJ;101;314.0;SAO GONCALO;Outras;Colisao traseira;Sem Vitimas;Amanhecer
1160401;2012-08-27;Segunda;08:00:00;RJ;101;317.0;SAO GONCALO;Outras;Colisao traseira;Com Vitimas Feridas;Pleno dia
1160527;2012-08-27;Segunda;17:30:00;RJ;101;315.0;SAO GONCALO;Outras;Colisao lateral;Sem Vitimas;Anoitecer
1160550;2012-08-27;Segunda;09:00:00;RJ;101;319.0;SAO GONCALO;Outras;Colisao traseira;Sem Vitimas;Pleno dia
1160559;2012-08-27;Segunda;19:30:00;RJ;101;308.0;SAO GONCALO;Outras;Tombamento;Sem Vitimas;Plena noite
1160571;2012-08-27;Segunda;19:40:00;RJ;101;320.0;SAO GONCALO;Outras;Colisao traseira;Sem Vitimas;Plena noite
1160690;2012-08-28;Terca;06:00:00;RJ;101;319.0;SAO GONCALO;Outras;Colisao traseira;Sem Vitimas;Amanhecer
1160694;2012-08-27;Segunda;13:20:00;RJ;101;323.4;NITEROI;Outras;Colisao traseira;Sem Vitimas;Pleno dia
1160797;2012-08-28;Terca;11:46:00;RJ;101;322.0;NITEROI;Outras;Colisao com objeto fixo;Com Vitimas Feridas;Pleno dia
1160836;2012-08-28;Terca;12:44:00;RJ;101;324.0;NITEROI;Outras;Colisao lateral;Sem Vitimas;Pleno dia
1160873;2012-08-28;Terca;16:20:00;RJ;101;308.5;SAO GONCALO;Outras;Capotamento;Sem Vitimas;Pleno dia
1160886;2012-08-25;Sabado;00:30:00;RJ;101;317.0;SAO GONCALO;Outras;Atropelamento de animal;Com Vitimas Fatais;Plena noite
1160921;2012-08-20;Segunda;17:13:00;RJ;101;328.0;NITEROI;Defeito mecanico em veiculo;Queda de motocicleta / bicicleta / veiculo;Com Vitimas Feridas;Anoitecer
1160946;2012-08-28;Terca;18:30:00;RJ;101;319.0;SAO GONCALO;Outras;Colisao traseira;Sem Vitimas;Plena noite
1160969;2012-08-28;Terca;19:00:00;RJ;101;311.0;SAO GONCALO;Nao guardar distancia de seguranca;Danos Eventuais;Sem Vitimas;Plena noite
1160976;2012-08-28;Terca;20:00:00;RJ;101;319.0;SAO GONCALO;Outras;Colisao traseira;Sem Vitimas;Plena noite
1161086;2012-08-29;Quarta;05:50:00;RJ;101;332.0;RIO DE JANEIRO;Outras;Colisao traseira;Sem Vitimas;Amanhecer
1161090;2012-08-29;Quarta;06:40:00;RJ;101;317.0;SAO GONCALO;Outras;Colisao lateral;Sem Vitimas;Amanhecer
1161154;2012-08-29;Quarta;06:30:00;RJ;101;322.0;NITEROI;Falta de atencao;Colisao com objeto fixo;Sem Vitimas;Pleno dia
1161184;2012-08-30;Quinta;08:40:00;RJ;101;317.0;SAO GONCALO;Falta de atencao;Colisao lateral;Com Vitimas Feridas;Pleno dia
1161360;2012-08-30;Quinta;14:30:00;RJ;101;314.0;SAO GONCALO;Outras;Colisao lateral;Sem Vitimas;Pleno dia
1161392;2012-08-30;Quinta;10:10:00;RJ;101;334.0;RIO DE JANEIRO;Falta de atencao;Colisao lateral;Com Vitimas Feridas;Pleno dia
1161419;2012-08-30;Quinta;17:45:00;RJ;101;311.0;SAO GONCALO;Outras;Colisao com objeto fixo;Com Vitimas Feridas;Anoitecer
1161459;2012-08-30;Quinta;18:20:00;RJ;101;313.0;SAO GONCALO;Outras;Colisao lateral;Sem Vitimas;Plena noite
1161585;2012-08-30;Quinta;22:30:00;RJ;101;326.0;NITEROI;Outras;Colisao lateral;Sem Vitimas;Plena noite
1161662;2012-08-24;Sexta;07:00:00;RJ;101;310.0;SAO GONCALO;Outras;Queda de motocicleta / bicicleta / veiculo;Com Vitimas Feridas;Pleno dia
1162172;2012-09-01;Sabado;04:20:00;RJ;101;301.0;SAO GONCALO;Animais na Pista;Atropelamento de animal;Sem Vitimas;Plena noite
1162200;2012-09-01;Sabado;07:00:00;RJ;101;322.0;NITEROI;Outras;Colisao traseira;Sem Vitimas;Pleno dia
1162207;2012-09-01;Sabado;06:30:00;RJ;101;315.0;SAO GONCALO;Falta de atencao;Colisao traseira;Sem Vitimas;Pleno dia
1162255;2012-09-01;Sabado;10:00:00;RJ;101;322.0;NITEROI;Outras;Colisao lateral;Sem Vitimas;Pleno dia
1162357;2012-09-01;Sabado;14:27:00;RJ;101;324.0;NITEROI;Outras;Colisao traseira;Sem Vitimas;Pleno dia
1162374;2012-09-01;Sabado;14:10:00;RJ;101;322.0;NITEROI;Outras;Colisao lateral;Sem Vitimas;Pleno dia
1162455;2012-09-01;Sabado;18:45:00;RJ;101;325.0;NITEROI;Outras;Colisao traseira;Sem Vitimas;Plena noite
1162592;2012-09-01;Sabado;23:38:00;RJ;101;324.0;NITEROI;Defeito mecanico em veiculo;Colisao com objeto fixo;Sem Vitimas;Plena noite
1162621;2012-08-23;Quinta;23:50:00;RJ;101;326.0;NITEROI;Nao guardar distancia de seguranca;Colisao traseira;Sem Vitimas;Plena noite
1162631;2012-09-02;Domingo;04:00:00;RJ;101;309.0;SAO GONCALO;Falta de atencao;Colisao traseira;Sem Vitimas;Plena noite
1162757;2012-08-31;Sexta;20:55:00;RJ;101;321.0;NITEROI;Outras;Colisao lateral;Sem Vitimas;Anoitecer
1162797;2012-08-02;Quinta;06:30:00;RJ;101;305.0;SAO GONCALO;Outras;Atropelamento de pessoa;Com Vitimas Fatais;Amanhecer
1162935;2012-08-31;Sexta;23:15:00;RJ;101;322.0;NITEROI;Outras;Colisao traseira;Sem Vitimas;Plena noite
1163061;2012-09-02;Domingo;20:15:00;RJ;101;327.0;RIO DE JANEIRO;Outras;Colisao traseira;Sem Vitimas;Plena noite
1163175;2012-09-03;Segunda;00:55:00;RJ;101;307.8;SAO GONCALO;Outras;Colisao lateral;Com Vitimas Feridas;Plena noite
1163222;2012-09-03;Segunda;06:50:00;RJ;101;315.0;SAO GONCALO;Falta de atencao;Colisao lateral;Sem Vitimas;Pleno dia
1163257;2012-09-03;Segunda;08:20:00;RJ;101;307.5;SAO GONCALO;Outras;Queda de motocicleta / bicicleta / veiculo;Com Vitimas Feridas;Pleno dia
1163296;2012-09-03;Segunda;08:25:00;RJ;101;327.0;RIO DE JANEIRO;Outras;Colisao traseira;Sem Vitimas;Pleno dia
1163398;2012-08-24;Sexta;07:00:00;RJ;101;319.0;SAO GONCALO;Outras;Colisao traseira;Com Vitimas Feridas;Pleno dia
1163469;2012-09-03;Segunda;14:15:00;RJ;101;303.0;SAO GONCALO;Outras;Colisao com objeto fixo;Com Vitimas Feridas;Pleno dia
1163477;2012-09-03;Segunda;15:00:00;RJ;101;321.0;NITEROI;Outras;Colisao traseira;Sem Vitimas;Pleno dia
1163862;2012-07-03;Terca;19:55:00;RJ;101;321.0;NITEROI;Outras;Colisao lateral;Com Vitimas Feridas;Plena noite
1163919;2012-08-31;Sexta;19:30:00;RJ;101;319.0;SAO GONCALO;Outras;Colisao traseira;Sem Vitimas;Plena noite
1163954;2012-08-31;Sexta;20:20:00;RJ;101;319.0;SAO GONCALO;Outras;Colisao lateral;Com Vitimas Feridas;Plena noite
1163983;2012-09-01;Sabado;04:00:00;RJ;101;312.0;SAO GONCALO;Ultrapassagem indevida;Colisao traseira;Sem Vitimas;Plena noite
1164341;2012-09-02;Domingo;04:30:00;RJ;101;322.0;NITEROI;Defeito mecanico em veiculo;Colisao traseira;Com Vitimas Feridas;Plena noite
1164474;2012-09-05;Quarta;10:00:00;RJ;101;312.0;SAO GONCALO;Defeito mecanico em veiculo;Colisao traseira;Sem Vitimas;Pleno dia
1164574;2012-09-05;Quarta;16:20:00;RJ;101;322.0;NITEROI;Outras;Colisao traseira;Sem Vitimas;Pleno dia
1164593;2012-09-05;Quarta;14:30:00;RJ;101;312.0;SAO GONCALO;Outras;Colisao traseira;Sem Vitimas;Pleno dia
1164594;2012-09-05;Quarta;17:00:00;RJ;101;318.0;SAO GONCALO;Falta de atencao;Colisao traseira;Sem Vitimas;Pleno dia
1164598;2012-09-05;Quarta;17:30:00;RJ;101;319.0;SAO GONCALO;Outras;Colisao traseira;Sem Vitimas;Anoitecer
1164613;2012-09-02;Domingo;10:11:00;RJ;101;334.0;RIO DE JANEIRO;Falta de atencao;Colisao lateral;Com Vitimas Feridas;Pleno dia
1164758;2012-09-05;Quarta;11:15:00;RJ;101;328.0;NITEROI;Outras;Colisao lateral;Com Vitimas Feridas;Pleno dia
1164870;2012-09-01;Sabado;04:00:00;RJ;101;315.0;SAO GONCALO;Outras;Colisao traseira;Sem Vitimas;Plena noite
1165214;2012-09-06;Quinta;19:35:00;RJ;101;322.0;NITEROI;Outras;Colisao lateral;Sem Vitimas;Plena noite
1165301;2012-09-06;Quinta;20:20:00;RJ;101;332.0;RIO DE JANEIRO;Outras;Colisao traseira;Sem Vitimas;Plena noite
1165367;2012-09-06;Quinta;22:40:00;RJ;101;323.0;NITEROI;Falta de atencao;Colisao traseira;Sem Vitimas;Plena noite
1165481;2012-09-03;Segunda;08:30:00;RJ;101;326.0;NITEROI;Falta de atencao;Colisao lateral;Sem Vitimas;Pleno dia
1165540;2012-09-04;Terca;06:30:00;RJ;101;323.0;NITEROI;Outras;Colisao lateral;Sem Vitimas;Amanhecer
1165542;2012-09-07;Sexta;08:30:00;RJ;101;332.0;RIO DE JANEIRO;Outras;Colisao traseira;Sem Vitimas;Pleno dia
1165655;2012-09-07;Sexta;13:20:00;RJ;101;322.0;NITEROI;Outras;Colisao traseira;Sem Vitimas;Pleno dia
1165706;2012-09-07;Sexta;15:20:00;RJ;101;322.0;NITEROI;Outras;Colisao lateral;Sem Vitimas;Pleno dia
1165713;2012-09-07;Sexta;15:00:00;RJ;101;315.0;SAO GONCALO;Falta de atencao;Colisao traseira;Sem Vitimas;Pleno dia
1166099;2012-09-07;Sexta;07:30:00;RJ;101;302.0;SAO GONCALO;Dormindo;Colisao traseira;Sem Vitimas;Pleno dia
1166196;2012-09-08;Sabado;06:30:00;RJ;101;322.0;NITEROI;Nao guardar distancia de seguranca;Colisao traseira;Sem Vitimas;Pleno dia
1166226;2012-08-31;Sexta;05:25:00;RJ;101;305.0;SAO GONCALO;Animais na Pista;Atropelamento de animal;Sem Vitimas;Amanhecer
1166429;2012-09-08;Sabado;23:20:00;RJ;101;304.0;SAO GONCALO;Falta de atencao;Atropelamento de pessoa;Com Vitimas Feridas;Plena noite
1166743;2012-09-09;Domingo;16:00:00;RJ;101;323.0;NITEROI;Outras;Colisao traseira;Sem Vitimas;Pleno dia
1167066;2012-09-10;Segunda;07:10:00;RJ;101;322.0;NITEROI;Outras;Colisao lateral;Sem Vitimas;Pleno dia
1167242;2012-09-10;Segunda;12:30:00;RJ;101;333.5;RIO DE JANEIRO;Falta de atencao;Colisao traseira;Sem Vitimas;Pleno dia
1167338;2012-09-06;Quinta;19:00:00;RJ;101;322.0;NITEROI;Outras;Colisao traseira;Sem Vitimas;Plena noite
1167368;2012-09-10;Segunda;14:30:00;RJ;101;334.0;RIO DE JANEIRO;Falta de atencao;Colisao traseira;Sem Vitimas;Pleno dia
1167526;2012-09-06;Quinta;19:20:00;RJ;101;332.0;RIO DE JANEIRO;Outras;Colisao traseira;Sem Vitimas;Plena noite
1167589;2012-09-10;Segunda;16:40:00;RJ;101;309.0;SAO GONCALO;Outras;Colisao lateral;Sem Vitimas;Pleno dia
1167737;2012-09-07;Sexta;08:00:00;RJ;101;326.0;NITEROI;Outras;Colisao traseira;Com Vitimas Feridas;Pleno dia
1167890;2012-09-11;Terca;12:10:00;RJ;101;310.0;SAO GONCALO;Outras;Colisao traseira;Sem Vitimas;Pleno dia
1167921;2012-09-11;Terca;14:00:00;RJ;101;321.0;NITEROI;Outras;Colisao com objeto fixo;Sem Vitimas;Pleno dia
1168043;2012-09-11;Terca;18:20:00;RJ;101;322.0;NITEROI;Defeito mecanico em veiculo;Colisao traseira;Sem Vitimas;Plena noite
1168068;2012-09-11;Terca;18:40:00;RJ;101;322.0;NITEROI;Outras;Colisao lateral;Sem Vitimas;Plena noite
1168098;2012-09-11;Terca;19:34:00;RJ;101;322.0;NITEROI;Outras;Colisao lateral;Sem Vitimas;Plena noite
1168109;2012-09-11;Terca;20:00:00;RJ;101;330.0;RIO DE JANEIRO;Outras;Colisao traseira;Sem Vitimas;Plena noite
1168172;2012-09-11;Terca;19:40:00;RJ;101;301.0;SAO GONCALO;Outras;Saida de Pista;Sem Vitimas;Plena noite
1168320;2012-09-06;Quinta;08:40:00;RJ;101;308.0;SAO GONCALO;Outras;Colisao traseira;Sem Vitimas;Pleno dia
1168697;2012-09-13;Quinta;00:44:00;RJ;101;312.0;SAO GONCALO;Outras;Colisao lateral;Sem Vitimas;Plena noite
1168741;2012-09-12;Quarta;18:20:00;RJ;101;324.0;NITEROI;Outras;Colisao lateral;Sem Vitimas;Anoitecer
1168962;2012-09-13;Quinta;16:15:00;RJ;101;322.0;NITEROI;Outras;Colisao traseira;Sem Vitimas;Pleno dia
1169038;2012-09-13;Quinta;18:45:00;RJ;101;322.0;NITEROI;Outras;Colisao lateral;Sem Vitimas;Anoitecer
1169045;2012-09-13;Quinta;19:00:00;RJ;101;314.0;SAO GONCALO;Defeito mecanico em veiculo;Colisao traseira;Sem Vitimas;Plena noite
1169121;2012-09-13;Quinta;20:15:00;RJ;101;321.0;NITEROI;Outras;Colisao traseira;Sem Vitimas;Plena noite
1169123;2012-09-13;Quinta;21:00:00;RJ;101;320.0;NITEROI;Outras;Colisao traseira;Sem Vitimas;Plena noite
1169195;2012-09-14;Sexta;03:00:00;RJ;101;304.0;SAO GONCALO;Defeito mecanico em veiculo;Colisao traseira;Sem Vitimas;Plena noite
1169251;2012-09-12;Quarta;15:00:00;RJ;101;306.0;SAO GONCALO;Outras;Colisao traseira;Sem Vitimas;Pleno dia
1169503;2012-09-14;Sexta;16:00:00;RJ;101;322.0;NITEROI;Outras;Colisao traseira;Sem Vitimas;Pleno dia
1169538;2012-09-14;Sexta;17:00:00;RJ;101;320.0;SAO GONCALO;Outras;Colisao traseira;Sem Vitimas;Anoitecer
1169661;2012-09-14;Sexta;20:15:00;RJ;101;319.0;SAO GONCALO;Nao guardar distancia de seguranca;Colisao traseira;Sem Vitimas;Plena noite
1169849;2012-09-15;Sabado;08:15:00;RJ;101;331.0;RIO DE JANEIRO;Outras;Colisao traseira;Sem Vitimas;Pleno dia
1169912;2012-09-15;Sabado;11:55:00;RJ;101;324.0;NITEROI;Outras;Colisao lateral;Sem Vitimas;Pleno dia
1169918;2012-09-07;Sexta;08:00:00;RJ;101;304.0;SAO GONCALO;Outras;Colisao traseira;Sem Vitimas;Pleno dia
1170052;2012-09-15;Sabado;17:05:00;RJ;101;331.0;RIO DE JANEIRO;Outras;Colisao traseira;Sem Vitimas;Pleno dia
1170188;2012-09-15;Sabado;22:30:00;RJ;101;334.0;RIO DE JANEIRO;Outras;Colisao lateral;Sem Vitimas;Plena noite
1170268;2012-09-16;Domingo;01:00:00;RJ;101;299.0;SAO GONCALO;Outras;Colisao com objeto fixo;Sem Vitimas;Plena noite
1170538;2012-09-16;Domingo;18:00:00;RJ;101;312.0;SAO GONCALO;Falta de atencao;Colisao lateral;Sem Vitimas;Anoitecer
1170551;2012-09-16;Domingo;02:00:00;RJ;101;316.0;SAO GONCALO;Falta de atencao;Atropelamento de pessoa;Com Vitimas Fatais;Plena noite
1170648;2012-08-31;Sexta;20:05:00;RJ;101;302.0;SAO GONCALO;Falta de atencao;Saida de Pista;Sem Vitimas;Plena noite
1170753;2012-09-13;Quinta;21:15:00;RJ;101;329.0;RIO DE JANEIRO;Outras;Colisao traseira;Sem Vitimas;Plena noite
1170773;2012-09-13;Quinta;21:00:00;RJ;101;318.0;SAO GONCALO;Nao guardar distancia de seguranca;Colisao traseira;Sem Vitimas;Plena noite
1170779;2012-09-17;Segunda;08:00:00;RJ;101;317.0;SAO GONCALO;Falta de atencao;Colisao traseira;Sem Vitimas;Pleno dia
1170879;2012-09-17;Segunda;10:40:00;RJ;101;320.0;NITEROI;Falta de atencao;Colisao traseira;Sem Vitimas;Pleno dia
1171039;2012-08-31;Sexta;03:40:00;RJ;101;322.2;NITEROI;Outras;Colisao com objeto fixo;Com Vitimas Feridas;Plena noite
1171095;2012-09-15;Sabado;06:00:00;RJ;101;313.0;SAO GONCALO;Outras;Saida de Pista;Com Vitimas Feridas;Amanhecer
1171357;2012-09-15;Sabado;05:20:00;RJ;101;329.0;RIO DE JANEIRO;Desobediencia a sinalizacao;Colisao Transversal;Com Vitimas Feridas;Plena noite
1171587;2012-09-18;Terca;19:00:00;RJ;101;321.0;NITEROI;Outras;Colisao traseira;Sem Vitimas;Plena noite
1171653;2012-09-15;Sabado;05:47:00;RJ;101;333.0;RIO DE JANEIRO;Outras;Queda de motocicleta / bicicleta / veiculo;Com Vitimas Feridas;Amanhecer
1171685;2012-09-18;Terca;21:00:00;RJ;101;313.0;SAO GONCALO;Outras;Colisao lateral;Com Vitimas Feridas;Plena noite
1171699;2012-09-18;Terca;09:00:00;RJ;101;320.0;NITEROI;Outras;Colisao traseira;Sem Vitimas;Pleno dia
1171794;2012-09-19;Quarta;07:30:00;RJ;101;317.0;SAO GONCALO;Outras;Colisao traseira;Com Vitimas Feridas;Pleno dia
1171878;2012-09-08;Sabado;02:00:00;RJ;101;313.0;SAO GONCALO;Outras;Queda de motocicleta / bicicleta / veiculo;Com Vitimas Feridas;Pleno dia
1171933;2012-09-19;Quarta;10:10:00;RJ;101;322.0;NITEROI;Outras;Colisao lateral;Sem Vitimas;Pleno dia
1171963;2012-09-15;Sabado;13:30:00;RJ;101;300.0;SAO GONCALO;Outras;Colisao traseira;Sem Vitimas;Pleno dia
1172230;2012-09-20;Quinta;12:00:00;RJ;101;300.0;SAO GONCALO;Outras;Colisao traseira;Sem Vitimas;Pleno dia
1172251;2012-09-20;Quinta;13:31:00;RJ;101;321.0;NITEROI;Outras;Colisao com objeto fixo;Sem Vitimas;Pleno dia
1172267;2012-09-17;Segunda;00:34:00;RJ;101;312.0;SAO GONCALO;Outras;Colisao lateral;Sem Vitimas;Plena noite
1172341;2012-08-31;Sexta;19:00:00;RJ;101;326.0;NITEROI;Outras;Colisao traseira;Sem Vitimas;Plena noite
1172358;2012-08-31;Sexta;15:00:00;RJ;101;333.7;NITEROI;Outras;Colisao traseira;Sem Vitimas;Pleno dia
1172541;2012-09-20;Quinta;14:30:00;RJ;101;311.0;SAO GONCALO;Falta de atencao;Queda de motocicleta / bicicleta / veiculo;Com Vitimas Feridas;Pleno dia
1172545;2012-09-20;Quinta;15:00:00;RJ;101;312.0;SAO GONCALO;Outras;Capotamento;Ignorado;Pleno dia
1172620;2012-09-21;Sexta;07:30:00;RJ;101;324.0;NITEROI;Nao guardar distancia de seguranca;Colisao traseira;Com Vitimas Feridas;Pleno dia
1172798;2012-09-21;Sexta;16:55:00;RJ;101;322.0;NITEROI;Outras;Colisao com objeto fixo;Sem Vitimas;Pleno dia
1172806;2012-09-21;Sexta;17:30:00;RJ;101;322.0;NITEROI;Outras;Colisao com objeto fixo;Sem Vitimas;Anoitecer
1172818;2012-09-21;Sexta;16:30:00;RJ;101;322.0;NITEROI;Outras;Colisao lateral;Sem Vitimas;Pleno dia
1172859;2012-09-21;Sexta;19:15:00;RJ;101;322.0;NITEROI;Outras;Colisao lateral;Sem Vitimas;Plena noite
1172927;2012-09-17;Segunda;13:30:00;RJ;101;319.0;SAO GONCALO;Outras;Colisao traseira;Sem Vitimas;Pleno dia
1173124;2012-09-22;Sabado;06:40:00;RJ;101;309.0;SAO GONCALO;Outras;Colisao lateral;Sem Vitimas;Amanhecer
1173200;2012-09-22;Sabado;06:00:00;RJ;101;320.0;NITEROI;Outras;Colisao com objeto fixo;Sem Vitimas;Pleno dia
1173232;2012-09-22;Sabado;11:30:00;RJ;101;320.0;NITEROI;Outras;Colisao traseira;Sem Vitimas;Pleno dia
1173247;2012-09-22;Sabado;13:00:00;RJ;101;323.0;NITEROI;Outras;Colisao traseira;Sem Vitimas;Pleno dia
1173334;2012-09-22;Sabado;13:50:00;RJ;101;327.0;NITEROI;Outras;Queda de motocicleta / bicicleta / veiculo;Com Vitimas Feridas;Pleno dia
1173420;2012-09-22;Sabado;19:50:00;RJ;101;321.0;NITEROI;Outras;Colisao lateral;Sem Vitimas;Plena noite
1173461;2012-09-22;Sabado;21:05:00;RJ;101;327.0;NITEROI;Outras;Colisao traseira;Sem Vitimas;Plena noite
1173500;2012-09-22;Sabado;19:08:00;RJ;101;327.0;NITEROI;Outras;Capotamento;Com Vitimas Feridas;Plena noite
1173507;2012-09-22;Sabado;21:00:00;RJ;101;327.0;RIO DE JANEIRO;Outras;Capotamento;Com Vitimas Feridas;Plena noite
1173549;2012-09-23;Domingo;01:40:00;RJ;101;313.0;SAO GONCALO;Outras;Colisao com objeto fixo;Ignorado;Plena noite
1173576;2012-09-16;Domingo;05:00:00;RJ;101;334.0;RIO DE JANEIRO;Outras;Colisao com objeto fixo;Com Vitimas Feridas;Plena noite
1173594;2012-09-23;Domingo;06:15:00;RJ;101;303.0;SAO GONCALO;Outras;Capotamento;Com Vitimas Feridas;Pleno dia
1173707;2012-09-07;Sexta;21:00:00;RJ;101;326.0;NITEROI;Outras;Queda de motocicleta / bicicleta / veiculo;Sem Vitimas;Plena noite
1173715;2012-09-11;Terca;22:10:00;RJ;101;322.0;NITEROI;Defeito mecanico em veiculo;Colisao traseira;Sem Vitimas;Plena noite
1173726;2012-09-19;Quarta;17:40:00;RJ;101;322.0;NITEROI;Outras;Colisao traseira;Sem Vitimas;Anoitecer
1173809;2012-09-20;Quinta;12:00:00;RJ;101;333.1;RIO DE JANEIRO;Outras;Colisao traseira;Sem Vitimas;Pleno dia
1173817;2012-09-23;Domingo;17:00:00;RJ;101;319.0;SAO GONCALO;Nao guardar distancia de seguranca;Colisao traseira;Sem Vitimas;Pleno dia
1173897;2012-09-23;Domingo;19:30:00;RJ;101;312.0;SAO GONCALO;Falta de atencao;Colisao traseira;Sem Vitimas;Plena noite
1174032;2012-09-24;Segunda;06:38:00;RJ;101;322.0;NITEROI;Outras;Colisao lateral;Com Vitimas Feridas;Pleno dia
1174250;2012-09-24;Segunda;12:10:00;RJ;101;321.0;NITEROI;Falta de atencao;Colisao traseira;Com Vitimas Feridas;Pleno dia
1174599;2012-09-21;Sexta;15:50:00;RJ;101;307.0;SAO GONCALO;Falta de atencao;Colisao traseira;Sem Vitimas;Pleno dia
1174604;2012-09-14;Sexta;20:30:00;RJ;101;324.0;NITEROI;Outras;Colisao traseira;Sem Vitimas;Plena noite
1175119;2012-09-25;Terca;22:00:00;RJ;101;323.0;NITEROI;Outras;Colisao com objeto fixo;Sem Vitimas;Plena noite
1175192;2012-09-12;Quarta;19:40:00;RJ;101;326.0;NITEROI;Nao guardar distancia de seguranca;Colisao lateral;Sem Vitimas;Plena noite
1175194;2012-09-26;Quarta;02:00:00;RJ;101;312.0;SAO GONCALO;Dormindo;Saida de Pista;Com Vitimas Feridas;Plena noite
1175233;2012-09-26;Quarta;04:50:00;RJ;101;321.0;NITEROI;Outras;Colisao lateral;Sem Vitimas;Amanhecer
1175257;2012-09-26;Quarta;07:10:00;RJ;101;315.0;SAO GONCALO;Outras;Colisao lateral;Sem Vitimas;Amanhecer
1175332;2012-09-23;Domingo;02:30:00;RJ;101;327.0;NITEROI;Falta de atencao;Capotamento;Com Vitimas Feridas;Plena noite
1175339;2012-09-26;Quarta;07:57:00;RJ;101;317.0;SAO GONCALO;Outras;Colisao traseira;Sem Vitimas;Pleno dia
1175485;2012-09-26;Quarta;05:50:00;RJ;101;313.0;SAO GONCALO;Outras;Saida de Pista;Sem Vitimas;Amanhecer
1175775;2012-09-27;Quinta;06:20:00;RJ;101;322.0;NITEROI;Outras;Colisao traseira;Sem Vitimas;Pleno dia
1175800;2012-09-27;Quinta;06:45:00;RJ;101;326.0;RIO DE JANEIRO;Outras;Colisao traseira;Sem Vitimas;Pleno dia
1175945;2012-09-27;Quinta;11:30:00;RJ;101;328.0;RIO DE JANEIRO;Outras;Colisao lateral;Sem Vitimas;Pleno dia
1176045;2012-09-27;Quinta;15:20:00;RJ;101;312.0;SAO GONCALO;Outras;Colisao traseira;Sem Vitimas;Pleno dia
1176053;2012-09-27;Quinta;16:30:00;RJ;101;312.0;SAO GONCALO;Falta de atencao;Colisao traseira;Sem Vitimas;Pleno dia
1176065;2012-09-27;Quinta;16:00:00;RJ;101;312.0;SAO GONCALO;Outras;Colisao traseira;Sem Vitimas;Pleno dia
1176662;2012-09-28;Sexta;20:00:00;RJ;101;305.0;SAO GONCALO;Falta de atencao;Colisao traseira;Sem Vitimas;Plena noite
1176679;2012-09-28;Sexta;21:04:00;RJ;101;329.0;NITEROI;Outras;Colisao traseira;Com Vitimas Feridas;Plena noite
1176725;2012-09-28;Sexta;16:00:00;RJ;101;319.0;NITEROI;Nao guardar distancia de seguranca;Colisao traseira;Sem Vitimas;Pleno dia
1176923;2012-09-26;Quarta;02:40:00;RJ;101;313.0;SAO GONCALO;Outras;Saida de Pista;Sem Vitimas;Plena noite
1177165;2012-09-29;Sabado;16:30:00;RJ;101;315.0;SAO GONCALO;Outras;Colisao traseira;Sem Vitimas;Pleno dia
1177319;2012-09-30;Domingo;00:30:00;RJ;101;321.0;SAO GONCALO;Outras;Colisao lateral;Sem Vitimas;Plena noite
1177569;2012-09-30;Domingo;13:00:00;RJ;101;320.0;NITEROI;Outras;Queda de motocicleta / bicicleta / veiculo;Com Vitimas Feridas;Pleno dia
1177601;2012-09-30;Domingo;15:30:00;RJ;101;322.0;NITEROI;Outras;Colisao traseira;Sem Vitimas;Pleno dia
1177698;2012-09-30;Domingo;19:10:00;RJ;101;309.0;SAO GONCALO;Outras;Queda de motocicleta / bicicleta / veiculo;Com Vitimas Feridas;Plena noite
1177764;2012-09-30;Domingo;21:30:00;RJ;101;318.0;SAO GONCALO;Dormindo;Saida de Pista;Sem Vitimas;Plena noite
1177805;2012-10-01;Segunda;00:00:00;RJ;101;322.0;NITEROI;Defeito mecanico em veiculo;Colisao com objeto fixo;Sem Vitimas;Plena noite
1177809;2012-10-01;Segunda;00:30:00;RJ;101;303.0;SAO GONCALO;Outras;Saida de Pista;Sem Vitimas;Plena noite
1177872;2012-10-01;Segunda;05:45:00;RJ;101;318.0;SAO GONCALO;Outras;Colisao traseira;Sem Vitimas;Pleno dia
1177933;2012-10-01;Segunda;08:10:00;RJ;101;329.0;RIO DE JANEIRO;Outras;Colisao lateral;Sem Vitimas;Pleno dia
1178128;2012-09-07;Sexta;08:15:00;RJ;101;304.0;SAO GONCALO;Outras;Colisao traseira;Sem Vitimas;Pleno dia
1178169;2012-09-20;Quinta;22:30:00;RJ;101;305.0;SAO GONCALO;Outras;Atropelamento de pessoa;Com Vitimas Feridas;Plena noite
1178193;2012-09-20;Quinta;16:26:00;RJ;101;310.0;SAO GONCALO;Outras;Colisao lateral;Sem Vitimas;Pleno dia
1178219;2012-10-01;Segunda;08:15:00;RJ;101;317.0;SAO GONCALO;Falta de atencao;Colisao traseira;Sem Vitimas;Pleno dia
1178283;2012-10-01;Segunda;19:00:00;RJ;101;322.0;NITEROI;Outras;Colisao lateral;Sem Vitimas;Plena noite
1178705;2012-09-29;Sabado;02:10:00;RJ;101;312.0;SAO GONCALO;Outras;Capotamento;Com Vitimas Feridas;Plena noite
1179110;2012-10-03;Quarta;08:00:00;RJ;101;329.0;RIO DE JANEIRO;Outras;Colisao traseira;Sem Vitimas;Pleno dia
1179170;2012-10-03;Quarta;10:55:00;RJ;101;328.0;RIO DE JANEIRO;Nao guardar distancia de seguranca;Colisao traseira;Sem Vitimas;Pleno dia
1179187;2012-10-03;Quarta;10:53:00;RJ;101;328.0;RIO DE JANEIRO;Outras;Colisao traseira;Com Vitimas Feridas;Pleno dia
1179355;2012-10-03;Quarta;15:30:00;RJ;101;308.0;SAO GONCALO;Outras;Queda de motocicleta / bicicleta / veiculo;Ignorado;Pleno dia
1179366;2012-10-03;Quarta;19:38:00;RJ;101;322.0;NITEROI;Falta de atencao;Colisao traseira;Sem Vitimas;Plena noite
1179369;2012-10-03;Quarta;17:50:00;RJ;101;333.0;RIO DE JANEIRO;Outras;Colisao traseira;Sem Vitimas;Anoitecer
1179502;2012-10-04;Quinta;01:40:00;RJ;101;326.0;NITEROI;Falta de atencao;Colisao traseira;Sem Vitimas;Plena noite
1179664;2012-10-04;Quinta;12:00:00;RJ;101;327.0;RIO DE JANEIRO;Outras;Colisao lateral;Com Vitimas Feridas;Pleno dia
1179747;2012-10-04;Quinta;13:50:00;RJ;101;304.0;SAO GONCALO;Outras;Colisao traseira;Sem Vitimas;Pleno dia
1179861;2012-10-04;Quinta;20:00:00;RJ;101;330.0;RIO DE JANEIRO;Falta de atencao;Colisao traseira;Sem Vitimas;Plena noite
1179871;2012-10-04;Quinta;20:15:00;RJ;101;322.0;NITEROI;Outras;Colisao lateral;Sem Vitimas;Plena noite
1179878;2012-10-04;Quinta;10:10:00;RJ;101;320.0;NITEROI;Outras;Colisao com objeto movel;Com Vitimas Feridas;Pleno dia
1179929;2012-10-04;Quinta;23:30:00;RJ;101;328.0;RIO DE JANEIRO;Outras;Colisao traseira;Sem Vitimas;Plena noite
1180233;2012-09-01;Sabado;06:00:00;RJ;101;314.0;SAO GONCALO;Outras;Colisao lateral;Sem Vitimas;Amanhecer
1180263;2012-10-05;Sexta;16:00:00;RJ;101;323.0;NITEROI;Outras;Colisao lateral;Sem Vitimas;Pleno dia
1180265;2012-10-02;Terca;02:00:00;RJ;101;303.0;SAO GONCALO;Outras;Colisao com objeto fixo;Com Vitimas Feridas;Amanhecer
1180280;2012-10-05;Sexta;16:30:00;RJ;101;320.0;NITEROI;Outras;Colisao lateral;Sem Vitimas;Pleno dia
1180291;2012-10-05;Sexta;17:10:00;RJ;101;317.0;SAO GONCALO;Falta de atencao;Colisao traseira;Sem Vitimas;Pleno dia
1180357;2012-10-05;Sexta;19:00:00;RJ;101;306.0;SAO GONCALO;Outras;Colisao traseira;Sem Vitimas;Plena noite
1180372;2012-10-05;Sexta;20:00:00;RJ;101;305.0;SAO GONCALO;Falta de atencao;Colisao traseira;Sem Vitimas;Plena noite
1180716;2012-10-06;Sabado;11:15:00;RJ;101;315.0;SAO GONCALO;Outras;Colisao lateral;Sem Vitimas;Pleno dia
1180801;2012-10-06;Sabado;15:00:00;RJ;101;329.0;NITEROI;Outras;Colisao traseira;Sem Vitimas;Pleno dia
1181042;2012-10-07;Domingo;03:00:00;RJ;101;299.0;SAO GONCALO;Outras;Saida de Pista;Sem Vitimas;Plena noite
1181058;2012-10-07;Domingo;04:50:00;RJ;101;316.0;SAO GONCALO;Outras;Atropelamento de pessoa;Com Vitimas Feridas;Plena noite
1181123;2012-10-03;Quarta;12:33:00;RJ;101;328.0;NITEROI;Outras;Colisao lateral;Sem Vitimas;Pleno dia
1181174;2012-10-07;Domingo;11:36:00;RJ;101;332.0;NITEROI;Outras;Colisao traseira;Com Vitimas Feridas;Pleno dia
1181196;2012-10-07;Domingo;10:40:00;RJ;101;316.0;SAO GONCALO;Outras;Colisao lateral;Sem Vitimas;Pleno dia
1181197;2012-10-07;Domingo;13:00:00;RJ;101;328.0;NITEROI;Falta de atencao;Colisao traseira;Com Vitimas Feridas;Pleno dia
1181459;2012-10-08;Segunda;00:30:00;RJ;101;311.0;SAO GONCALO;Outras;Colisao traseira;Sem Vitimas;Plena noite
1181510;2012-08-09;Quinta;18:25:00;RJ;101;310.0;SAO GONCALO;Defeito na via;Queda de motocicleta / bicicleta / veiculo;Com Vitimas Feridas;Plena noite
1181840;2012-10-03;Quarta;21:00:00;RJ;101;322.0;NITEROI;Outras;Colisao lateral;Sem Vitimas;Plena noite
1181935;2012-10-08;Segunda;21:00:00;RJ;101;313.0;SAO GONCALO;Outras;Queda de motocicleta / bicicleta / veiculo;Com Vitimas Feridas;Plena noite
1182098;2012-10-09;Terca;07:15:00;RJ;101;324.0;NITEROI;Outras;Colisao traseira;Sem Vitimas;Pleno dia
1182099;2012-10-09;Terca;06:30:00;RJ;101;322.0;NITEROI;Outras;Colisao traseira;Sem Vitimas;Pleno dia
1182441;2012-10-09;Terca;14:26:00;RJ;101;332.0;RIO DE JANEIRO;Outras;Colisao traseira;Com Vitimas Feridas;Pleno dia
1182476;2012-10-09;Terca;17:47:00;RJ;101;329.0;NITEROI;Outras;Colisao traseira;Com Vitimas Feridas;Anoitecer
1182497;2012-10-09;Terca;19:20:00;RJ;101;322.0;NITEROI;Falta de atencao;Colisao lateral;Sem Vitimas;Plena noite
1182572;2012-10-09;Terca;21:45:00;RJ;101;308.0;SAO GONCALO;Outras;Colisao traseira;Sem Vitimas;Plena noite
1182717;2012-10-07;Domingo;05:00:00;RJ;101;316.0;SAO GONCALO;Outras;Saida de Pista;Sem Vitimas;Amanhecer
1182734;2012-10-10;Quarta;06:30:00;RJ;101;317.0;SAO GONCALO;Defeito mecanico em veiculo;Colisao traseira;Sem Vitimas;Pleno dia
1182776;2012-10-10;Quarta;09:30:00;RJ;101;330.0;NITEROI;Outras;Colisao traseira;Sem Vitimas;Pleno dia
1182818;2012-10-10;Quarta;10:00:00;RJ;101;301.0;SAO GONCALO;Outras;Saida de Pista;Sem Vitimas;Pleno dia
1182861;2012-10-10;Quarta;12:30:00;RJ;101;312.0;SAO GONCALO;Outras;Colisao com objeto movel;Sem Vitimas;Pleno dia
1182970;2012-10-10;Quarta;15:30:00;RJ;101;328.0;NITEROI;Outras;Colisao traseira;Sem Vitimas;Pleno dia
1183048;2012-10-10;Quarta;17:05:00;RJ;101;330.0;RIO DE JANEIRO;Nao guardar distancia de seguranca;Colisao traseira;Sem Vitimas;Plena noite
1183077;2012-10-10;Quarta;10:40:00;RJ;101;315.0;SAO GONCALO;Falta de atencao;Colisao traseira;Sem Vitimas;Pleno dia
1183079;2012-10-10;Quarta;10:40:00;RJ;101;315.0;SAO GONCALO;Outras;Saida de Pista;Com Vitimas Feridas;Pleno dia
1183200;2012-10-10;Quarta;20:30:00;RJ;101;299.0;SAO GONCALO;Outras;Colisao com objeto movel;Sem Vitimas;Anoitecer
1183266;2012-10-10;Quarta;23:40:00;RJ;101;330.0;RIO DE JANEIRO;Outras;Colisao traseira;Sem Vitimas;Plena noite
1183538;2012-10-11;Quinta;14:00:00;RJ;101;323.0;NITEROI;Outras;Colisao traseira;Sem Vitimas;Pleno dia
1183604;2012-10-11;Quinta;14:30:00;RJ;101;311.0;SAO GONCALO;Outras;Colisao lateral;Sem Vitimas;Pleno dia
1183786;2012-10-11;Quinta;20:42:00;RJ;101;322.0;NITEROI;Outras;Colisao lateral;Sem Vitimas;Plena noite
1183794;2012-10-11;Quinta;20:30:00;RJ;101;334.0;RIO DE JANEIRO;Outras;Colisao lateral;Sem Vitimas;Plena noite
1183893;2012-10-11;Quinta;16:40:00;RJ;101;306.0;SAO GONCALO;Nao guardar distancia de seguranca;Colisao traseira;Sem Vitimas;Pleno dia
1183906;2012-10-12;Sexta;00:30:00;RJ;101;324.0;NITEROI;Outras;Colisao traseira;Sem Vitimas;Plena noite
1183949;2012-10-12;Sexta;02:43:00;RJ;101;322.0;NITEROI;Outras;Colisao lateral;Sem Vitimas;Plena noite
1184024;2012-10-12;Sexta;08:00:00;RJ;101;325.0;NITEROI;Outras;Colisao traseira;Sem Vitimas;Pleno dia
1184081;2012-10-12;Sexta;05:28:00;RJ;101;323.0;NITEROI;Outras;Colisao traseira;Sem Vitimas;Amanhecer
1184116;2012-10-12;Sexta;11:20:00;RJ;101;323.0;NITEROI;Outras;Colisao traseira;Sem Vitimas;Pleno dia
1184127;2012-10-12;Sexta;10:30:00;RJ;101;300.0;SAO GONCALO;Outras;Colisao traseira;Sem Vitimas;Pleno dia
1184425;2012-10-12;Sexta;20:30:00;RJ;101;322.0;NITEROI;Falta de atencao;Colisao lateral;Sem Vitimas;Plena noite
1184564;2012-10-13;Sabado;04:00:00;RJ;101;321.0;NITEROI;Outras;Capotamento;Sem Vitimas;Plena noite
1184750;2012-10-10;Quarta;20:00:00;RJ;101;310.0;SAO GONCALO;Outras;Colisao traseira;Com Vitimas Feridas;Plena noite
1185130;2012-10-14;Domingo;04:30:00;RJ;101;319.0;SAO GONCALO;Falta de atencao;Saida de Pista;Sem Vitimas;Plena noite
1185585;2012-10-09;Terca;19:40:00;RJ;101;322.0;NITEROI;Outras;Colisao lateral;Sem Vitimas;Plena noite
1185694;2012-10-12;Sexta;02:40:00;RJ;101;315.0;SAO GONCALO;Outras;Colisao lateral;Sem Vitimas;Amanhecer
1185989;2012-10-15;Segunda;14:00:00;RJ;101;315.0;SAO GONCALO;Falta de atencao;Colisao traseira;Sem Vitimas;Pleno dia
1186211;2012-10-15;Segunda;18:10:00;RJ;101;320.0;NITEROI;Outras;Colisao traseira;Sem Vitimas;Anoitecer
1186286;2012-10-15;Segunda;20:30:00;RJ;101;330.0;RIO DE JANEIRO;Outras;Colisao lateral;Sem Vitimas;Plena noite
1186350;2012-10-16;Terca;01:20:00;RJ;101;326.0;NITEROI;Dormindo;Colisao traseira;Sem Vitimas;Plena noite
1186415;2012-10-13;Sabado;04:30:00;RJ;101;299.0;SAO GONCALO;Outras;Saida de Pista;Sem Vitimas;Amanhecer
1186519;2012-10-16;Terca;09:30:00;RJ;101;321.0;NITEROI;Falta de atencao;Colisao traseira;Sem Vitimas;Pleno dia
1186593;2012-10-16;Terca;11:45:00;RJ;101;314.0;SAO GONCALO;Falta de atencao;Colisao traseira;Sem Vitimas;Pleno dia
1186616;2012-10-12;Sexta;23:30:00;RJ;101;299.0;SAO GONCALO;Outras;Colisao Transversal;Sem Vitimas;Plena noite
1186660;2012-10-13;Sabado;05:00:00;RJ;101;304.0;SAO GONCALO;Outras;Colisao com objeto fixo;Sem Vitimas;Amanhecer
1186762;2012-10-16;Terca;07:20:00;RJ;101;316.5;SAO GONCALO;Nao guardar distancia de seguranca;Colisao traseira;Sem Vitimas;Pleno dia
1186800;2012-10-16;Terca;17:00:00;RJ;101;324.0;NITEROI;Outras;Colisao traseira;Com Vitimas Feridas;Pleno dia
1186811;2012-10-16;Terca;19:00:00;RJ;101;312.0;SAO GONCALO;Outras;Colisao traseira;Sem Vitimas;Plena noite
1186841;2012-10-16;Terca;17:20:00;RJ;101;307.0;SAO GONCALO;Desobediencia a sinalizacao;Atropelamento de pessoa;Com Vitimas Feridas;Pleno dia
1186854;2012-10-16;Terca;16:35:00;RJ;101;307.0;SAO GONCALO;Outras;Colisao traseira;Sem Vitimas;Pleno dia
1186994;2012-09-23;Domingo;20:20:00;RJ;101;320.0;NITEROI;Outras;Colisao lateral;Com Vitimas Feridas;Plena noite
1187115;2012-10-17;Quarta;07:00:00;RJ;101;321.0;NITEROI;Outras;Colisao traseira;Sem Vitimas;Pleno dia
1187138;2012-10-17;Quarta;09:00:00;RJ;101;328.0;NITEROI;Outras;Colisao traseira;Sem Vitimas;Pleno dia
1187170;2012-10-17;Quarta;11:00:00;RJ;101;330.0;RIO DE JANEIRO;Outras;Colisao traseira;Sem Vitimas;Pleno dia
1187309;2012-10-17;Quarta;18:30:00;RJ;101;330.0;RIO DE JANEIRO;Outras;Danos Eventuais;Sem Vitimas;Anoitecer
1188087;2012-10-19;Sexta;06:40:00;RJ;101;329.0;RIO DE JANEIRO;Outras;Colisao lateral;Sem Vitimas;Pleno dia
1188146;2012-10-19;Sexta;08:10:00;RJ;101;330.0;RIO DE JANEIRO;Outras;Colisao traseira;Sem Vitimas;Pleno dia
1188173;2012-10-19;Sexta;09:20:00;RJ;101;318.0;SAO GONCALO;Outras;Colisao lateral;Sem Vitimas;Pleno dia
1188205;2012-10-19;Sexta;08:15:00;RJ;101;331.0;RIO DE JANEIRO;Outras;Colisao traseira;Com Vitimas Feridas;Pleno dia
1188245;2012-10-19;Sexta;12:05:00;RJ;101;310.0;SAO GONCALO;Outras;Colisao lateral;Com Vitimas Feridas;Pleno dia
1188283;2012-10-19;Sexta;13:00:00;RJ;101;313.0;SAO GONCALO;Desobediencia a sinalizacao;Colisao lateral;Sem Vitimas;Pleno dia
1188322;2012-10-19;Sexta;15:10:00;RJ;101;313.0;SAO GONCALO;Falta de atencao;Colisao traseira;Sem Vitimas;Pleno dia
1188383;2012-10-19;Sexta;16:30:00;RJ;101;320.0;NITEROI;Outras;Colisao traseira;Sem Vitimas;Pleno dia
1188463;2012-10-19;Sexta;19:30:00;RJ;101;320.0;NITEROI;Outras;Colisao lateral;Sem Vitimas;Plena noite
1188514;2012-10-16;Terca;03:00:00;RJ;101;306.0;SAO GONCALO;Outras;Colisao traseira;Com Vitimas Feridas;Plena noite
1188552;2012-10-19;Sexta;21:00:00;RJ;101;302.0;SAO GONCALO;Outras;Colisao com objeto fixo;Sem Vitimas;Plena noite
1188599;2012-10-19;Sexta;23:00:00;RJ;101;320.0;NITEROI;Outras;Colisao lateral;Sem Vitimas;Plena noite
1188714;2012-10-20;Sabado;05:40:00;RJ;101;330.0;RIO DE JANEIRO;Outras;Colisao lateral;Com Vitimas Feridas;Amanhecer
1188760;2012-10-20;Sabado;09:00:00;RJ;101;321.0;NITEROI;Outras;Colisao traseira;Sem Vitimas;Pleno dia
1188800;2012-10-20;Sabado;11:20:00;RJ;101;322.0;NITEROI;Outras;Colisao traseira;Sem Vitimas;Pleno dia
1188818;2012-10-16;Terca;08:00:00;RJ;101;317.0;SAO GONCALO;Nao guardar distancia de seguranca;Colisao traseira;Sem Vitimas;Pleno dia
1188876;2012-10-16;Terca;16:10:00;RJ;101;307.0;SAO GONCALO;Outras;Colisao com objeto fixo;Sem Vitimas;Pleno dia
1188925;2012-10-20;Sabado;16:00:00;RJ;101;322.0;NITEROI;Falta de atencao;Colisao traseira;Sem Vitimas;Pleno dia
1188953;2012-10-20;Sabado;17:20:00;RJ;101;322.0;NITEROI;Nao guardar distancia de seguranca;Colisao lateral;Sem Vitimas;Anoitecer
1189206;2012-10-21;Domingo;06:51:00;RJ;101;315.0;NITEROI;Outras;Colisao traseira;Sem Vitimas;Amanhecer
1189269;2012-10-21;Domingo;07:40:00;RJ;101;328.0;NITEROI;Outras;Colisao lateral;Sem Vitimas;Pleno dia
1189307;2012-10-21;Domingo;13:30:00;RJ;101;329.0;RIO DE JANEIRO;Outras;Colisao traseira;Sem Vitimas;Pleno dia
1189486;2012-09-27;Quinta;23:20:00;RJ;101;322.0;NITEROI;Defeito mecanico em veiculo;Colisao com objeto movel;Sem Vitimas;Plena noite
1189856;2012-10-14;Domingo;23:20:00;RJ;101;304.0;SAO GONCALO;Outras;Colisao traseira;Sem Vitimas;Plena noite
1189928;2012-10-18;Quinta;09:00:00;RJ;101;306.0;SAO GONCALO;Outras;Derramamento de Carga;Sem Vitimas;Pleno dia
1190320;2012-10-23;Terca;08:45:00;RJ;101;322.0;NITEROI;Outras;Colisao com objeto fixo;Sem Vitimas;Pleno dia
1190420;2012-10-23;Terca;12:40:00;RJ;101;324.0;NITEROI;Dormindo;Colisao lateral;Sem Vitimas;Pleno dia
1190423;2012-10-23;Terca;12:30:00;RJ;101;328.0;RIO DE JANEIRO;Outras;Colisao traseira;Sem Vitimas;Pleno dia
1190485;2012-10-23;Terca;14:10:00;RJ;101;330.0;RIO DE JANEIRO;Outras;Colisao traseira;Com Vitimas Feridas;Pleno dia
1190518;2012-10-23;Terca;13:48:00;RJ;101;324.0;NITEROI;Outras;Colisao traseira;Sem Vitimas;Pleno dia
1190592;2012-10-23;Terca;17:20:00;RJ;101;322.0;NITEROI;Outras;Colisao lateral;Sem Vitimas;Anoitecer
1190675;2012-10-23;Terca;18:00:00;RJ;101;299.0;SAO GONCALO;Outras;Capotamento;Sem Vitimas;Pleno dia
1190887;2012-10-24;Quarta;07:30:00;RJ;101;327.0;NITEROI;Outras;Colisao traseira;Sem Vitimas;Pleno dia
1190966;2012-10-24;Quarta;09:30:00;RJ;101;333.0;RIO DE JANEIRO;Outras;Colisao traseira;Com Vitimas Feridas;Pleno dia
1190967;2012-10-24;Quarta;07:40:00;RJ;101;318.0;SAO GONCALO;Outras;Colisao lateral;Com Vitimas Feridas;Pleno dia
1191085;2012-10-24;Quarta;15:40:00;RJ;101;320.0;NITEROI;Outras;Colisao traseira;Sem Vitimas;Pleno dia
1191506;2012-10-25;Quinta;11:55:00;RJ;101;328.0;RIO DE JANEIRO;Outras;Colisao lateral;Sem Vitimas;Pleno dia
1191599;2012-10-25;Quinta;11:55:00;RJ;101;328.0;RIO DE JANEIRO;Outras;Colisao traseira;Sem Vitimas;Pleno dia
1191709;2012-10-25;Quinta;19:46:00;RJ;101;322.0;NITEROI;Outras;Colisao lateral;Sem Vitimas;Plena noite
1191723;2012-10-21;Domingo;11:25:00;RJ;101;329.0;RIO DE JANEIRO;Ultrapassagem indevida;Colisao traseira;Com Vitimas Feridas;Pleno dia
1191842;2012-10-26;Sexta;04:30:00;RJ;101;312.0;SAO GONCALO;Outras;Queda de motocicleta / bicicleta / veiculo;Sem Vitimas;Plena noite
1191939;2012-10-26;Sexta;11:05:00;RJ;101;322.0;NITEROI;Outras;Colisao lateral;Sem Vitimas;Pleno dia
1192047;2012-10-13;Sabado;05:10:00;RJ;101;314.0;SAO GONCALO;Animais na Pista;Saida de Pista;Com Vitimas Feridas;Plena noite
1192117;2012-10-22;Segunda;08:30:00;RJ;101;305.0;SAO GONCALO;Falta de atencao;Colisao com bicicleta;Com Vitimas Feridas;Pleno dia
1192202;2012-10-26;Sexta;17:00:00;RJ;101;309.0;SAO GONCALO;Outras;Colisao traseira;Sem Vitimas;Pleno dia
1192468;2012-10-27;Sabado;11:20:00;RJ;101;320.0;NITEROI;Outras;Colisao com objeto fixo;Sem Vitimas;Pleno dia
1192530;2012-10-27;Sabado;14:15:00;RJ;101;322.0;NITEROI;Falta de atencao;Colisao traseira;Sem Vitimas;Pleno dia
1192591;2012-10-27;Sabado;17:44:00;RJ;101;322.0;NITEROI;Outras;Colisao lateral;Sem Vitimas;Pleno dia
1192598;2012-10-27;Sabado;16:51:00;RJ;101;326.0;NITEROI;Defeito mecanico em veiculo;Colisao traseira;Com Vitimas Feridas;Pleno dia
1192833;2012-10-28;Domingo;04:55:00;RJ;101;313.0;SAO GONCALO;Outras;Queda de motocicleta / bicicleta / veiculo;Com Vitimas Feridas;Plena noite
1193137;2012-10-28;Domingo;19:55:00;RJ;101;303.0;SAO GONCALO;Nao guardar distancia de seguranca;Colisao traseira;Sem Vitimas;Plena noite
1193172;2012-10-28;Domingo;20:50:00;RJ;101;303.0;SAO GONCALO;Outras;Colisao traseira;Sem Vitimas;Plena noite
1193173;2012-10-28;Domingo;12:20:00;RJ;101;315.0;SAO GONCALO;Outras;Saida de Pista;Sem Vitimas;Pleno dia
1193189;2012-10-28;Domingo;16:30:00;RJ;101;312.0;SAO GONCALO;Outras;Atropelamento de pessoa;Com Vitimas Feridas;Pleno dia
1193197;2012-10-28;Domingo;20:40:00;RJ;101;306.0;SAO GONCALO;Outras;Colisao lateral;Com Vitimas Feridas;Plena noite
1193307;2012-10-25;Quinta;17:25:00;RJ;101;322.0;NITEROI;Outras;Atropelamento de pessoa;Com Vitimas Feridas;Pleno dia
1193343;2012-10-29;Segunda;07:30:00;RJ;101;329.0;RIO DE JANEIRO;Outras;Colisao traseira;Sem Vitimas;Pleno dia
1193386;2012-10-29;Segunda;08:40:00;RJ;101;323.0;NITEROI;Outras;Colisao traseira;Sem Vitimas;Pleno dia
1193422;2012-10-26;Sexta;16:41:00;RJ;101;322.0;NITEROI;Outras;Colisao traseira;Sem Vitimas;Pleno dia
1193426;2012-10-26;Sexta;19:00:00;RJ;101;322.0;NITEROI;Outras;Colisao traseira;Sem Vitimas;Anoitecer
1193524;2012-10-23;Terca;16:40:00;RJ;101;322.0;NITEROI;Outras;Colisao traseira;Sem Vitimas;Pleno dia
1193633;2012-10-29;Segunda;18:30:00;RJ;101;329.0;RIO DE JANEIRO;Outras;Colisao traseira;Sem Vitimas;Anoitecer
1193883;2012-10-28;Domingo;20:40:00;RJ;101;307.0;SAO GONCALO;Outras;Colisao traseira;Com Vitimas Feridas;Plena noite
1193949;2012-10-30;Terca;14:00:00;RJ;101;321.0;NITEROI;Falta de atencao;Colisao com objeto fixo;Sem Vitimas;Pleno dia
1194044;2012-10-30;Terca;12:40:00;RJ;101;325.0;RIO DE JANEIRO;Nao guardar distancia de seguranca;Colisao traseira;Sem Vitimas;Pleno dia
1194273;2012-10-27;Sabado;23:30:00;RJ;101;317.0;SAO GONCALO;Outras;Colisao com objeto movel;Com Vitimas Feridas;Amanhecer
1194347;2012-10-31;Quarta;08:20:00;RJ;101;317.0;SAO GONCALO;Falta de atencao;Colisao lateral;Sem Vitimas;Pleno dia
1194430;2012-10-31;Quarta;12:10:00;RJ;101;307.0;SAO GONCALO;Falta de atencao;Colisao traseira;Sem Vitimas;Pleno dia
1194465;2012-10-31;Quarta;11:00:00;RJ;101;317.0;SAO GONCALO;Falta de atencao;Colisao traseira;Sem Vitimas;Pleno dia
1194591;2012-10-31;Quarta;17:45:00;RJ;101;322.0;NITEROI;Outras;Colisao traseira;Sem Vitimas;Anoitecer
1194721;2012-10-31;Quarta;22:48:00;RJ;101;323.0;NITEROI;Outras;Colisao lateral;Sem Vitimas;Plena noite
1194921;2012-11-01;Quinta;10:30:00;RJ;101;323.0;NITEROI;Outras;Colisao traseira;Sem Vitimas;Pleno dia
1195099;2012-11-01;Quinta;19:10:00;RJ;101;322.0;NITEROI;Outras;Colisao lateral;Sem Vitimas;Plena noite
1195143;2012-11-01;Quinta;19:40:00;RJ;101;306.0;SAO GONCALO;Outras;Colisao traseira;Sem Vitimas;Pleno dia
1195160;2012-11-01;Quinta;20:10:00;RJ;101;306.6;SAO GONCALO;Outras;Colisao traseira;Sem Vitimas;Plena noite
1195192;2012-11-01;Quinta;21:30:00;RJ;101;321.0;NITEROI;Nao guardar distancia de seguranca;Colisao traseira;Sem Vitimas;Plena noite
1196013;2012-10-30;Terca;23:50:00;RJ;101;331.0;NITEROI;Outras;Colisao traseira;Com Vitimas Feridas;Plena noite
1196096;2012-11-03;Sabado;16:40:00;RJ;101;307.0;SAO GONCALO;Outras;Colisao lateral;Sem Vitimas;Pleno dia
1196187;2012-11-03;Sabado;16:10:00;RJ;101;300.0;SAO GONCALO;Falta de atencao;Colisao traseira;Sem Vitimas;Pleno dia
1196735;2012-11-04;Domingo;22:50:00;RJ;101;318.0;SAO GONCALO;Falta de atencao;Colisao lateral;Sem Vitimas;Plena noite
1196894;2012-11-05;Segunda;07:50:00;RJ;101;321.0;NITEROI;Outras;Colisao lateral;Sem Vitimas;Pleno dia
1196950;2012-11-05;Segunda;09:02:00;RJ;101;331.0;RIO DE JANEIRO;Outras;Colisao traseira;Sem Vitimas;Pleno dia
1197125;2012-11-05;Segunda;16:00:00;RJ;101;322.0;NITEROI;Outras;Colisao lateral;Sem Vitimas;Pleno dia
1197157;2012-11-05;Segunda;16:50:00;RJ;101;334.0;RIO DE JANEIRO;Outras;Colisao lateral;Sem Vitimas;Pleno dia
1197316;2012-11-05;Segunda;22:00:00;RJ;101;320.0;NITEROI;Outras;Colisao traseira;Sem Vitimas;Plena noite
1197358;2012-11-06;Terca;02:00:00;RJ;101;306.0;SAO GONCALO;Animais na Pista;Atropelamento de animal;Sem Vitimas;Plena noite
1197414;2012-11-06;Terca;07:00:00;RJ;101;310.0;SAO GONCALO;Falta de atencao;Queda de motocicleta / bicicleta / veiculo;Com Vitimas Feridas;Pleno dia
1197471;2012-11-06;Terca;09:00:00;RJ;101;320.0;NITEROI;Outras;Queda de motocicleta / bicicleta / veiculo;Com Vitimas Feridas;Pleno dia
1197579;2012-11-06;Terca;12:10:00;RJ;101;320.0;NITEROI;Outras;Colisao lateral;Sem Vitimas;Pleno dia
1197895;2012-11-06;Terca;17:15:00;RJ;101;322.0;NITEROI;Outras;Colisao lateral;Sem Vitimas;Pleno dia
1197951;2012-11-04;Domingo;05:30:00;RJ;101;307.0;SAO GONCALO;Outras;Capotamento;Com Vitimas Feridas;Plena noite
1198261;2012-11-07;Quarta;17:50:00;RJ;101;323.0;NITEROI;Nao guardar distancia de seguranca;Colisao traseira;Sem Vitimas;Pleno dia
1198316;2012-11-07;Quarta;19:00:00;RJ;101;330.0;NITEROI;Outras;Colisao lateral;Sem Vitimas;Plena noite
1198552;2012-11-08;Quinta;11:40:00;RJ;101;331.0;RIO DE JANEIRO;Outras;Colisao traseira;Sem Vitimas;Pleno dia
1198715;2012-11-08;Quinta;13:44:00;RJ;101;330.0;NITEROI;Outras;Colisao traseira;Com Vitimas Feridas;Pleno dia
1198779;2012-11-08;Quinta;18:40:00;RJ;101;322.0;NITEROI;Outras;Colisao traseira;Sem Vitimas;Anoitecer
1199186;2012-11-09;Sexta;13:00:00;RJ;101;316.0;SAO GONCALO;Outras;Colisao traseira;Sem Vitimas;Pleno dia
1199246;2012-11-09;Sexta;10:30:00;RJ;101;324.0;NITEROI;Outras;Colisao lateral;Sem Vitimas;Pleno dia
1199365;2012-11-09;Sexta;16:20:00;RJ;101;331.0;RIO DE JANEIRO;Outras;Colisao lateral;Sem Vitimas;Pleno dia
1199386;2012-11-06;Terca;02:00:00;RJ;101;306.0;SAO GONCALO;Outras;Saida de Pista;Com Vitimas Feridas;Plena noite
1199426;2012-11-09;Sexta;17:20:00;RJ;101;321.0;NITEROI;Outras;Colisao traseira;Sem Vitimas;Anoitecer
1199619;2012-11-09;Sexta;22:30:00;RJ;101;334.0;RIO DE JANEIRO;Outras;Colisao lateral;Sem Vitimas;Plena noite
1199622;2012-11-09;Sexta;18:00:00;RJ;101;334.0;RIO DE JANEIRO;Outras;Colisao traseira;Sem Vitimas;Pleno dia
1199712;2012-11-10;Sabado;04:00:00;RJ;101;304.0;SAO GONCALO;Falta de atencao;Saida de Pista;Sem Vitimas;Plena noite
1199757;2012-11-10;Sabado;05:40:00;RJ;101;318.0;SAO GONCALO;Outras;Colisao traseira;Sem Vitimas;Amanhecer
1199910;2012-11-10;Sabado;06:00:00;RJ;101;326.0;RIO DE JANEIRO;Outras;Colisao traseira;Sem Vitimas;Pleno dia
1200088;2012-11-10;Sabado;22:10:00;RJ;101;326.0;RIO DE JANEIRO;Outras;Colisao traseira;Sem Vitimas;Plena noite
1200189;2012-11-11;Domingo;12:30:00;RJ;101;323.0;RIO DE JANEIRO;Outras;Colisao traseira;Sem Vitimas;Pleno dia
1200199;2012-11-07;Quarta;11:00:00;RJ;101;314.0;SAO GONCALO;Outras;Colisao traseira;Sem Vitimas;Pleno dia
1200485;2012-11-12;Segunda;08:44:00;RJ;101;332.0;RIO DE JANEIRO;Outras;Colisao traseira;Sem Vitimas;Pleno dia
1201250;2012-11-13;Terca;21:30:00;RJ;101;334.0;RIO DE JANEIRO;Outras;Colisao lateral;Sem Vitimas;Plena noite
1201431;2012-11-08;Quinta;04:40:00;RJ;101;315.0;SAO GONCALO;Outras;Saida de Pista;Sem Vitimas;Plena noite
1202032;2012-11-11;Domingo;13:30:00;RJ;101;328.5;RIO DE JANEIRO;Outras;Colisao traseira;Sem Vitimas;Plena noite
1202211;2012-11-11;Domingo;12:40:00;RJ;101;323.0;NITEROI;Outras;Colisao traseira;Sem Vitimas;Pleno dia
1202230;2012-11-15;Quinta;18:10:00;RJ;101;331.0;RIO DE JANEIRO;Defeito mecanico em veiculo;Colisao com objeto movel;Sem Vitimas;Plena noite
1202252;2012-11-15;Quinta;12:40:00;RJ;101;322.0;NITEROI;Falta de atencao;Colisao lateral;Sem Vitimas;Plena noite
1202339;2012-11-14;Quarta;05:20:00;RJ;101;300.0;SAO GONCALO;Outras;Colisao traseira;Sem Vitimas;Amanhecer
1202396;2012-11-12;Segunda;13:00:00;RJ;101;323.0;NITEROI;Outras;Colisao traseira;Sem Vitimas;Pleno dia
1202435;2012-11-12;Segunda;08:19:00;RJ;101;333.0;RIO DE JANEIRO;Outras;Colisao lateral;Sem Vitimas;Pleno dia
1202437;2012-11-16;Sexta;11:23:00;RJ;101;322.0;NITEROI;Outras;Colisao traseira;Sem Vitimas;Pleno dia
1202561;2012-11-08;Quinta;22:30:00;RJ;101;329.0;NITEROI;Falta de atencao;Colisao traseira;Com Vitimas Feridas;Plena noite
1202586;2012-11-13;Terca;19:50:00;RJ;101;307.0;SAO GONCALO;Outras;Atropelamento de pessoa;Com Vitimas Feridas;Plena noite
1202593;2012-11-13;Terca;20:00:00;RJ;101;319.0;SAO GONCALO;Outras;Saida de Pista;Sem Vitimas;Plena noite
1202660;2012-11-16;Sexta;17:50:00;RJ;101;334.0;RIO DE JANEIRO;Outras;Colisao traseira;Com Vitimas Feridas;Anoitecer
1202744;2012-11-16;Sexta;19:52:00;RJ;101;322.0;NITEROI;Outras;Colisao traseira;Sem Vitimas;Plena noite
1202799;2012-11-16;Sexta;21:50:00;RJ;101;329.0;RIO DE JANEIRO;Outras;Colisao com objeto movel;Sem Vitimas;Plena noite
1202807;2012-11-16;Sexta;23:00:00;RJ;101;322.0;NITEROI;Outras;Colisao com objeto fixo;Sem Vitimas;Plena noite
1202825;2012-11-17;Sabado;00:40:00;RJ;101;320.0;NITEROI;Outras;Colisao com objeto fixo;Sem Vitimas;Plena noite
1202943;2012-11-17;Sabado;08:30:00;RJ;101;321.0;NITEROI;Outras;Colisao lateral;Sem Vitimas;Pleno dia
1202964;2012-11-13;Terca;23:20:00;RJ;101;334.0;RIO DE JANEIRO;Outras;Colisao lateral;Sem Vitimas;Plena noite
1202984;2012-11-17;Sabado;10:00:00;RJ;101;324.0;NITEROI;Outras;Colisao traseira;Sem Vitimas;Pleno dia
1203052;2012-11-13;Terca;11:00:00;RJ;101;312.0;SAO GONCALO;Falta de atencao;Colisao traseira;Sem Vitimas;Pleno dia
1203099;2012-11-13;Terca;20:45:00;RJ;101;319.0;SAO GONCALO;Outras;Colisao traseira;Sem Vitimas;Plena noite
1203119;2012-11-13;Terca;21:30:00;RJ;101;319.0;NITEROI;Outras;Saida de Pista;Sem Vitimas;Plena noite
1203120;2012-11-13;Terca;21:00:00;RJ;101;330.0;RIO DE JANEIRO;Outras;Colisao traseira;Sem Vitimas;Plena noite
1203123;2012-11-09;Sexta;18:40:00;RJ;101;318.0;SAO GONCALO;Outras;Colisao lateral;Sem Vitimas;Pleno dia
1203173;2012-11-17;Sabado;13:50:00;RJ;101;318.0;SAO GONCALO;Falta de atencao;Colisao traseira;Sem Vitimas;Pleno dia
1203247;2012-11-17;Sabado;17:12:00;RJ;101;328.0;RIO DE JANEIRO;Outras;Colisao traseira;Sem Vitimas;Pleno dia
1203367;2012-11-18;Domingo;00:10:00;RJ;101;322.0;NITEROI;Outras;Colisao com objeto fixo;Sem Vitimas;Plena noite
1203368;2012-11-14;Quarta;01:30:00;RJ;101;326.0;NITEROI;Outras;Colisao traseira;Sem Vitimas;Plena noite
1203415;2012-11-18;Domingo;05:00:00;RJ;101;319.5;NITEROI;Outras;Atropelamento de pessoa;Com Vitimas Feridas;Amanhecer
1203484;2012-11-10;Sabado;14:55:00;RJ;101;322.0;NITEROI;Outras;Colisao lateral;Com Vitimas Feridas;Pleno dia
1203612;2012-11-18;Domingo;11:45:00;RJ;101;327.0;RIO DE JANEIRO;Outras;Colisao lateral;Sem Vitimas;Pleno dia
1203646;2012-11-18;Domingo;14:10:00;RJ;101;327.0;RIO DE JANEIRO;Outras;Colisao traseira;Sem Vitimas;Pleno dia
1203671;2012-11-18;Domingo;13:30:00;RJ;101;329.0;RIO DE JANEIRO;Outras;Colisao traseira;Sem Vitimas;Pleno dia
1203845;2012-11-14;Quarta;15:10:00;RJ;101;321.0;NITEROI;Outras;Colisao lateral;Sem Vitimas;Pleno dia
1203922;2012-11-18;Domingo;19:52:00;RJ;101;307.0;SAO GONCALO;Outras;Colisao traseira;Sem Vitimas;Plena noite
1203931;2012-11-14;Quarta;17:30:00;RJ;101;322.0;NITEROI;Outras;Colisao traseira;Sem Vitimas;Pleno dia
1203955;2012-11-15;Quinta;00:20:00;RJ;101;322.0;NITEROI;Ingestao de alcool;Colisao traseira;Sem Vitimas;Plena noite
1203994;2012-11-19;Segunda;03:10:00;RJ;101;332.0;RIO DE JANEIRO;Outras;Incendio;Sem Vitimas;Plena noite
1204037;2012-11-14;Quarta;21:10:00;RJ;101;320.0;NITEROI;Outras;Colisao traseira;Sem Vitimas;Plena noite
1204279;2012-11-19;Segunda;12:00:00;RJ;101;320.0;NITEROI;Outras;Colisao traseira;Com Vitimas Feridas;Pleno dia
1204508;2012-11-20;Terca;11:35:00;RJ;101;333.5;RIO DE JANEIRO;Outras;Colisao traseira;Sem Vitimas;Pleno dia
1204785;2012-11-18;Domingo;23:30:00;RJ;101;325.0;NITEROI;Dormindo;Colisao com objeto fixo;Com Vitimas Feridas;Plena noite
1204835;2012-11-22;Quinta;15:30:00;RJ;101;318.0;SAO GONCALO;Outras;Colisao traseira;Sem Vitimas;Pleno dia
1205143;2012-11-19;Segunda;11:00:00;RJ;101;312.0;SAO GONCALO;Outras;Colisao traseira;Sem Vitimas;Pleno dia
1205226;2012-11-19;Segunda;14:00:00;RJ;101;318.0;SAO GONCALO;Outras;Colisao traseira;Sem Vitimas;Pleno dia
1205288;2012-11-23;Sexta;12:20:00;RJ;101;319.0;SAO GONCALO;Outras;Colisao traseira;Sem Vitimas;Pleno dia
1205329;2012-04-05;Quinta;20:15:00;RJ;101;305.0;SAO GONCALO;Outras;Capotamento;Com Vitimas Feridas;Pleno dia
1205376;2012-11-23;Sexta;18:00:00;RJ;101;314.0;SAO GONCALO;Defeito mecanico em veiculo;Colisao traseira;Sem Vitimas;Anoitecer
1205451;2012-11-23;Sexta;20:00:00;RJ;101;318.0;SAO GONCALO;Outras;Colisao traseira;Sem Vitimas;Anoitecer
1205523;2012-11-23;Sexta;22:30:00;RJ;101;307.0;SAO GONCALO;Outras;Atropelamento de pessoa;Com Vitimas Feridas;Plena noite
1205665;2012-11-20;Terca;10:00:00;RJ;101;322.0;NITEROI;Outras;Colisao com objeto fixo;Com Vitimas Feridas;Pleno dia
1205704;2012-11-21;Quarta;00:30:00;RJ;101;324.0;RIO DE JANEIRO;Outras;Colisao traseira;Sem Vitimas;Plena noite
1205781;2012-11-20;Terca;16:30:00;RJ;101;326.0;NITEROI;Outras;Colisao traseira;Sem Vitimas;Pleno dia
1205794;2012-11-20;Terca;23:15:00;RJ;101;304.5;SAO GONCALO;Outras;Saida de Pista;Com Vitimas Feridas;Plena noite
1205906;2012-11-20;Terca;08:30:00;RJ;101;334.0;RIO DE JANEIRO;Outras;Colisao com objeto fixo;Com Vitimas Feridas;Pleno dia
1205952;2012-11-24;Sabado;14:15:00;RJ;101;320.0;NITEROI;Outras;Colisao traseira;Sem Vitimas;Pleno dia
1206024;2012-11-24;Sabado;14:32:00;RJ;101;323.0;NITEROI;Outras;Colisao lateral;Sem Vitimas;Pleno dia
1206031;2012-11-20;Terca;05:10:00;RJ;101;314.0;SAO GONCALO;Outras;Colisao com objeto fixo;Sem Vitimas;Amanhecer
1206260;2012-11-24;Sabado;23:00:00;RJ;101;299.0;SAO GONCALO;Outras;Colisao traseira;Sem Vitimas;Plena noite
1206442;2012-11-18;Domingo;00:00:00;RJ;101;322.0;NITEROI;Outras;Colisao lateral;Sem Vitimas;Plena noite
1206488;2012-11-21;Quarta;18:30:00;RJ;101;312.0;SAO GONCALO;Falta de atencao;Colisao traseira;Sem Vitimas;Pleno dia
1206564;2012-11-25;Domingo;13:20:00;RJ;101;322.0;NITEROI;Outras;Colisao com objeto fixo;Sem Vitimas;Pleno dia
1206583;2012-11-21;Quarta;10:30:00;RJ;101;321.0;NITEROI;Outras;Colisao traseira;Com Vitimas Feridas;Pleno dia
1206618;2012-11-21;Quarta;19:00:00;RJ;101;311.0;SAO GONCALO;Falta de atencao;Colisao traseira;Sem Vitimas;Anoitecer
1206620;2012-11-25;Domingo;15:10:00;RJ;101;312.0;SAO GONCALO;Outras;Colisao lateral;Com Vitimas Feridas;Pleno dia
1206629;2012-11-21;Quarta;19:00:00;RJ;101;312.0;SAO GONCALO;Falta de atencao;Colisao traseira;Sem Vitimas;Plena noite
1206669;2012-11-21;Quarta;22:30:00;RJ;101;321.0;NITEROI;Nao guardar distancia de seguranca;Colisao traseira;Com Vitimas Feridas;Plena noite
1206689;2012-11-25;Domingo;14:10:00;RJ;101;312.0;SAO GONCALO;Outras;Saida de Pista;Com Vitimas Feridas;Pleno dia
1206705;2012-11-21;Quarta;12:30:00;RJ;101;331.0;RIO DE JANEIRO;Outras;Colisao traseira;Com Vitimas Feridas;Pleno dia
1206710;2012-11-21;Quarta;17:40:00;RJ;101;328.0;RIO DE JANEIRO;Outras;Colisao traseira;Sem Vitimas;Pleno dia
1206793;2012-11-21;Quarta;17:05:00;RJ;101;322.0;NITEROI;Outras;Colisao lateral;Sem Vitimas;Pleno dia
1206828;2012-11-21;Quarta;19:00:00;RJ;101;313.0;SAO GONCALO;Outras;Colisao traseira;Sem Vitimas;Anoitecer
1206830;2012-11-21;Quarta;18:10:00;RJ;101;322.0;NITEROI;Outras;Colisao lateral;Sem Vitimas;Pleno dia
1206847;2012-11-25;Domingo;21:00:00;RJ;101;304.0;SAO GONCALO;Outras;Colisao traseira;Sem Vitimas;Plena noite
1206874;2012-11-06;Terca;14:50:00;RJ;101;322.2;NITEROI;Desobediencia a sinalizacao;Colisao lateral;Com Vitimas Feridas;Pleno dia
1206881;2012-11-21;Quarta;20:55:00;RJ;101;323.0;NITEROI;Outras;Colisao traseira;Sem Vitimas;Plena noite
1206889;2012-11-25;Domingo;19:40:00;RJ;101;334.0;RIO DE JANEIRO;Falta de atencao;Colisao traseira;Sem Vitimas;Plena noite
1207012;2012-11-18;Domingo;13:20:00;RJ;101;329.0;RIO DE JANEIRO;Nao guardar distancia de seguranca;Colisao traseira;Com Vitimas Feridas;Pleno dia
1207244;2012-11-26;Segunda;09:45:00;RJ;101;329.0;RIO DE JANEIRO;Falta de atencao;Colisao lateral;Sem Vitimas;Pleno dia
1207252;2012-11-26;Segunda;12:00:00;RJ;101;313.0;SAO GONCALO;Outras;Colisao traseira;Sem Vitimas;Pleno dia
1207334;2012-11-26;Segunda;14:00:00;RJ;101;325.0;NITEROI;Velocidade incompativel;Danos Eventuais;Sem Vitimas;Pleno dia
1207408;2012-11-26;Segunda;10:30:00;RJ;101;315.0;SAO GONCALO;Outras;Queda de motocicleta / bicicleta / veiculo;Com Vitimas Feridas;Pleno dia
1207411;2012-11-22;Quinta;22:45:00;RJ;101;332.0;RIO DE JANEIRO;Falta de atencao;Capotamento;Com Vitimas Feridas;Plena noite
1207468;2012-11-26;Segunda;16:00:00;RJ;101;319.0;SAO GONCALO;Outras;Colisao traseira;Sem Vitimas;Pleno dia
1207646;2012-11-18;Domingo;07:20:00;RJ;101;305.0;SAO GONCALO;Outras;Queda de motocicleta / bicicleta / veiculo;Com Vitimas Feridas;Pleno dia
1207671;2012-11-26;Segunda;19:30:00;RJ;101;334.0;RIO DE JANEIRO;Falta de atencao;Colisao lateral;Sem Vitimas;Anoitecer
1207687;2012-11-26;Segunda;21:40:00;RJ;101;309.0;SAO GONCALO;Outras;Colisao traseira;Sem Vitimas;Plena noite
1207834;2012-11-23;Sexta;23:00:00;RJ;101;322.0;NITEROI;Outras;Colisao lateral;Sem Vitimas;Plena noite
1208016;2012-11-27;Terca;11:00:00;RJ;101;319.0;SAO GONCALO;Outras;Colisao com objeto fixo;Sem Vitimas;Pleno dia
1208124;2012-11-27;Terca;07:40:00;RJ;101;318.0;SAO GONCALO;Outras;Colisao lateral;Com Vitimas Feridas;Pleno dia
1208261;2012-11-27;Terca;17:40:00;RJ;101;312.0;SAO GONCALO;Outras;Colisao traseira;Sem Vitimas;Pleno dia
1208369;2012-11-27;Terca;18:30:00;RJ;101;312.0;SAO GONCALO;Outras;Colisao traseira;Com Vitimas Feridas;Pleno dia
1208641;2012-11-28;Quarta;08:30:00;RJ;101;318.0;SAO GONCALO;Outras;Colisao traseira;Sem Vitimas;Pleno dia
1208751;2012-11-28;Quarta;10:01:00;RJ;101;327.0;NITEROI;Outras;Colisao traseira;Sem Vitimas;Pleno dia
1208823;2012-11-28;Quarta;10:30:00;RJ;101;310.0;SAO GONCALO;Outras;Colisao traseira;Com Vitimas Feridas;Pleno dia
1208930;2012-11-28;Quarta;17:30:00;RJ;101;322.0;NITEROI;Outras;Colisao traseira;Sem Vitimas;Pleno dia
1208945;2012-11-28;Quarta;17:30:00;RJ;101;321.0;NITEROI;Outras;Colisao traseira;Sem Vitimas;Anoitecer
1209454;2012-05-22;Terca;06:44:00;RJ;101;320.0;NITEROI;Outras;Queda de motocicleta / bicicleta / veiculo;Com Vitimas Feridas;Pleno dia
1209544;2012-11-29;Quinta;18:10:00;RJ;101;310.0;SAO GONCALO;Falta de atencao;Colisao traseira;Com Vitimas Feridas;Pleno dia
1209575;2012-11-29;Quinta;18:50:00;RJ;101;323.0;NITEROI;Outras;Colisao traseira;Sem Vitimas;Anoitecer
1209676;2012-11-29;Quinta;17:30:00;RJ;101;331.0;NITEROI;Outras;Queda de motocicleta / bicicleta / veiculo;Sem Vitimas;Pleno dia
1209690;2012-11-29;Quinta;22:00:00;RJ;101;304.0;SAO GONCALO;Outras;Atropelamento de pessoa;Com Vitimas Fatais;Plena noite
1209692;2012-11-29;Quinta;19:58:00;RJ;101;330.0;RIO DE JANEIRO;Outras;Colisao lateral;Com Vitimas Feridas;Plena noite
1209773;2012-11-27;Terca;11:50:00;RJ;101;322.0;NITEROI;Outras;Colisao traseira;Sem Vitimas;Pleno dia
1209774;2012-11-30;Sexta;06:00:00;RJ;101;316.0;SAO GONCALO;Outras;Colisao lateral;Sem Vitimas;Pleno dia
1209782;2012-11-30;Sexta;07:05:00;RJ;101;322.0;NITEROI;Outras;Colisao traseira;Com Vitimas Feridas;Pleno dia
1209819;2012-11-29;Quinta;02:20:00;RJ;101;328.0;NITEROI;Outras;Colisao traseira;Com Vitimas Fatais;Plena noite
1209865;2012-11-30;Sexta;09:06:00;RJ;101;313.0;SAO GONCALO;Outras;Colisao lateral;Sem Vitimas;Pleno dia
1209906;2012-11-28;Quarta;15:51:00;RJ;101;327.0;NITEROI;Outras;Colisao lateral;Com Vitimas Feridas;Pleno dia
1209973;2012-11-30;Sexta;14:45:00;RJ;101;322.0;NITEROI;Falta de atencao;Colisao traseira;Sem Vitimas;Pleno dia
1209989;2012-11-30;Sexta;13:25:00;RJ;101;331.0;RIO DE JANEIRO;Outras;Colisao traseira;Com Vitimas Feridas;Pleno dia
1210108;2012-11-30;Sexta;18:45:00;RJ;101;322.0;NITEROI;Nao guardar distancia de seguranca;Danos Eventuais;Sem Vitimas;Anoitecer
1210138;2012-11-30;Sexta;19:30:00;RJ;101;320.0;NITEROI;Nao guardar distancia de seguranca;Colisao lateral;Sem Vitimas;Plena noite
1210170;2012-11-30;Sexta;21:00:00;RJ;101;328.0;RIO DE JANEIRO;Falta de atencao;Colisao lateral;Sem Vitimas;Plena noite
1210178;2012-11-30;Sexta;20:05:00;RJ;101;322.0;NITEROI;Outras;Danos Eventuais;Com Vitimas Feridas;Plena noite
1210188;2012-11-30;Sexta;23:00:00;RJ;101;322.0;NITEROI;Falta de atencao;Colisao lateral;Sem Vitimas;Plena noite
1210204;2012-11-30;Sexta;23:20:00;RJ;101;322.0;NITEROI;Falta de atencao;Colisao lateral;Sem Vitimas;Plena noite
1210205;2012-11-30;Sexta;23:11:00;RJ;101;322.0;NITEROI;Outras;Colisao lateral;Sem Vitimas;Plena noite
1210217;2012-11-30;Sexta;23:00:00;RJ;101;322.0;NITEROI;Falta de atencao;Colisao lateral;Sem Vitimas;Plena noite
1210222;2012-11-30;Sexta;23:45:00;RJ;101;322.0;NITEROI;Falta de atencao;Colisao lateral;Sem Vitimas;Plena noite
1210312;2012-12-01;Sabado;05:45:00;RJ;101;321.0;NITEROI;Outras;Colisao traseira;Com Vitimas Feridas;Amanhecer
1210432;2012-12-01;Sabado;12:20:00;RJ;101;332.0;NITEROI;Nao guardar distancia de seguranca;Colisao traseira;Com Vitimas Feridas;Pleno dia
1210445;2012-12-01;Sabado;09:00:00;RJ;101;313.0;SAO GONCALO;Outras;Colisao traseira;Sem Vitimas;Pleno dia
1210539;2012-12-01;Sabado;06:00:00;RJ;101;322.0;NITEROI;Outras;Queda de motocicleta / bicicleta / veiculo;Com Vitimas Feridas;Pleno dia
1210876;2012-12-02;Domingo;10:00:00;RJ;101;332.0;RIO DE JANEIRO;Defeito mecanico em veiculo;Colisao com objeto movel;Sem Vitimas;Pleno dia
1210946;2012-12-02;Domingo;13:00:00;RJ;101;306.0;SAO GONCALO;Animais na Pista;Colisao lateral;Sem Vitimas;Pleno dia
1210970;2012-11-27;Terca;15:36:00;RJ;101;322.2;NITEROI;Outras;Colisao lateral;Sem Vitimas;Pleno dia
1211018;2012-10-24;Quarta;15:45:00;RJ;101;320.0;NITEROI;Nao guardar distancia de seguranca;Colisao traseira;Sem Vitimas;Pleno dia
1211029;2012-10-26;Sexta;22:30:00;RJ;101;322.0;NITEROI;Outras;Colisao lateral;Sem Vitimas;Plena noite
1211093;2012-12-02;Domingo;14:50:00;RJ;101;322.0;NITEROI;Ingestao de alcool;Colisao lateral;Sem Vitimas;Pleno dia
1211101;2012-12-02;Domingo;17:50:00;RJ;101;321.0;NITEROI;Outras;Colisao lateral;Sem Vitimas;Anoitecer
1211103;2012-12-02;Domingo;18:30:00;RJ;101;306.0;SAO GONCALO;Outras;Colisao traseira;Sem Vitimas;Anoitecer
1211180;2012-12-02;Domingo;20:30:00;RJ;101;311.0;SAO GONCALO;Falta de atencao;Colisao lateral;Sem Vitimas;Plena noite
1211250;2012-12-03;Segunda;00:10:00;RJ;101;332.0;RIO DE JANEIRO;Outras;Colisao traseira;Sem Vitimas;Plena noite
1211434;2012-12-03;Segunda;09:50:00;RJ;101;321.0;NITEROI;Outras;Colisao lateral;Sem Vitimas;Pleno dia
1211542;2012-09-08;Sabado;02:15:00;RJ;101;316.0;SAO GONCALO;Outras;Colisao frontal;Com Vitimas Fatais;Plena noite
1211593;2012-12-03;Segunda;15:15:00;RJ;101;324.0;NITEROI;Outras;Colisao com objeto fixo;Com Vitimas Feridas;Pleno dia
1211695;2012-11-30;Sexta;04:40:00;RJ;101;310.0;SAO GONCALO;Animais na Pista;Atropelamento de animal;Com Vitimas Feridas;Plena noite
1211743;2012-12-03;Segunda;19:53:00;RJ;101;334.0;RIO DE JANEIRO;Outras;Colisao lateral;Sem Vitimas;Plena noite
1211762;2012-12-01;Sabado;19:30:00;RJ;101;334.0;RIO DE JANEIRO;Falta de atencao;Colisao com objeto fixo;Com Vitimas Feridas;Plena noite
1211822;2012-12-03;Segunda;20:30:00;RJ;101;306.0;SAO GONCALO;Desobediencia a sinalizacao;Atropelamento de pessoa;Com Vitimas Fatais;Plena noite
1211844;2012-12-03;Segunda;17:00:00;RJ;101;327.0;NITEROI;Falta de atencao;Colisao traseira;Com Vitimas Feridas;Pleno dia
1211971;2012-11-24;Sabado;04:00:00;RJ;101;322.0;NITEROI;Outras;Colisao traseira;Sem Vitimas;Plena noite
1211993;2012-12-04;Terca;07:58:00;RJ;101;322.0;NITEROI;Nao guardar distancia de seguranca;Colisao lateral;Sem Vitimas;Pleno dia
1212107;2012-12-04;Terca;10:40:00;RJ;101;334.0;RIO DE JANEIRO;Falta de atencao;Queda de motocicleta / bicicleta / veiculo;Com Vitimas Feridas;Pleno dia
1212177;2012-12-04;Terca;12:35:00;RJ;101;300.0;SAO GONCALO;Outras;Colisao lateral;Com Vitimas Feridas;Pleno dia
1212344;2012-12-04;Terca;17:30:00;RJ;101;320.0;NITEROI;Outras;Colisao com objeto movel;Sem Vitimas;Pleno dia
1212537;2012-12-05;Quarta;07:00:00;RJ;101;308.0;SAO GONCALO;Outras;Capotamento;Sem Vitimas;Pleno dia
1212613;2012-12-05;Quarta;09:00:00;RJ;101;315.0;SAO GONCALO;Nao guardar distancia de seguranca;Colisao traseira;Sem Vitimas;Pleno dia
1212929;2012-12-05;Quarta;17:58:00;RJ;101;319.0;NITEROI;Outras;Colisao traseira;Sem Vitimas;Pleno dia
1213020;2012-12-05;Quarta;15:30:00;RJ;101;320.0;SAO GONCALO;Outras;Capotamento;Com Vitimas Fatais;Pleno dia
1213136;2012-12-06;Quinta;04:00:00;RJ;101;315.0;SAO GONCALO;Outras;Saida de Pista;Sem Vitimas;Plena noite
1213327;2012-12-05;Quarta;14:30:00;RJ;101;322.0;NITEROI;Outras;Colisao traseira;Sem Vitimas;Pleno dia
1213394;2012-12-06;Quinta;15:09:00;RJ;101;328.0;NITEROI;Outras;Colisao lateral;Sem Vitimas;Pleno dia
1213477;2012-12-06;Quinta;16:45:00;RJ;101;321.0;NITEROI;Outras;Colisao lateral;Sem Vitimas;Pleno dia
1213495;2012-12-06;Quinta;19:00:00;RJ;101;328.0;NITEROI;Outras;Colisao traseira;Sem Vitimas;Anoitecer
1213649;2012-12-06;Quinta;22:30:00;RJ;101;321.0;NITEROI;Outras;Colisao lateral;Sem Vitimas;Plena noite
1213659;2012-12-06;Quinta;23:30:00;RJ;101;321.0;NITEROI;Outras;Colisao lateral;Sem Vitimas;Plena noite
1213696;2012-12-07;Sexta;02:30:00;RJ;101;307.5;SAO GONCALO;Outras;Colisao traseira;Sem Vitimas;Plena noite
1213717;2012-12-07;Sexta;02:00:00;RJ;101;303.0;SAO GONCALO;Outras;Colisao traseira;Sem Vitimas;Plena noite
1213725;2012-11-29;Quinta;19:35:00;RJ;101;316.0;SAO GONCALO;Nao guardar distancia de seguranca;Colisao traseira;Sem Vitimas;Plena noite
1213761;2012-12-06;Quinta;21:22:00;RJ;101;320.0;NITEROI;Outras;Colisao com objeto fixo;Com Vitimas Feridas;Plena noite
1213890;2012-12-07;Sexta;11:20:00;RJ;101;318.0;SAO GONCALO;Outras;Colisao lateral;Sem Vitimas;Pleno dia
1214047;2012-12-03;Segunda;06:45:00;RJ;101;316.0;SAO GONCALO;Outras;Atropelamento de pessoa;Com Vitimas Feridas;Pleno dia
1214099;2012-12-07;Sexta;11:20:00;RJ;101;309.0;SAO GONCALO;Outras;Colisao com objeto fixo;Sem Vitimas;Pleno dia
1214122;2012-12-07;Sexta;19:40:00;RJ;101;310.0;SAO GONCALO;Outras;Colisao lateral;Sem Vitimas;Anoitecer
1214201;2012-12-07;Sexta;21:30:00;RJ;101;333.0;RIO DE JANEIRO;Outras;Colisao traseira;Sem Vitimas;Plena noite
1214214;2012-12-07;Sexta;23:00:00;RJ;101;322.0;NITEROI;Falta de atencao;Colisao lateral;Sem Vitimas;Plena noite
1214247;2012-12-07;Sexta;21:19:00;RJ;101;321.0;NITEROI;Falta de atencao;Colisao lateral;Sem Vitimas;Plena noite
1214393;2012-12-08;Sabado;07:10:00;RJ;101;321.0;NITEROI;Nao guardar distancia de seguranca;Colisao traseira;Sem Vitimas;Pleno dia
1214456;2012-12-08;Sabado;10:30:00;RJ;101;329.0;RIO DE JANEIRO;Nao guardar distancia de seguranca;Colisao traseira;Sem Vitimas;Pleno dia
1214457;2012-12-01;Sabado;04:00:00;RJ;101;309.0;SAO GONCALO;Outras;Colisao traseira;Sem Vitimas;Plena noite
1214461;2012-12-08;Sabado;10:50:00;RJ;101;303.0;SAO GONCALO;Falta de atencao;Colisao traseira;Sem Vitimas;Pleno dia
1214576;2012-12-08;Sabado;16:10:00;RJ;101;329.0;RIO DE JANEIRO;Falta de atencao;Colisao traseira;Sem Vitimas;Pleno dia
1214587;2012-10-07;Domingo;18:26:00;RJ;101;306.0;SAO GONCALO;Outras;Atropelamento de pessoa;Com Vitimas Feridas;Anoitecer
1214597;2012-12-08;Sabado;15:00:00;RJ;101;324.4;NITEROI;Nao guardar distancia de seguranca;Colisao traseira;Sem Vitimas;Pleno dia
1214621;2012-12-08;Sabado;17:00:00;RJ;101;326.0;NITEROI;Outras;Colisao traseira;Sem Vitimas;Pleno dia
1214788;2012-12-08;Sabado;23:00:00;RJ;101;322.0;NITEROI;Falta de atencao;Colisao traseira;Sem Vitimas;Plena noite
1214797;2012-12-08;Sabado;23:30:00;RJ;101;313.0;SAO GONCALO;Falta de atencao;Colisao traseira;Sem Vitimas;Plena noite
1214866;2012-11-23;Sexta;18:00:00;RJ;101;334.0;RIO DE JANEIRO;Falta de atencao;Colisao lateral;Com Vitimas Feridas;Anoitecer
1214871;2012-12-09;Domingo;05:30:00;RJ;101;318.0;NITEROI;Outras;Colisao lateral;Sem Vitimas;Amanhecer
1214894;2012-12-06;Quinta;00:10:00;RJ;101;315.0;SAO GONCALO;Velocidade incompativel;Colisao com objeto fixo;Sem Vitimas;Plena noite
1214909;2012-12-06;Quinta;01:40:00;RJ;101;312.0;SAO GONCALO;Falta de atencao;Colisao lateral;Sem Vitimas;Plena noite
1215397;2012-12-07;Sexta;03:30:00;RJ;101;311.0;SAO GONCALO;Outras;Saida de Pista;Com Vitimas Feridas;Plena noite
1215628;2012-12-10;Segunda;14:40:00;RJ;101;322.0;NITEROI;Nao guardar distancia de seguranca;Colisao traseira;Sem Vitimas;Pleno dia
1215681;2012-12-10;Segunda;15:08:00;RJ;101;325.0;NITEROI;Outras;Colisao traseira;Sem Vitimas;Pleno dia
1215745;2012-12-10;Segunda;17:40:00;RJ;101;334.0;RIO DE JANEIRO;Outras;Colisao traseira;Sem Vitimas;Pleno dia
1215826;2012-12-10;Segunda;20:10:00;RJ;101;322.0;NITEROI;Outras;Colisao lateral;Sem Vitimas;Plena noite
1215925;2012-12-10;Segunda;20:00:00;RJ;101;313.9;SAO GONCALO;Outras;Colisao traseira;Com Vitimas Feridas;Plena noite
1216026;2012-12-11;Terca;06:30:00;RJ;101;323.0;NITEROI;Outras;Colisao traseira;Sem Vitimas;Pleno dia
1216038;2012-12-11;Terca;06:30:00;RJ;101;322.0;NITEROI;Outras;Colisao traseira;Sem Vitimas;Pleno dia
1216128;2012-12-07;Sexta;23:30:00;RJ;101;318.0;SAO GONCALO;Outras;Colisao lateral;Sem Vitimas;Plena noite
1216202;2012-12-07;Sexta;23:30:00;RJ;101;312.0;SAO GONCALO;Outras;Colisao traseira;Sem Vitimas;Plena noite
1216238;2012-12-11;Terca;07:00:00;RJ;101;315.0;SAO GONCALO;Nao guardar distancia de seguranca;Colisao lateral;Com Vitimas Feridas;Pleno dia
1216327;2012-12-11;Terca;20:00:00;RJ;101;320.0;NITEROI;Outras;Colisao traseira;Sem Vitimas;Plena noite
1216464;2012-12-12;Quarta;01:32:00;RJ;101;333.0;RIO DE JANEIRO;Falta de atencao;Colisao traseira;Com Vitimas Feridas;Plena noite
1216480;2012-12-12;Quarta;02:30:00;RJ;101;333.0;RIO DE JANEIRO;Outras;Colisao lateral;Sem Vitimas;Plena noite
1216496;2012-12-11;Terca;18:45:00;RJ;101;322.0;NITEROI;Falta de atencao;Colisao lateral;Sem Vitimas;Pleno dia
1216519;2012-12-12;Quarta;06:30:00;RJ;101;323.0;NITEROI;Outras;Colisao com objeto fixo;Sem Vitimas;Amanhecer
1216589;2012-12-12;Quarta;06:20:00;RJ;101;322.0;NITEROI;Falta de atencao;Colisao traseira;Sem Vitimas;Amanhecer
1216608;2012-12-12;Quarta;10:00:00;RJ;101;312.0;SAO GONCALO;Falta de atencao;Colisao traseira;Sem Vitimas;Pleno dia
1217005;2012-12-08;Sabado;20:50:00;RJ;101;329.2;NITEROI;Falta de atencao;Colisao traseira;Com Vitimas Feridas;Plena noite
1217018;2012-12-09;Domingo;04:30:00;RJ;101;320.2;NITEROI;Falta de atencao;Queda de motocicleta / bicicleta / veiculo;Com Vitimas Feridas;Plena noite
1217087;2012-12-10;Segunda;20:30:00;RJ;101;315.0;SAO GONCALO;Outras;Queda de motocicleta / bicicleta / veiculo;Com Vitimas Feridas;Plena noite
1217285;2012-12-13;Quinta;08:30:00;RJ;101;318.0;SAO GONCALO;Outras;Colisao lateral;Com Vitimas Feridas;Pleno dia
1217329;2012-12-13;Quinta;13:00:00;RJ;101;319.0;NITEROI;Outras;Saida de Pista;Sem Vitimas;Pleno dia
1217387;2012-12-10;Segunda;20:30:00;RJ;101;313.0;SAO GONCALO;Falta de atencao;Colisao traseira;Sem Vitimas;Plena noite
1217503;2012-12-13;Quinta;16:30:00;RJ;101;309.0;SAO GONCALO;Outras;Colisao lateral;Sem Vitimas;Pleno dia
1217525;2012-02-10;Sexta;02:00:00;RJ;101;312.0;SAO GONCALO;Outras;Colisao com objeto fixo;Sem Vitimas;Plena noite
1217728;2012-12-14;Sexta;08:05:00;RJ;101;329.0;RIO DE JANEIRO;Outras;Colisao traseira;Sem Vitimas;Pleno dia
1217753;2012-12-14;Sexta;08:53:00;RJ;101;329.0;RIO DE JANEIRO;Outras;Colisao traseira;Sem Vitimas;Pleno dia
1217778;2012-12-13;Quinta;22:00:00;RJ;101;322.0;NITEROI;Falta de atencao;Colisao traseira;Sem Vitimas;Plena noite
1217862;2012-12-14;Sexta;12:26:00;RJ;101;334.0;RIO DE JANEIRO;Outras;Colisao traseira;Sem Vitimas;Pleno dia
1217884;2012-12-14;Sexta;12:20:00;RJ;101;323.0;NITEROI;Outras;Colisao lateral;Sem Vitimas;Pleno dia
1217947;2012-12-14;Sexta;14:58:00;RJ;101;322.0;NITEROI;Outras;Colisao traseira;Sem Vitimas;Pleno dia
1218016;2012-12-14;Sexta;17:00:00;RJ;101;322.0;NITEROI;Defeito mecanico em veiculo;Colisao traseira;Sem Vitimas;Pleno dia
1218208;2012-12-14;Sexta;22:40:00;RJ;101;334.0;RIO DE JANEIRO;Outras;Colisao lateral;Sem Vitimas;Plena noite
1218214;2012-12-14;Sexta;22:30:00;RJ;101;334.0;RIO DE JANEIRO;Outras;Colisao lateral;Sem Vitimas;Plena noite
1218325;2012-12-15;Sabado;04:02:00;RJ;101;334.0;RIO DE JANEIRO;Outras;Colisao lateral;Sem Vitimas;Plena noite
1218415;2012-12-12;Quarta;00:20:00;RJ;101;303.0;SAO GONCALO;Nao guardar distancia de seguranca;Colisao traseira;Sem Vitimas;Plena noite
1218479;2012-12-08;Sabado;00:40:00;RJ;101;328.0;NITEROI;Nao guardar distancia de seguranca;Colisao lateral;Sem Vitimas;Plena noite
1218484;2012-12-11;Terca;22:40:00;RJ;101;324.0;NITEROI;Outras;Colisao lateral;Sem Vitimas;Plena noite
1218528;2012-12-15;Sabado;12:30:00;RJ;101;328.0;RIO DE JANEIRO;Outras;Colisao traseira;Sem Vitimas;Pleno dia
1218630;2012-12-15;Sabado;11:30:00;RJ;101;319.0;SAO GONCALO;Outras;Colisao traseira;Sem Vitimas;Pleno dia
1218754;2012-12-15;Sabado;15:10:00;RJ;101;319.0;NITEROI;Outras;Colisao traseira;Com Vitimas Fatais;Pleno dia
1218975;2012-12-11;Terca;18:00:00;RJ;101;322.0;NITEROI;Outras;Colisao traseira;Sem Vitimas;Pleno dia
1219100;2012-12-12;Quarta;12:59:00;RJ;101;321.8;NITEROI;Outras;Danos Eventuais;Sem Vitimas;Pleno dia
1219103;2012-12-16;Domingo;08:05:00;RJ;101;313.0;SAO GONCALO;Outras;Colisao com objeto fixo;Com Vitimas Feridas;Pleno dia
1219133;2012-12-12;Quarta;06:21:00;RJ;101;323.0;NITEROI;Outras;Colisao traseira;Sem Vitimas;Pleno dia
1219147;2012-12-13;Quinta;09:30:00;RJ;101;332.9;RIO DE JANEIRO;Outras;Colisao traseira;Sem Vitimas;Pleno dia
1219163;2012-12-13;Quinta;08:30:00;RJ;101;333.4;RIO DE JANEIRO;Outras;Colisao traseira;Sem Vitimas;Pleno dia
1219605;2012-12-17;Segunda;07:00:00;RJ;101;304.0;SAO GONCALO;Dormindo;Saida de Pista;Sem Vitimas;Pleno dia
1219882;2012-12-16;Domingo;05:00:00;RJ;101;316.0;SAO GONCALO;Dormindo;Saida de Pista;Sem Vitimas;Plena noite
1220237;2012-12-15;Sabado;05:00:00;RJ;101;317.0;SAO GONCALO;Falta de atencao;Colisao com objeto fixo;Sem Vitimas;Amanhecer
1220250;2012-12-14;Sexta;23:15:00;RJ;101;320.0;SAO GONCALO;Outras;Tombamento;Sem Vitimas;Plena noite
1220312;2012-12-18;Terca;08:25:00;RJ;101;325.0;NITEROI;Outras;Colisao traseira;Sem Vitimas;Pleno dia
1220330;2012-12-18;Terca;09:03:00;RJ;101;331.0;RIO DE JANEIRO;Outras;Colisao traseira;Sem Vitimas;Pleno dia
1220499;2012-12-18;Terca;14:30:00;RJ;101;319.0;SAO GONCALO;Outras;Colisao traseira;Com Vitimas Feridas;Pleno dia
1220774;2012-12-18;Terca;22:40:00;RJ;101;322.0;NITEROI;Outras;Colisao traseira;Sem Vitimas;Plena noite
1220781;2012-12-18;Terca;20:30:00;RJ;101;310.0;SAO GONCALO;Outras;Atropelamento de pessoa;Com Vitimas Feridas;Plena noite
1220881;2012-12-13;Quinta;11:20:00;RJ;101;331.0;RIO DE JANEIRO;Outras;Colisao traseira;Sem Vitimas;Pleno dia
1220977;2012-12-19;Quarta;15:00:00;RJ;101;309.0;SAO GONCALO;Falta de atencao;Colisao traseira;Sem Vitimas;Pleno dia
1221002;2012-12-19;Quarta;15:15:00;RJ;101;322.0;NITEROI;Outras;Colisao lateral;Sem Vitimas;Pleno dia
1221033;2012-12-19;Quarta;06:35:00;RJ;101;314.0;SAO GONCALO;Falta de atencao;Colisao com bicicleta;Com Vitimas Feridas;Amanhecer
1221051;2012-12-11;Terca;19:30:00;RJ;101;318.0;SAO GONCALO;Outras;Colisao lateral;Sem Vitimas;Plena noite
1221077;2012-12-19;Quarta;10:50:00;RJ;101;329.0;RIO DE JANEIRO;Outras;Colisao lateral;Sem Vitimas;Pleno dia
1221247;2012-12-19;Quarta;20:25:00;RJ;101;322.0;NITEROI;Outras;Colisao lateral;Sem Vitimas;Plena noite
1221378;2012-12-19;Quarta;22:20:00;RJ;101;300.0;SAO GONCALO;Outras;Colisao traseira;Sem Vitimas;Pleno dia
1221649;2012-12-20;Quinta;12:20:00;RJ;101;320.0;NITEROI;Nao guardar distancia de seguranca;Colisao traseira;Sem Vitimas;Pleno dia
1221752;2012-12-20;Quinta;15:35:00;RJ;101;323.0;NITEROI;Defeito mecanico em veiculo;Colisao traseira;Sem Vitimas;Pleno dia
1221828;2012-12-20;Quinta;17:15:00;RJ;101;322.0;NITEROI;Falta de atencao;Colisao traseira;Sem Vitimas;Pleno dia
1221845;2012-12-20;Quinta;18:20:00;RJ;101;322.0;NITEROI;Falta de atencao;Colisao lateral;Sem Vitimas;Pleno dia
1221928;2012-12-20;Quinta;18:35:00;RJ;101;332.0;RIO DE JANEIRO;Falta de atencao;Colisao traseira;Sem Vitimas;Plena noite
1222003;2012-12-20;Quinta;22:00:00;RJ;101;318.0;SAO GONCALO;Outras;Colisao lateral;Sem Vitimas;Plena noite
1222345;2012-12-17;Segunda;14:00:00;RJ;101;330.5;RIO DE JANEIRO;Outras;Colisao lateral;Sem Vitimas;Pleno dia
1222405;2012-12-17;Segunda;21:30:00;RJ;101;318.0;SAO GONCALO;Outras;Saida de Pista;Sem Vitimas;Plena noite
1223030;2012-12-22;Sabado;07:00:00;RJ;101;313.0;SAO GONCALO;Outras;Colisao lateral;Com Vitimas Feridas;Pleno dia
1223190;2012-12-22;Sabado;11:00:00;RJ;101;303.0;SAO GONCALO;Outras;Colisao lateral;Sem Vitimas;Pleno dia
1223240;2012-12-22;Sabado;14:40:00;RJ;101;307.0;SAO GONCALO;Falta de atencao;Colisao lateral;Sem Vitimas;Pleno dia
1223266;2012-12-22;Sabado;17:00:00;RJ;101;329.0;RIO DE JANEIRO;Defeito mecanico em veiculo;Colisao traseira;Sem Vitimas;Pleno dia
1223285;2012-12-22;Sabado;17:45:00;RJ;101;329.0;RIO DE JANEIRO;Outras;Colisao traseira;Sem Vitimas;Pleno dia
1223858;2012-12-23;Domingo;13:45:00;RJ;101;326.0;NITEROI;Outras;Colisao lateral;Sem Vitimas;Pleno dia
1223867;2012-12-23;Domingo;13:00:00;RJ;101;325.0;NITEROI;Outras;Colisao lateral;Com Vitimas Feridas;Pleno dia
1224026;2012-12-23;Domingo;17:10:00;RJ;101;329.0;RIO DE JANEIRO;Outras;Colisao traseira;Sem Vitimas;Pleno dia
1224246;2012-12-19;Quarta;17:50:00;RJ;101;321.0;SAO GONCALO;Outras;Colisao traseira;Sem Vitimas;Anoitecer
1224394;2012-12-24;Segunda;10:50:00;RJ;101;322.0;NITEROI;Falta de atencao;Colisao traseira;Sem Vitimas;Pleno dia
1224728;2012-12-24;Segunda;20:20:00;RJ;101;312.0;SAO GONCALO;Outras;Colisao lateral;Sem Vitimas;Plena noite
1224841;2012-12-17;Segunda;22:10:00;RJ;101;333.0;RIO DE JANEIRO;Velocidade incompativel;Colisao com objeto fixo;Sem Vitimas;Plena noite
1224846;2012-12-21;Sexta;18:50:00;RJ;101;318.0;SAO GONCALO;Outras;Colisao com objeto fixo;Com Vitimas Feridas;Anoitecer
1225122;2012-12-25;Terca;16:50:00;RJ;101;329.0;NITEROI;Nao guardar distancia de seguranca;Colisao traseira;Sem Vitimas;Pleno dia
1225201;2012-12-25;Terca;21:20:00;RJ;101;323.0;NITEROI;Outras;Colisao traseira;Sem Vitimas;Plena noite
1225392;2012-12-26;Quarta;08:35:00;RJ;101;326.0;RIO DE JANEIRO;Outras;Colisao traseira;Sem Vitimas;Pleno dia
1225470;2012-12-09;Domingo;18:05:00;RJ;101;328.5;NITEROI;Nao guardar distancia de seguranca;Colisao traseira;Sem Vitimas;Pleno dia
1225488;2012-12-26;Quarta;11:45:00;RJ;101;328.0;NITEROI;Outras;Colisao traseira;Sem Vitimas;Pleno dia
1225550;2012-12-26;Quarta;13:57:00;RJ;101;320.0;NITEROI;Outras;Colisao traseira;Sem Vitimas;Pleno dia
1225571;2012-12-26;Quarta;13:40:00;RJ;101;321.0;NITEROI;Outras;Colisao lateral;Sem Vitimas;Pleno dia
1225651;2012-12-26;Quarta;15:30:00;RJ;101;325.0;NITEROI;Outras;Colisao lateral;Sem Vitimas;Pleno dia
1225697;2012-12-26;Quarta;14:46:00;RJ;101;323.0;NITEROI;Defeito mecanico em veiculo;Colisao traseira;Sem Vitimas;Pleno dia
1225844;2012-12-26;Quarta;19:10:00;RJ;101;324.0;NITEROI;Outras;Colisao traseira;Sem Vitimas;Anoitecer
1225875;2012-12-26;Quarta;19:00:00;RJ;101;301.0;SAO GONCALO;Outras;Colisao traseira;Sem Vitimas;Pleno dia
1225932;2012-12-22;Sabado;09:00:00;RJ;101;314.0;SAO GONCALO;Outras;Saida de Pista;Sem Vitimas;Pleno dia
1225988;2012-12-26;Quarta;17:30:00;RJ;101;313.0;SAO GONCALO;Nao guardar distancia de seguranca;Colisao lateral;Com Vitimas Feridas;Pleno dia
1226198;2012-12-27;Quinta;08:45:00;RJ;101;302.0;SAO GONCALO;Falta de atencao;Colisao traseira;Sem Vitimas;Pleno dia
1226296;2012-12-27;Quinta;11:50:00;RJ;101;302.0;SAO GONCALO;Outras;Colisao lateral;Sem Vitimas;Pleno dia
1226543;2012-12-27;Quinta;19:45:00;RJ;101;327.0;RIO DE JANEIRO;Outras;Colisao traseira;Sem Vitimas;Plena noite
1226764;2012-12-28;Sexta;09:50:00;RJ;101;303.0;SAO GONCALO;Falta de atencao;Colisao traseira;Sem Vitimas;Pleno dia
1226889;2012-12-20;Quinta;22:30:00;RJ;101;328.8;RIO DE JANEIRO;Falta de atencao;Colisao traseira;Com Vitimas Feridas;Plena noite
1226925;2012-12-28;Sexta;15:00:00;RJ;101;328.0;NITEROI;Outras;Danos Eventuais;Sem Vitimas;Pleno dia
1226940;2012-12-28;Sexta;16:20:00;RJ;101;310.0;SAO GONCALO;Outras;Colisao traseira;Sem Vitimas;Pleno dia
1226968;2012-12-28;Sexta;12:01:00;RJ;101;314.0;SAO GONCALO;Defeito mecanico em veiculo;Colisao traseira;Sem Vitimas;Pleno dia
1227004;2012-12-28;Sexta;17:00:00;RJ;101;310.0;SAO GONCALO;Outras;Colisao traseira;Sem Vitimas;Pleno dia
1227108;2012-12-28;Sexta;19:30:00;RJ;101;316.0;SAO GONCALO;Outras;Colisao lateral;Sem Vitimas;Anoitecer
1227283;2012-12-25;Terca;18:00:00;RJ;101;313.0;SAO GONCALO;Outras;Colisao traseira;Sem Vitimas;Anoitecer
1227347;2012-12-25;Terca;12:00:00;RJ;101;322.0;NITEROI;Nao guardar distancia de seguranca;Colisao traseira;Sem Vitimas;Pleno dia
1227364;2012-12-25;Terca;20:20:00;RJ;101;328.0;RIO DE JANEIRO;Falta de atencao;Colisao traseira;Sem Vitimas;Plena noite
1227556;2012-12-29;Sabado;09:30:00;RJ;101;306.0;SAO GONCALO;Outras;Colisao traseira;Sem Vitimas;Pleno dia
1227628;2012-12-29;Sabado;16:00:00;RJ;101;310.0;SAO GONCALO;Outras;Colisao traseira;Com Vitimas Feridas;Pleno dia
1228206;2012-12-30;Domingo;15:13:00;RJ;101;329.0;NITEROI;Outras;Colisao traseira;Sem Vitimas;Pleno dia
1228211;2012-12-30;Domingo;15:50:00;RJ;101;328.0;RIO DE JANEIRO;Falta de atencao;Colisao traseira;Sem Vitimas;Pleno dia
1228221;2012-12-30;Domingo;15:01:00;RJ;101;330.0;RIO DE JANEIRO;Outras;Colisao traseira;Sem Vitimas;Pleno dia
1228656;2012-12-31;Segunda;13:16:00;RJ;101;325.0;NITEROI;Outras;Colisao traseira;Sem Vitimas;Pleno dia
1229424;2012-12-24;Segunda;12:45:00;RJ;101;332.9;RIO DE JANEIRO;Outras;Colisao traseira;Com Vitimas Feridas;Pleno dia
1229444;2012-12-29;Sabado;14:00:00;RJ;101;312.0;SAO GONCALO;Falta de atencao;Colisao lateral;Com Vitimas Feridas;Pleno dia
1230575;2012-12-28;Sexta;11:20:00;RJ;101;320.0;NITEROI;Outras;Colisao traseira;Com Vitimas Feridas;Pleno dia
1230872;2012-12-31;Segunda;06:45:00;RJ;101;314.0;SAO GONCALO;Outras;Colisao traseira;Sem Vitimas;Pleno dia
1231257;2012-12-28;Sexta;18:30:00;RJ;101;332.3;RIO DE JANEIRO;Falta de atencao;Colisao com objeto movel;Com Vitimas Feridas;Pleno dia
1232502;2012-12-29;Sabado;13:10:00;RJ;101;322.0;NITEROI;Nao guardar distancia de seguranca;Colisao traseira;Sem Vitimas;Pleno dia
1232512;2012-12-13;Quinta;23:50:00;RJ;101;329.0;NITEROI;Defeito mecanico em veiculo;Colisao com objeto movel;Sem Vitimas;Plena noite
1232588;2012-12-29;Sabado;08:30:00;RJ;101;328.0;NITEROI;Falta de atencao;Colisao traseira;Sem Vitimas;Pleno dia
1233473;2012-11-11;Domingo;15:00:00;RJ;101;334.0;RIO DE JANEIRO;Defeito mecanico em veiculo;Colisao traseira;Com Vitimas Feridas;Pleno dia
1233545;2012-12-29;Sabado;18:00:00;RJ;101;322.0;NITEROI;Nao guardar distancia de seguranca;Colisao lateral;Sem Vitimas;Pleno dia
1236454;2012-12-14;Sexta;00:50:00;RJ;101;314.0;SAO GONCALO;Outras;Colisao com objeto fixo;Sem Vitimas;Plena noite
1239467;2012-12-22;Sabado;01:00:00;RJ;101;327.0;NITEROI;Outras;Colisao traseira;Sem Vitimas;Plena noite
1246567;2012-12-01;Sabado;18:30:00;RJ;101;310.0;SAO GONCALO;Animais na Pista;Colisao traseira;Sem Vitimas;Pleno dia
1246633;2012-09-13;Quinta;19:00:00;RJ;101;311.0;SAO GONCALO;Outras;Atropelamento de pessoa;Com Vitimas Feridas;Plena noite
1247251;2012-12-16;Domingo;03:30:00;RJ;101;311.0;SAO GONCALO;Ingestao de alcool;Saida de Pista;Com Vitimas Feridas;Plena noite
1247807;2012-12-08;Sabado;09:45:00;RJ;101;326.0;NITEROI;Nao guardar distancia de seguranca;Colisao traseira;Sem Vitimas;Pleno dia
1250560;2012-12-13;Quinta;21:30:00;RJ;101;322.0;NITEROI;Falta de atencao;Colisao lateral;Sem Vitimas;Plena noite
1252186;2012-12-25;Terca;17:20:00;RJ;101;329.0;NITEROI;Nao guardar distancia de seguranca;Colisao traseira;Sem Vitimas;Pleno dia
1259996;2012-03-01;Quinta;22:00:00;RJ;101;328.0;NITEROI;Outras;Colisao traseira;Sem Vitimas;Plena noite
1264819;2012-12-24;Segunda;13:40:00;RJ;101;305.0;SAO GONCALO;Nao guardar distancia de seguranca;Colisao traseira;Com Vitimas Feridas;Pleno dia
1269719;2012-02-19;Domingo;13:50:00;RJ;101;310.0;SAO GONCALO;Nao guardar distancia de seguranca;Colisao traseira;Sem Vitimas;Pleno dia
83106336;2012-11-29;Quinta;11:20:00;RJ;101;326.0;NITEROI;Falta de atencao;Colisao traseira;Com Vitimas Feridas;Pleno dia
83192978;2012-06-10;Domingo;21:25:00;RJ;101;318.5;SAO GONCALO;Outras;Saida de Pista;Com Vitimas Fatais;Plena noite
83268290;2012-10-30;Terca;12:00:00;RJ;101;302.0;SAO GONCALO;Outras;Colisao traseira;Com Vitimas Feridas;Pleno dia
